Python path:
/scratch/sameera/envs/apcodec/bin/python
GPU status:
Thu Apr 16 04:09:34 2026       
+-----------------------------------------------------------------------------------------+
| NVIDIA-SMI 580.126.20             Driver Version: 580.126.20     CUDA Version: 13.0     |
+-----------------------------------------+------------------------+----------------------+
| GPU  Name                 Persistence-M | Bus-Id          Disp.A | Volatile Uncorr. ECC |
| Fan  Temp   Perf          Pwr:Usage/Cap |           Memory-Usage | GPU-Util  Compute M. |
|                                         |                        |               MIG M. |
|=========================================+========================+======================|
|   0  NVIDIA H100 80GB HBM3          Off |   00000000:04:00.0 Off |                    0 |
| N/A   34C    P0             67W /  700W |       0MiB /  81559MiB |      0%      Default |
|                                         |                        |             Disabled |
+-----------------------------------------+------------------------+----------------------+

+-----------------------------------------------------------------------------------------+
| Processes:                                                                              |
|  GPU   GI   CI              PID   Type   Process name                        GPU Memory |
|        ID   ID                                                               Usage      |
|=========================================================================================|
|  No running processes found                                                             |
+-----------------------------------------------------------------------------------------+
Initializing Training Process..
Encoder: 
Encoder(
  (embed_logamp): Conv1d(513, 256, kernel_size=(7,), stride=(1,), padding=(3,))
  (embed_pha): Conv1d(513, 256, kernel_size=(7,), stride=(1,), padding=(3,))
  (norm_logamp): LayerNorm((256,), eps=1e-06, elementwise_affine=True)
  (norm_pha): LayerNorm((256,), eps=1e-06, elementwise_affine=True)
  (convnext_logamp): ModuleList(
    (0-7): 8 x ConvNeXtBlock(
      (dwconv): Conv1d(256, 256, kernel_size=(7,), stride=(1,), padding=(3,), groups=256)
      (norm): LayerNorm((256,), eps=1e-06, elementwise_affine=True)
      (pwconv1): Linear(in_features=256, out_features=512, bias=True)
      (act): GELU(approximate='none')
      (grn): GRN()
      (pwconv2): Linear(in_features=512, out_features=256, bias=True)
    )
  )
  (convnext_pha): ModuleList(
    (0-7): 8 x ConvNeXtBlock(
      (dwconv): Conv1d(256, 256, kernel_size=(7,), stride=(1,), padding=(3,), groups=256)
      (norm): LayerNorm((256,), eps=1e-06, elementwise_affine=True)
      (pwconv1): Linear(in_features=256, out_features=512, bias=True)
      (act): GELU(approximate='none')
      (grn): GRN()
      (pwconv2): Linear(in_features=512, out_features=256, bias=True)
    )
  )
  (final_layer_norm_logamp): LayerNorm((256,), eps=1e-06, elementwise_affine=True)
  (final_layer_norm_pha): LayerNorm((256,), eps=1e-06, elementwise_affine=True)
  (out_logamp): Linear(in_features=256, out_features=256, bias=True)
  (out_pha): Linear(in_features=256, out_features=256, bias=True)
  (AMP_Encoder_downsample_output_conv): Conv1d(256, 128, kernel_size=(7,), stride=(8,), padding=(3,))
  (PHA_Encoder_downsample_output_conv): Conv1d(256, 128, kernel_size=(7,), stride=(8,), padding=(3,))
  (latent_output_conv): Conv1d(256, 32, kernel_size=(7,), stride=(1,), padding=(3,))
  (quantizer): ResidualVectorQuantize(
    (quantizers): ModuleList(
      (0-3): 4 x VectorQuantize(
        (in_proj): Conv1d(32, 32, kernel_size=(1,), stride=(1,))
        (out_proj): Conv1d(32, 32, kernel_size=(1,), stride=(1,))
        (codebook): Embedding(1024, 32)
      )
    )
  )
)
Decoder: 
Decoder(
  (latent_input_conv): Conv1d(32, 256, kernel_size=(7,), stride=(1,), padding=(3,))
  (AMP_Decoder_upsample_input_conv): ConvTranspose1d(256, 256, kernel_size=(16,), stride=(8,), padding=(4,))
  (PHA_Decoder_upsample_input_conv): ConvTranspose1d(256, 256, kernel_size=(16,), stride=(8,), padding=(4,))
  (embed_logamp): Conv1d(256, 256, kernel_size=(7,), stride=(1,), padding=(3,))
  (embed_pha): Conv1d(256, 256, kernel_size=(7,), stride=(1,), padding=(3,))
  (norm_logamp): LayerNorm((256,), eps=1e-06, elementwise_affine=True)
  (norm_pha): LayerNorm((256,), eps=1e-06, elementwise_affine=True)
  (convnext_logamp): ModuleList(
    (0-7): 8 x ConvNeXtBlock(
      (dwconv): Conv1d(256, 256, kernel_size=(7,), stride=(1,), padding=(3,), groups=256)
      (norm): LayerNorm((256,), eps=1e-06, elementwise_affine=True)
      (pwconv1): Linear(in_features=256, out_features=512, bias=True)
      (act): GELU(approximate='none')
      (grn): GRN()
      (pwconv2): Linear(in_features=512, out_features=256, bias=True)
    )
  )
  (convnext_pha): ModuleList(
    (0-7): 8 x ConvNeXtBlock(
      (dwconv): Conv1d(256, 256, kernel_size=(7,), stride=(1,), padding=(3,), groups=256)
      (norm): LayerNorm((256,), eps=1e-06, elementwise_affine=True)
      (pwconv1): Linear(in_features=256, out_features=512, bias=True)
      (act): GELU(approximate='none')
      (grn): GRN()
      (pwconv2): Linear(in_features=512, out_features=256, bias=True)
    )
  )
  (final_layer_norm_logamp): LayerNorm((256,), eps=1e-06, elementwise_affine=True)
  (final_layer_norm_pha): LayerNorm((256,), eps=1e-06, elementwise_affine=True)
  (out_logamp): Linear(in_features=256, out_features=256, bias=True)
  (out_pha): Linear(in_features=256, out_features=256, bias=True)
  (AMP_Decoder_output_conv): Conv1d(256, 513, kernel_size=(7,), stride=(1,), padding=(3,))
  (PHA_Decoder_output_R_conv): Conv1d(256, 513, kernel_size=(7,), stride=(1,), padding=(3,))
  (PHA_Decoder_output_I_conv): Conv1d(256, 513, kernel_size=(7,), stride=(1,), padding=(3,))
)
checkpoints directory :  cp_Encoder_Decoder
Epoch: 1
Steps : 0, Gen Loss Total : 4487.959, Amplitude Loss : 68.094, Instantaneous Phase Loss : 1.571, Group Delay Loss : 1.567, Phase Time Difference Loss : 1.572, STFT Consistency Loss : 1.188, Real Part Loss : 0.790, Imaginary Part Loss : 0.774, Mel Spectrogram Loss : 3.229, Mel Spectrogram L2 Loss : 14.865, Commit Loss : 3.101, s/b : 2.963
warning: audio amplitude out of range, auto clipped.
warning: audio amplitude out of range, auto clipped.
warning: audio amplitude out of range, auto clipped.
Steps : 5, Gen Loss Total : 3394.447, Amplitude Loss : 51.409, Instantaneous Phase Loss : 1.572, Group Delay Loss : 1.479, Phase Time Difference Loss : 1.509, STFT Consistency Loss : 0.183, Real Part Loss : 0.364, Imaginary Part Loss : 0.355, Mel Spectrogram Loss : 2.677, Mel Spectrogram L2 Loss : 9.275, Commit Loss : 3.551, s/b : 0.119
Steps : 10, Gen Loss Total : 2365.761, Amplitude Loss : 29.310, Instantaneous Phase Loss : 1.571, Group Delay Loss : 1.299, Phase Time Difference Loss : 1.392, STFT Consistency Loss : 0.016, Real Part Loss : 0.155, Imaginary Part Loss : 0.146, Mel Spectrogram Loss : 2.149, Mel Spectrogram L2 Loss : 6.606, Commit Loss : 16.270, s/b : 0.189
Steps : 15, Gen Loss Total : 1230.867, Amplitude Loss : 9.873, Instantaneous Phase Loss : 1.572, Group Delay Loss : 1.159, Phase Time Difference Loss : 1.292, STFT Consistency Loss : 0.006, Real Part Loss : 0.128, Imaginary Part Loss : 0.122, Mel Spectrogram Loss : 1.447, Mel Spectrogram L2 Loss : 4.320, Commit Loss : 7.794, s/b : 0.118
Steps : 20, Gen Loss Total : 798.075, Amplitude Loss : 2.639, Instantaneous Phase Loss : 1.572, Group Delay Loss : 1.071, Phase Time Difference Loss : 1.220, STFT Consistency Loss : 0.008, Real Part Loss : 0.138, Imaginary Part Loss : 0.123, Mel Spectrogram Loss : 1.398, Mel Spectrogram L2 Loss : 3.669, Commit Loss : 2.745, s/b : 0.118
Steps : 25, Gen Loss Total : 824.222, Amplitude Loss : 2.462, Instantaneous Phase Loss : 1.572, Group Delay Loss : 0.981, Phase Time Difference Loss : 1.150, STFT Consistency Loss : 0.003, Real Part Loss : 0.216, Imaginary Part Loss : 0.193, Mel Spectrogram Loss : 1.507, Mel Spectrogram L2 Loss : 4.343, Commit Loss : 2.580, s/b : 0.121
Steps : 30, Gen Loss Total : 896.399, Amplitude Loss : 2.849, Instantaneous Phase Loss : 1.570, Group Delay Loss : 0.911, Phase Time Difference Loss : 1.094, STFT Consistency Loss : 0.010, Real Part Loss : 0.165, Imaginary Part Loss : 0.144, Mel Spectrogram Loss : 1.750, Mel Spectrogram L2 Loss : 5.895, Commit Loss : 2.220, s/b : 0.119
Steps : 35, Gen Loss Total : 714.029, Amplitude Loss : 1.634, Instantaneous Phase Loss : 1.571, Group Delay Loss : 0.858, Phase Time Difference Loss : 1.045, STFT Consistency Loss : 0.002, Real Part Loss : 0.131, Imaginary Part Loss : 0.120, Mel Spectrogram Loss : 1.400, Mel Spectrogram L2 Loss : 3.772, Commit Loss : 1.853, s/b : 0.154
Steps : 40, Gen Loss Total : 785.504, Amplitude Loss : 2.313, Instantaneous Phase Loss : 1.566, Group Delay Loss : 0.811, Phase Time Difference Loss : 1.004, STFT Consistency Loss : 0.002, Real Part Loss : 0.115, Imaginary Part Loss : 0.108, Mel Spectrogram Loss : 1.603, Mel Spectrogram L2 Loss : 4.822, Commit Loss : 1.656, s/b : 0.138
Steps : 45, Gen Loss Total : 778.895, Amplitude Loss : 2.270, Instantaneous Phase Loss : 1.575, Group Delay Loss : 0.776, Phase Time Difference Loss : 0.969, STFT Consistency Loss : 0.002, Real Part Loss : 0.147, Imaginary Part Loss : 0.132, Mel Spectrogram Loss : 1.581, Mel Spectrogram L2 Loss : 4.704, Commit Loss : 1.573, s/b : 0.123
Steps : 50, Gen Loss Total : 800.693, Amplitude Loss : 2.573, Instantaneous Phase Loss : 1.574, Group Delay Loss : 0.741, Phase Time Difference Loss : 0.931, STFT Consistency Loss : 0.008, Real Part Loss : 0.128, Imaginary Part Loss : 0.119, Mel Spectrogram Loss : 1.622, Mel Spectrogram L2 Loss : 5.069, Commit Loss : 1.505, s/b : 0.118
Steps : 55, Gen Loss Total : 841.802, Amplitude Loss : 2.591, Instantaneous Phase Loss : 1.575, Group Delay Loss : 0.717, Phase Time Difference Loss : 0.911, STFT Consistency Loss : 0.002, Real Part Loss : 0.135, Imaginary Part Loss : 0.127, Mel Spectrogram Loss : 1.821, Mel Spectrogram L2 Loss : 5.730, Commit Loss : 1.456, s/b : 0.117
Steps : 60, Gen Loss Total : 707.097, Amplitude Loss : 2.017, Instantaneous Phase Loss : 1.570, Group Delay Loss : 0.696, Phase Time Difference Loss : 0.891, STFT Consistency Loss : 0.002, Real Part Loss : 0.141, Imaginary Part Loss : 0.131, Mel Spectrogram Loss : 1.429, Mel Spectrogram L2 Loss : 3.901, Commit Loss : 1.410, s/b : 0.116
Steps : 65, Gen Loss Total : 718.899, Amplitude Loss : 1.951, Instantaneous Phase Loss : 1.572, Group Delay Loss : 0.676, Phase Time Difference Loss : 0.872, STFT Consistency Loss : 0.006, Real Part Loss : 0.173, Imaginary Part Loss : 0.163, Mel Spectrogram Loss : 1.451, Mel Spectrogram L2 Loss : 3.925, Commit Loss : 1.365, s/b : 0.165
Steps : 70, Gen Loss Total : 826.307, Amplitude Loss : 2.785, Instantaneous Phase Loss : 1.569, Group Delay Loss : 0.654, Phase Time Difference Loss : 0.854, STFT Consistency Loss : 0.001, Real Part Loss : 0.094, Imaginary Part Loss : 0.089, Mel Spectrogram Loss : 1.803, Mel Spectrogram L2 Loss : 5.699, Commit Loss : 1.319, s/b : 0.139
Steps : 75, Gen Loss Total : 698.137, Amplitude Loss : 2.075, Instantaneous Phase Loss : 1.571, Group Delay Loss : 0.638, Phase Time Difference Loss : 0.849, STFT Consistency Loss : 0.006, Real Part Loss : 0.104, Imaginary Part Loss : 0.101, Mel Spectrogram Loss : 1.419, Mel Spectrogram L2 Loss : 3.901, Commit Loss : 1.280, s/b : 0.120
Steps : 80, Gen Loss Total : 692.340, Amplitude Loss : 2.011, Instantaneous Phase Loss : 1.572, Group Delay Loss : 0.620, Phase Time Difference Loss : 0.836, STFT Consistency Loss : 0.004, Real Part Loss : 0.121, Imaginary Part Loss : 0.108, Mel Spectrogram Loss : 1.430, Mel Spectrogram L2 Loss : 3.815, Commit Loss : 1.233, s/b : 0.202
Steps : 85, Gen Loss Total : 684.495, Amplitude Loss : 1.691, Instantaneous Phase Loss : 1.568, Group Delay Loss : 0.610, Phase Time Difference Loss : 0.829, STFT Consistency Loss : 0.003, Real Part Loss : 0.150, Imaginary Part Loss : 0.131, Mel Spectrogram Loss : 1.345, Mel Spectrogram L2 Loss : 3.548, Commit Loss : 1.192, s/b : 0.116
Steps : 90, Gen Loss Total : 799.224, Amplitude Loss : 2.619, Instantaneous Phase Loss : 1.572, Group Delay Loss : 0.600, Phase Time Difference Loss : 0.821, STFT Consistency Loss : 0.001, Real Part Loss : 0.140, Imaginary Part Loss : 0.123, Mel Spectrogram Loss : 1.661, Mel Spectrogram L2 Loss : 5.112, Commit Loss : 1.149, s/b : 0.117
Steps : 95, Gen Loss Total : 803.060, Amplitude Loss : 2.598, Instantaneous Phase Loss : 1.567, Group Delay Loss : 0.584, Phase Time Difference Loss : 0.805, STFT Consistency Loss : 0.001, Real Part Loss : 0.112, Imaginary Part Loss : 0.103, Mel Spectrogram Loss : 1.661, Mel Spectrogram L2 Loss : 5.213, Commit Loss : 1.107, s/b : 0.121
Steps : 100, Gen Loss Total : 706.924, Amplitude Loss : 1.933, Instantaneous Phase Loss : 1.567, Group Delay Loss : 0.575, Phase Time Difference Loss : 0.799, STFT Consistency Loss : 0.002, Real Part Loss : 0.121, Imaginary Part Loss : 0.113, Mel Spectrogram Loss : 1.487, Mel Spectrogram L2 Loss : 3.998, Commit Loss : 1.064, s/b : 0.116
Steps : 105, Gen Loss Total : 819.523, Amplitude Loss : 2.349, Instantaneous Phase Loss : 1.570, Group Delay Loss : 0.567, Phase Time Difference Loss : 0.792, STFT Consistency Loss : 0.001, Real Part Loss : 0.164, Imaginary Part Loss : 0.154, Mel Spectrogram Loss : 1.690, Mel Spectrogram L2 Loss : 5.175, Commit Loss : 1.020, s/b : 0.122
Steps : 110, Gen Loss Total : 815.853, Amplitude Loss : 2.328, Instantaneous Phase Loss : 1.574, Group Delay Loss : 0.561, Phase Time Difference Loss : 0.789, STFT Consistency Loss : 0.001, Real Part Loss : 0.165, Imaginary Part Loss : 0.149, Mel Spectrogram Loss : 1.623, Mel Spectrogram L2 Loss : 5.114, Commit Loss : 0.980, s/b : 0.120
Steps : 115, Gen Loss Total : 729.800, Amplitude Loss : 1.963, Instantaneous Phase Loss : 1.573, Group Delay Loss : 0.557, Phase Time Difference Loss : 0.785, STFT Consistency Loss : 0.001, Real Part Loss : 0.148, Imaginary Part Loss : 0.130, Mel Spectrogram Loss : 1.461, Mel Spectrogram L2 Loss : 4.032, Commit Loss : 0.935, s/b : 0.140
Steps : 120, Gen Loss Total : 749.550, Amplitude Loss : 1.913, Instantaneous Phase Loss : 1.569, Group Delay Loss : 0.547, Phase Time Difference Loss : 0.775, STFT Consistency Loss : 0.001, Real Part Loss : 0.162, Imaginary Part Loss : 0.147, Mel Spectrogram Loss : 1.459, Mel Spectrogram L2 Loss : 4.264, Commit Loss : 0.894, s/b : 0.114
Time taken for epoch 1 is 152 sec

Epoch: 2
Steps : 125, Gen Loss Total : 706.186, Amplitude Loss : 2.072, Instantaneous Phase Loss : 1.576, Group Delay Loss : 0.539, Phase Time Difference Loss : 0.765, STFT Consistency Loss : 0.001, Real Part Loss : 0.095, Imaginary Part Loss : 0.085, Mel Spectrogram Loss : 1.476, Mel Spectrogram L2 Loss : 4.182, Commit Loss : 0.854, s/b : 0.259
Steps : 130, Gen Loss Total : 686.306, Amplitude Loss : 1.822, Instantaneous Phase Loss : 1.565, Group Delay Loss : 0.534, Phase Time Difference Loss : 0.758, STFT Consistency Loss : 0.000, Real Part Loss : 0.104, Imaginary Part Loss : 0.096, Mel Spectrogram Loss : 1.424, Mel Spectrogram L2 Loss : 3.854, Commit Loss : 0.812, s/b : 0.119
Steps : 135, Gen Loss Total : 827.523, Amplitude Loss : 2.468, Instantaneous Phase Loss : 1.569, Group Delay Loss : 0.530, Phase Time Difference Loss : 0.756, STFT Consistency Loss : 0.001, Real Part Loss : 0.136, Imaginary Part Loss : 0.124, Mel Spectrogram Loss : 1.764, Mel Spectrogram L2 Loss : 5.672, Commit Loss : 0.773, s/b : 0.120
Steps : 140, Gen Loss Total : 684.447, Amplitude Loss : 2.047, Instantaneous Phase Loss : 1.569, Group Delay Loss : 0.529, Phase Time Difference Loss : 0.754, STFT Consistency Loss : 0.001, Real Part Loss : 0.108, Imaginary Part Loss : 0.101, Mel Spectrogram Loss : 1.404, Mel Spectrogram L2 Loss : 3.814, Commit Loss : 0.734, s/b : 0.182
Steps : 145, Gen Loss Total : 738.560, Amplitude Loss : 1.981, Instantaneous Phase Loss : 1.570, Group Delay Loss : 0.524, Phase Time Difference Loss : 0.747, STFT Consistency Loss : 0.002, Real Part Loss : 0.146, Imaginary Part Loss : 0.133, Mel Spectrogram Loss : 1.492, Mel Spectrogram L2 Loss : 4.131, Commit Loss : 0.695, s/b : 0.171
Steps : 150, Gen Loss Total : 874.953, Amplitude Loss : 2.356, Instantaneous Phase Loss : 1.567, Group Delay Loss : 0.528, Phase Time Difference Loss : 0.754, STFT Consistency Loss : 0.001, Real Part Loss : 0.198, Imaginary Part Loss : 0.178, Mel Spectrogram Loss : 1.716, Mel Spectrogram L2 Loss : 5.314, Commit Loss : 0.659, s/b : 0.189
Steps : 155, Gen Loss Total : 741.114, Amplitude Loss : 1.782, Instantaneous Phase Loss : 1.570, Group Delay Loss : 0.519, Phase Time Difference Loss : 0.745, STFT Consistency Loss : 0.001, Real Part Loss : 0.158, Imaginary Part Loss : 0.147, Mel Spectrogram Loss : 1.381, Mel Spectrogram L2 Loss : 3.653, Commit Loss : 0.620, s/b : 0.128
Steps : 160, Gen Loss Total : 791.496, Amplitude Loss : 2.036, Instantaneous Phase Loss : 1.572, Group Delay Loss : 0.517, Phase Time Difference Loss : 0.742, STFT Consistency Loss : 0.003, Real Part Loss : 0.174, Imaginary Part Loss : 0.163, Mel Spectrogram Loss : 1.512, Mel Spectrogram L2 Loss : 4.240, Commit Loss : 0.585, s/b : 0.131
Steps : 165, Gen Loss Total : 648.214, Amplitude Loss : 1.628, Instantaneous Phase Loss : 1.567, Group Delay Loss : 0.509, Phase Time Difference Loss : 0.732, STFT Consistency Loss : 0.001, Real Part Loss : 0.105, Imaginary Part Loss : 0.095, Mel Spectrogram Loss : 1.279, Mel Spectrogram L2 Loss : 3.126, Commit Loss : 0.551, s/b : 0.176
Steps : 170, Gen Loss Total : 760.343, Amplitude Loss : 2.131, Instantaneous Phase Loss : 1.573, Group Delay Loss : 0.511, Phase Time Difference Loss : 0.734, STFT Consistency Loss : 0.001, Real Part Loss : 0.120, Imaginary Part Loss : 0.110, Mel Spectrogram Loss : 1.537, Mel Spectrogram L2 Loss : 4.357, Commit Loss : 0.521, s/b : 0.124
Steps : 175, Gen Loss Total : 703.356, Amplitude Loss : 1.790, Instantaneous Phase Loss : 1.570, Group Delay Loss : 0.513, Phase Time Difference Loss : 0.741, STFT Consistency Loss : 0.002, Real Part Loss : 0.138, Imaginary Part Loss : 0.131, Mel Spectrogram Loss : 1.324, Mel Spectrogram L2 Loss : 3.313, Commit Loss : 0.485, s/b : 0.235
Steps : 180, Gen Loss Total : 796.641, Amplitude Loss : 2.408, Instantaneous Phase Loss : 1.571, Group Delay Loss : 0.505, Phase Time Difference Loss : 0.727, STFT Consistency Loss : 0.003, Real Part Loss : 0.099, Imaginary Part Loss : 0.092, Mel Spectrogram Loss : 1.742, Mel Spectrogram L2 Loss : 5.371, Commit Loss : 0.456, s/b : 0.119
Steps : 185, Gen Loss Total : 791.635, Amplitude Loss : 2.066, Instantaneous Phase Loss : 1.569, Group Delay Loss : 0.508, Phase Time Difference Loss : 0.736, STFT Consistency Loss : 0.001, Real Part Loss : 0.138, Imaginary Part Loss : 0.124, Mel Spectrogram Loss : 1.464, Mel Spectrogram L2 Loss : 4.143, Commit Loss : 0.429, s/b : 0.187
Steps : 190, Gen Loss Total : 766.531, Amplitude Loss : 1.992, Instantaneous Phase Loss : 1.568, Group Delay Loss : 0.504, Phase Time Difference Loss : 0.730, STFT Consistency Loss : 0.001, Real Part Loss : 0.142, Imaginary Part Loss : 0.133, Mel Spectrogram Loss : 1.469, Mel Spectrogram L2 Loss : 4.199, Commit Loss : 0.399, s/b : 0.274
Steps : 195, Gen Loss Total : 765.622, Amplitude Loss : 2.020, Instantaneous Phase Loss : 1.576, Group Delay Loss : 0.505, Phase Time Difference Loss : 0.730, STFT Consistency Loss : 0.001, Real Part Loss : 0.118, Imaginary Part Loss : 0.105, Mel Spectrogram Loss : 1.504, Mel Spectrogram L2 Loss : 4.210, Commit Loss : 0.373, s/b : 0.138
Steps : 200, Gen Loss Total : 822.729, Amplitude Loss : 2.006, Instantaneous Phase Loss : 1.572, Group Delay Loss : 0.508, Phase Time Difference Loss : 0.734, STFT Consistency Loss : 0.001, Real Part Loss : 0.152, Imaginary Part Loss : 0.142, Mel Spectrogram Loss : 1.472, Mel Spectrogram L2 Loss : 4.185, Commit Loss : 0.348, s/b : 0.210
Steps : 205, Gen Loss Total : 826.134, Amplitude Loss : 2.345, Instantaneous Phase Loss : 1.572, Group Delay Loss : 0.502, Phase Time Difference Loss : 0.727, STFT Consistency Loss : 0.003, Real Part Loss : 0.145, Imaginary Part Loss : 0.134, Mel Spectrogram Loss : 1.622, Mel Spectrogram L2 Loss : 5.036, Commit Loss : 0.323, s/b : 0.289
Steps : 210, Gen Loss Total : 753.584, Amplitude Loss : 1.763, Instantaneous Phase Loss : 1.576, Group Delay Loss : 0.505, Phase Time Difference Loss : 0.733, STFT Consistency Loss : 0.001, Real Part Loss : 0.153, Imaginary Part Loss : 0.139, Mel Spectrogram Loss : 1.402, Mel Spectrogram L2 Loss : 3.686, Commit Loss : 0.304, s/b : 0.189
Steps : 215, Gen Loss Total : 956.519, Amplitude Loss : 2.795, Instantaneous Phase Loss : 1.568, Group Delay Loss : 0.512, Phase Time Difference Loss : 0.743, STFT Consistency Loss : 0.001, Real Part Loss : 0.213, Imaginary Part Loss : 0.195, Mel Spectrogram Loss : 1.721, Mel Spectrogram L2 Loss : 5.419, Commit Loss : 0.279, s/b : 0.246
Steps : 220, Gen Loss Total : 823.593, Amplitude Loss : 2.780, Instantaneous Phase Loss : 1.570, Group Delay Loss : 0.499, Phase Time Difference Loss : 0.723, STFT Consistency Loss : 0.001, Real Part Loss : 0.076, Imaginary Part Loss : 0.074, Mel Spectrogram Loss : 1.738, Mel Spectrogram L2 Loss : 5.524, Commit Loss : 0.260, s/b : 0.172
Steps : 225, Gen Loss Total : 682.111, Amplitude Loss : 1.892, Instantaneous Phase Loss : 1.568, Group Delay Loss : 0.498, Phase Time Difference Loss : 0.718, STFT Consistency Loss : 0.000, Real Part Loss : 0.084, Imaginary Part Loss : 0.078, Mel Spectrogram Loss : 1.365, Mel Spectrogram L2 Loss : 3.512, Commit Loss : 0.243, s/b : 0.324
Steps : 230, Gen Loss Total : 731.217, Amplitude Loss : 1.848, Instantaneous Phase Loss : 1.568, Group Delay Loss : 0.502, Phase Time Difference Loss : 0.724, STFT Consistency Loss : 0.001, Real Part Loss : 0.130, Imaginary Part Loss : 0.122, Mel Spectrogram Loss : 1.400, Mel Spectrogram L2 Loss : 3.737, Commit Loss : 0.221, s/b : 0.150
Steps : 235, Gen Loss Total : 941.925, Amplitude Loss : 2.954, Instantaneous Phase Loss : 1.573, Group Delay Loss : 0.510, Phase Time Difference Loss : 0.740, STFT Consistency Loss : 0.003, Real Part Loss : 0.163, Imaginary Part Loss : 0.152, Mel Spectrogram Loss : 1.711, Mel Spectrogram L2 Loss : 5.549, Commit Loss : 0.208, s/b : 0.133
Steps : 240, Gen Loss Total : 974.196, Amplitude Loss : 2.462, Instantaneous Phase Loss : 1.570, Group Delay Loss : 0.503, Phase Time Difference Loss : 0.727, STFT Consistency Loss : 0.001, Real Part Loss : 0.176, Imaginary Part Loss : 0.159, Mel Spectrogram Loss : 1.800, Mel Spectrogram L2 Loss : 5.580, Commit Loss : 0.193, s/b : 0.216
Steps : 245, Gen Loss Total : 747.591, Amplitude Loss : 1.583, Instantaneous Phase Loss : 1.573, Group Delay Loss : 0.496, Phase Time Difference Loss : 0.715, STFT Consistency Loss : 0.000, Real Part Loss : 0.106, Imaginary Part Loss : 0.099, Mel Spectrogram Loss : 1.370, Mel Spectrogram L2 Loss : 3.697, Commit Loss : 0.175, s/b : 0.116
Time taken for epoch 2 is 23 sec

Epoch: 3
Steps : 250, Gen Loss Total : 822.400, Amplitude Loss : 2.045, Instantaneous Phase Loss : 1.573, Group Delay Loss : 0.498, Phase Time Difference Loss : 0.724, STFT Consistency Loss : 0.002, Real Part Loss : 0.138, Imaginary Part Loss : 0.127, Mel Spectrogram Loss : 1.516, Mel Spectrogram L2 Loss : 4.190, Commit Loss : 0.161, s/b : 0.393
Steps : 255, Gen Loss Total : 736.805, Amplitude Loss : 2.231, Instantaneous Phase Loss : 1.570, Group Delay Loss : 0.494, Phase Time Difference Loss : 0.715, STFT Consistency Loss : 0.001, Real Part Loss : 0.071, Imaginary Part Loss : 0.064, Mel Spectrogram Loss : 1.592, Mel Spectrogram L2 Loss : 4.358, Commit Loss : 0.154, s/b : 0.167
Steps : 260, Gen Loss Total : 714.375, Amplitude Loss : 2.103, Instantaneous Phase Loss : 1.572, Group Delay Loss : 0.500, Phase Time Difference Loss : 0.725, STFT Consistency Loss : 0.000, Real Part Loss : 0.081, Imaginary Part Loss : 0.075, Mel Spectrogram Loss : 1.376, Mel Spectrogram L2 Loss : 3.833, Commit Loss : 0.142, s/b : 0.119
Steps : 265, Gen Loss Total : 856.645, Amplitude Loss : 2.220, Instantaneous Phase Loss : 1.568, Group Delay Loss : 0.499, Phase Time Difference Loss : 0.725, STFT Consistency Loss : 0.001, Real Part Loss : 0.110, Imaginary Part Loss : 0.103, Mel Spectrogram Loss : 1.521, Mel Spectrogram L2 Loss : 4.540, Commit Loss : 0.129, s/b : 0.464
Steps : 270, Gen Loss Total : 745.059, Amplitude Loss : 1.953, Instantaneous Phase Loss : 1.566, Group Delay Loss : 0.499, Phase Time Difference Loss : 0.726, STFT Consistency Loss : 0.002, Real Part Loss : 0.103, Imaginary Part Loss : 0.091, Mel Spectrogram Loss : 1.434, Mel Spectrogram L2 Loss : 3.914, Commit Loss : 0.116, s/b : 0.165
Steps : 275, Gen Loss Total : 963.258, Amplitude Loss : 1.697, Instantaneous Phase Loss : 1.568, Group Delay Loss : 0.504, Phase Time Difference Loss : 0.732, STFT Consistency Loss : 0.001, Real Part Loss : 0.195, Imaginary Part Loss : 0.176, Mel Spectrogram Loss : 1.417, Mel Spectrogram L2 Loss : 3.729, Commit Loss : 0.105, s/b : 0.138
Steps : 280, Gen Loss Total : 876.117, Amplitude Loss : 2.136, Instantaneous Phase Loss : 1.569, Group Delay Loss : 0.501, Phase Time Difference Loss : 0.728, STFT Consistency Loss : 0.002, Real Part Loss : 0.133, Imaginary Part Loss : 0.121, Mel Spectrogram Loss : 1.462, Mel Spectrogram L2 Loss : 4.251, Commit Loss : 0.099, s/b : 0.193
Steps : 285, Gen Loss Total : 878.848, Amplitude Loss : 2.082, Instantaneous Phase Loss : 1.569, Group Delay Loss : 0.497, Phase Time Difference Loss : 0.720, STFT Consistency Loss : 0.001, Real Part Loss : 0.134, Imaginary Part Loss : 0.124, Mel Spectrogram Loss : 1.545, Mel Spectrogram L2 Loss : 4.430, Commit Loss : 0.092, s/b : 0.185
Steps : 290, Gen Loss Total : 846.987, Amplitude Loss : 1.958, Instantaneous Phase Loss : 1.567, Group Delay Loss : 0.501, Phase Time Difference Loss : 0.727, STFT Consistency Loss : 0.001, Real Part Loss : 0.140, Imaginary Part Loss : 0.132, Mel Spectrogram Loss : 1.489, Mel Spectrogram L2 Loss : 4.101, Commit Loss : 0.088, s/b : 0.135
Steps : 295, Gen Loss Total : 869.107, Amplitude Loss : 2.436, Instantaneous Phase Loss : 1.567, Group Delay Loss : 0.503, Phase Time Difference Loss : 0.730, STFT Consistency Loss : 0.001, Real Part Loss : 0.136, Imaginary Part Loss : 0.133, Mel Spectrogram Loss : 1.608, Mel Spectrogram L2 Loss : 4.886, Commit Loss : 0.082, s/b : 0.234
Steps : 300, Gen Loss Total : 933.091, Amplitude Loss : 2.356, Instantaneous Phase Loss : 1.570, Group Delay Loss : 0.501, Phase Time Difference Loss : 0.727, STFT Consistency Loss : 0.002, Real Part Loss : 0.152, Imaginary Part Loss : 0.141, Mel Spectrogram Loss : 1.597, Mel Spectrogram L2 Loss : 4.790, Commit Loss : 0.076, s/b : 0.204
Steps : 305, Gen Loss Total : 845.744, Amplitude Loss : 1.986, Instantaneous Phase Loss : 1.574, Group Delay Loss : 0.497, Phase Time Difference Loss : 0.719, STFT Consistency Loss : 0.001, Real Part Loss : 0.133, Imaginary Part Loss : 0.124, Mel Spectrogram Loss : 1.498, Mel Spectrogram L2 Loss : 4.109, Commit Loss : 0.072, s/b : 0.200
Steps : 310, Gen Loss Total : 1024.313, Amplitude Loss : 2.281, Instantaneous Phase Loss : 1.574, Group Delay Loss : 0.502, Phase Time Difference Loss : 0.729, STFT Consistency Loss : 0.001, Real Part Loss : 0.176, Imaginary Part Loss : 0.157, Mel Spectrogram Loss : 1.667, Mel Spectrogram L2 Loss : 5.179, Commit Loss : 0.064, s/b : 0.236
Steps : 315, Gen Loss Total : 1053.024, Amplitude Loss : 2.824, Instantaneous Phase Loss : 1.572, Group Delay Loss : 0.500, Phase Time Difference Loss : 0.725, STFT Consistency Loss : 0.001, Real Part Loss : 0.156, Imaginary Part Loss : 0.146, Mel Spectrogram Loss : 1.783, Mel Spectrogram L2 Loss : 5.834, Commit Loss : 0.070, s/b : 0.147
Steps : 320, Gen Loss Total : 933.029, Amplitude Loss : 2.103, Instantaneous Phase Loss : 1.567, Group Delay Loss : 0.502, Phase Time Difference Loss : 0.726, STFT Consistency Loss : 0.001, Real Part Loss : 0.134, Imaginary Part Loss : 0.122, Mel Spectrogram Loss : 1.570, Mel Spectrogram L2 Loss : 4.411, Commit Loss : 0.061, s/b : 0.312
Steps : 325, Gen Loss Total : 877.928, Amplitude Loss : 2.363, Instantaneous Phase Loss : 1.570, Group Delay Loss : 0.502, Phase Time Difference Loss : 0.729, STFT Consistency Loss : 0.000, Real Part Loss : 0.111, Imaginary Part Loss : 0.102, Mel Spectrogram Loss : 1.595, Mel Spectrogram L2 Loss : 4.730, Commit Loss : 0.058, s/b : 0.171
Steps : 330, Gen Loss Total : 848.223, Amplitude Loss : 2.258, Instantaneous Phase Loss : 1.571, Group Delay Loss : 0.496, Phase Time Difference Loss : 0.722, STFT Consistency Loss : 0.001, Real Part Loss : 0.107, Imaginary Part Loss : 0.098, Mel Spectrogram Loss : 1.507, Mel Spectrogram L2 Loss : 4.434, Commit Loss : 0.057, s/b : 0.137
Steps : 335, Gen Loss Total : 1111.483, Amplitude Loss : 1.707, Instantaneous Phase Loss : 1.573, Group Delay Loss : 0.504, Phase Time Difference Loss : 0.730, STFT Consistency Loss : 0.003, Real Part Loss : 0.220, Imaginary Part Loss : 0.201, Mel Spectrogram Loss : 1.409, Mel Spectrogram L2 Loss : 3.691, Commit Loss : 0.055, s/b : 0.285
Steps : 340, Gen Loss Total : 1120.515, Amplitude Loss : 2.625, Instantaneous Phase Loss : 1.572, Group Delay Loss : 0.502, Phase Time Difference Loss : 0.733, STFT Consistency Loss : 0.002, Real Part Loss : 0.170, Imaginary Part Loss : 0.158, Mel Spectrogram Loss : 1.679, Mel Spectrogram L2 Loss : 5.423, Commit Loss : 0.057, s/b : 0.182
Steps : 345, Gen Loss Total : 1047.746, Amplitude Loss : 2.138, Instantaneous Phase Loss : 1.573, Group Delay Loss : 0.500, Phase Time Difference Loss : 0.730, STFT Consistency Loss : 0.001, Real Part Loss : 0.171, Imaginary Part Loss : 0.159, Mel Spectrogram Loss : 1.474, Mel Spectrogram L2 Loss : 4.337, Commit Loss : 0.047, s/b : 0.234
Steps : 350, Gen Loss Total : 1013.666, Amplitude Loss : 2.397, Instantaneous Phase Loss : 1.569, Group Delay Loss : 0.499, Phase Time Difference Loss : 0.727, STFT Consistency Loss : 0.002, Real Part Loss : 0.144, Imaginary Part Loss : 0.134, Mel Spectrogram Loss : 1.659, Mel Spectrogram L2 Loss : 5.027, Commit Loss : 0.050, s/b : 0.167
Steps : 355, Gen Loss Total : 844.025, Amplitude Loss : 1.942, Instantaneous Phase Loss : 1.570, Group Delay Loss : 0.496, Phase Time Difference Loss : 0.723, STFT Consistency Loss : 0.001, Real Part Loss : 0.120, Imaginary Part Loss : 0.115, Mel Spectrogram Loss : 1.391, Mel Spectrogram L2 Loss : 3.557, Commit Loss : 0.043, s/b : 0.252
Steps : 360, Gen Loss Total : 1096.290, Amplitude Loss : 2.566, Instantaneous Phase Loss : 1.572, Group Delay Loss : 0.500, Phase Time Difference Loss : 0.725, STFT Consistency Loss : 0.001, Real Part Loss : 0.148, Imaginary Part Loss : 0.137, Mel Spectrogram Loss : 1.719, Mel Spectrogram L2 Loss : 5.450, Commit Loss : 0.076, s/b : 0.229
Steps : 365, Gen Loss Total : 993.881, Amplitude Loss : 2.340, Instantaneous Phase Loss : 1.573, Group Delay Loss : 0.493, Phase Time Difference Loss : 0.718, STFT Consistency Loss : 0.001, Real Part Loss : 0.116, Imaginary Part Loss : 0.102, Mel Spectrogram Loss : 1.631, Mel Spectrogram L2 Loss : 4.916, Commit Loss : 0.089, s/b : 0.162
Steps : 370, Gen Loss Total : 876.376, Amplitude Loss : 2.124, Instantaneous Phase Loss : 1.570, Group Delay Loss : 0.498, Phase Time Difference Loss : 0.723, STFT Consistency Loss : 0.001, Real Part Loss : 0.117, Imaginary Part Loss : 0.104, Mel Spectrogram Loss : 1.498, Mel Spectrogram L2 Loss : 4.176, Commit Loss : 0.083, s/b : 0.117
Time taken for epoch 3 is 23 sec

Epoch: 4
Steps : 375, Gen Loss Total : 919.289, Amplitude Loss : 2.342, Instantaneous Phase Loss : 1.569, Group Delay Loss : 0.497, Phase Time Difference Loss : 0.725, STFT Consistency Loss : 0.001, Real Part Loss : 0.117, Imaginary Part Loss : 0.108, Mel Spectrogram Loss : 1.549, Mel Spectrogram L2 Loss : 4.613, Commit Loss : 0.074, s/b : 0.458
Steps : 380, Gen Loss Total : 800.205, Amplitude Loss : 1.778, Instantaneous Phase Loss : 1.570, Group Delay Loss : 0.497, Phase Time Difference Loss : 0.722, STFT Consistency Loss : 0.001, Real Part Loss : 0.113, Imaginary Part Loss : 0.104, Mel Spectrogram Loss : 1.329, Mel Spectrogram L2 Loss : 3.443, Commit Loss : 0.052, s/b : 0.136
Steps : 385, Gen Loss Total : 910.790, Amplitude Loss : 2.673, Instantaneous Phase Loss : 1.570, Group Delay Loss : 0.499, Phase Time Difference Loss : 0.724, STFT Consistency Loss : 0.000, Real Part Loss : 0.107, Imaginary Part Loss : 0.099, Mel Spectrogram Loss : 1.693, Mel Spectrogram L2 Loss : 5.299, Commit Loss : 0.068, s/b : 0.310
Steps : 390, Gen Loss Total : 1025.838, Amplitude Loss : 2.768, Instantaneous Phase Loss : 1.570, Group Delay Loss : 0.502, Phase Time Difference Loss : 0.730, STFT Consistency Loss : 0.000, Real Part Loss : 0.144, Imaginary Part Loss : 0.134, Mel Spectrogram Loss : 1.722, Mel Spectrogram L2 Loss : 5.443, Commit Loss : 0.068, s/b : 0.167
Steps : 395, Gen Loss Total : 836.564, Amplitude Loss : 1.618, Instantaneous Phase Loss : 1.573, Group Delay Loss : 0.496, Phase Time Difference Loss : 0.721, STFT Consistency Loss : 0.002, Real Part Loss : 0.135, Imaginary Part Loss : 0.123, Mel Spectrogram Loss : 1.285, Mel Spectrogram L2 Loss : 3.141, Commit Loss : 0.069, s/b : 0.312
Steps : 400, Gen Loss Total : 946.180, Amplitude Loss : 2.222, Instantaneous Phase Loss : 1.567, Group Delay Loss : 0.501, Phase Time Difference Loss : 0.727, STFT Consistency Loss : 0.004, Real Part Loss : 0.157, Imaginary Part Loss : 0.139, Mel Spectrogram Loss : 1.496, Mel Spectrogram L2 Loss : 4.486, Commit Loss : 0.074, s/b : 0.241
Steps : 405, Gen Loss Total : 1048.127, Amplitude Loss : 2.189, Instantaneous Phase Loss : 1.568, Group Delay Loss : 0.496, Phase Time Difference Loss : 0.726, STFT Consistency Loss : 0.002, Real Part Loss : 0.160, Imaginary Part Loss : 0.150, Mel Spectrogram Loss : 1.598, Mel Spectrogram L2 Loss : 4.680, Commit Loss : 0.079, s/b : 0.223
Steps : 410, Gen Loss Total : 864.160, Amplitude Loss : 2.026, Instantaneous Phase Loss : 1.563, Group Delay Loss : 0.495, Phase Time Difference Loss : 0.720, STFT Consistency Loss : 0.001, Real Part Loss : 0.110, Imaginary Part Loss : 0.103, Mel Spectrogram Loss : 1.441, Mel Spectrogram L2 Loss : 4.040, Commit Loss : 0.057, s/b : 0.123
Steps : 415, Gen Loss Total : 751.639, Amplitude Loss : 1.743, Instantaneous Phase Loss : 1.574, Group Delay Loss : 0.495, Phase Time Difference Loss : 0.723, STFT Consistency Loss : 0.001, Real Part Loss : 0.107, Imaginary Part Loss : 0.100, Mel Spectrogram Loss : 1.296, Mel Spectrogram L2 Loss : 3.243, Commit Loss : 0.061, s/b : 0.156
Steps : 420, Gen Loss Total : 735.620, Amplitude Loss : 2.112, Instantaneous Phase Loss : 1.571, Group Delay Loss : 0.500, Phase Time Difference Loss : 0.727, STFT Consistency Loss : 0.001, Real Part Loss : 0.091, Imaginary Part Loss : 0.083, Mel Spectrogram Loss : 1.389, Mel Spectrogram L2 Loss : 3.823, Commit Loss : 0.057, s/b : 0.235
Steps : 425, Gen Loss Total : 1073.282, Amplitude Loss : 2.244, Instantaneous Phase Loss : 1.574, Group Delay Loss : 0.502, Phase Time Difference Loss : 0.727, STFT Consistency Loss : 0.001, Real Part Loss : 0.177, Imaginary Part Loss : 0.165, Mel Spectrogram Loss : 1.572, Mel Spectrogram L2 Loss : 4.674, Commit Loss : 0.063, s/b : 0.183
Steps : 430, Gen Loss Total : 922.747, Amplitude Loss : 2.638, Instantaneous Phase Loss : 1.573, Group Delay Loss : 0.496, Phase Time Difference Loss : 0.724, STFT Consistency Loss : 0.001, Real Part Loss : 0.097, Imaginary Part Loss : 0.092, Mel Spectrogram Loss : 1.744, Mel Spectrogram L2 Loss : 5.439, Commit Loss : 0.082, s/b : 0.212
Steps : 435, Gen Loss Total : 1193.447, Amplitude Loss : 2.342, Instantaneous Phase Loss : 1.568, Group Delay Loss : 0.498, Phase Time Difference Loss : 0.726, STFT Consistency Loss : 0.000, Real Part Loss : 0.174, Imaginary Part Loss : 0.161, Mel Spectrogram Loss : 1.698, Mel Spectrogram L2 Loss : 5.107, Commit Loss : 0.061, s/b : 0.258
Steps : 440, Gen Loss Total : 969.058, Amplitude Loss : 2.154, Instantaneous Phase Loss : 1.571, Group Delay Loss : 0.495, Phase Time Difference Loss : 0.721, STFT Consistency Loss : 0.001, Real Part Loss : 0.130, Imaginary Part Loss : 0.119, Mel Spectrogram Loss : 1.524, Mel Spectrogram L2 Loss : 4.421, Commit Loss : 0.062, s/b : 0.212
Steps : 445, Gen Loss Total : 957.342, Amplitude Loss : 2.216, Instantaneous Phase Loss : 1.569, Group Delay Loss : 0.500, Phase Time Difference Loss : 0.727, STFT Consistency Loss : 0.001, Real Part Loss : 0.133, Imaginary Part Loss : 0.122, Mel Spectrogram Loss : 1.521, Mel Spectrogram L2 Loss : 4.274, Commit Loss : 0.054, s/b : 0.378
Steps : 450, Gen Loss Total : 951.922, Amplitude Loss : 1.878, Instantaneous Phase Loss : 1.569, Group Delay Loss : 0.498, Phase Time Difference Loss : 0.725, STFT Consistency Loss : 0.001, Real Part Loss : 0.150, Imaginary Part Loss : 0.138, Mel Spectrogram Loss : 1.426, Mel Spectrogram L2 Loss : 3.817, Commit Loss : 0.059, s/b : 0.169
Steps : 455, Gen Loss Total : 963.411, Amplitude Loss : 2.131, Instantaneous Phase Loss : 1.574, Group Delay Loss : 0.495, Phase Time Difference Loss : 0.722, STFT Consistency Loss : 0.002, Real Part Loss : 0.126, Imaginary Part Loss : 0.107, Mel Spectrogram Loss : 1.461, Mel Spectrogram L2 Loss : 4.162, Commit Loss : 0.094, s/b : 0.243
Steps : 460, Gen Loss Total : 1408.962, Amplitude Loss : 1.687, Instantaneous Phase Loss : 1.564, Group Delay Loss : 0.501, Phase Time Difference Loss : 0.731, STFT Consistency Loss : 0.001, Real Part Loss : 0.215, Imaginary Part Loss : 0.193, Mel Spectrogram Loss : 1.458, Mel Spectrogram L2 Loss : 3.987, Commit Loss : 0.056, s/b : 0.237
Steps : 465, Gen Loss Total : 1169.859, Amplitude Loss : 2.373, Instantaneous Phase Loss : 1.573, Group Delay Loss : 0.499, Phase Time Difference Loss : 0.728, STFT Consistency Loss : 0.001, Real Part Loss : 0.158, Imaginary Part Loss : 0.146, Mel Spectrogram Loss : 1.588, Mel Spectrogram L2 Loss : 4.628, Commit Loss : 0.156, s/b : 0.130
Steps : 470, Gen Loss Total : 942.360, Amplitude Loss : 2.068, Instantaneous Phase Loss : 1.571, Group Delay Loss : 0.497, Phase Time Difference Loss : 0.721, STFT Consistency Loss : 0.001, Real Part Loss : 0.118, Imaginary Part Loss : 0.110, Mel Spectrogram Loss : 1.496, Mel Spectrogram L2 Loss : 4.207, Commit Loss : 0.126, s/b : 0.195
Steps : 475, Gen Loss Total : 990.116, Amplitude Loss : 1.900, Instantaneous Phase Loss : 1.572, Group Delay Loss : 0.494, Phase Time Difference Loss : 0.720, STFT Consistency Loss : 0.001, Real Part Loss : 0.128, Imaginary Part Loss : 0.119, Mel Spectrogram Loss : 1.518, Mel Spectrogram L2 Loss : 4.208, Commit Loss : 0.135, s/b : 0.330
Steps : 480, Gen Loss Total : 927.211, Amplitude Loss : 1.970, Instantaneous Phase Loss : 1.572, Group Delay Loss : 0.492, Phase Time Difference Loss : 0.718, STFT Consistency Loss : 0.001, Real Part Loss : 0.113, Imaginary Part Loss : 0.106, Mel Spectrogram Loss : 1.440, Mel Spectrogram L2 Loss : 4.040, Commit Loss : 0.160, s/b : 0.187
Steps : 485, Gen Loss Total : 1059.370, Amplitude Loss : 2.340, Instantaneous Phase Loss : 1.570, Group Delay Loss : 0.498, Phase Time Difference Loss : 0.724, STFT Consistency Loss : 0.001, Real Part Loss : 0.121, Imaginary Part Loss : 0.112, Mel Spectrogram Loss : 1.612, Mel Spectrogram L2 Loss : 4.813, Commit Loss : 0.168, s/b : 0.267
Steps : 490, Gen Loss Total : 1078.364, Amplitude Loss : 2.124, Instantaneous Phase Loss : 1.572, Group Delay Loss : 0.494, Phase Time Difference Loss : 0.720, STFT Consistency Loss : 0.000, Real Part Loss : 0.128, Imaginary Part Loss : 0.114, Mel Spectrogram Loss : 1.588, Mel Spectrogram L2 Loss : 4.575, Commit Loss : 0.112, s/b : 0.312
Steps : 495, Gen Loss Total : 1190.013, Amplitude Loss : 1.757, Instantaneous Phase Loss : 1.566, Group Delay Loss : 0.499, Phase Time Difference Loss : 0.726, STFT Consistency Loss : 0.001, Real Part Loss : 0.176, Imaginary Part Loss : 0.166, Mel Spectrogram Loss : 1.384, Mel Spectrogram L2 Loss : 3.599, Commit Loss : 0.175, s/b : 0.117
Time taken for epoch 4 is 25 sec

Epoch: 5
Steps : 500, Gen Loss Total : 1234.193, Amplitude Loss : 2.251, Instantaneous Phase Loss : 1.562, Group Delay Loss : 0.503, Phase Time Difference Loss : 0.734, STFT Consistency Loss : 0.002, Real Part Loss : 0.183, Imaginary Part Loss : 0.172, Mel Spectrogram Loss : 1.556, Mel Spectrogram L2 Loss : 4.516, Commit Loss : 0.358, s/b : 0.418
Steps : 505, Gen Loss Total : 993.035, Amplitude Loss : 2.027, Instantaneous Phase Loss : 1.570, Group Delay Loss : 0.496, Phase Time Difference Loss : 0.722, STFT Consistency Loss : 0.001, Real Part Loss : 0.111, Imaginary Part Loss : 0.102, Mel Spectrogram Loss : 1.473, Mel Spectrogram L2 Loss : 3.936, Commit Loss : 0.155, s/b : 0.218
Steps : 510, Gen Loss Total : 1127.242, Amplitude Loss : 1.835, Instantaneous Phase Loss : 1.575, Group Delay Loss : 0.499, Phase Time Difference Loss : 0.729, STFT Consistency Loss : 0.001, Real Part Loss : 0.156, Imaginary Part Loss : 0.143, Mel Spectrogram Loss : 1.406, Mel Spectrogram L2 Loss : 3.745, Commit Loss : 0.112, s/b : 0.212
Steps : 515, Gen Loss Total : 868.635, Amplitude Loss : 2.142, Instantaneous Phase Loss : 1.567, Group Delay Loss : 0.491, Phase Time Difference Loss : 0.712, STFT Consistency Loss : 0.001, Real Part Loss : 0.084, Imaginary Part Loss : 0.077, Mel Spectrogram Loss : 1.533, Mel Spectrogram L2 Loss : 4.388, Commit Loss : 0.163, s/b : 0.254
Steps : 520, Gen Loss Total : 1149.803, Amplitude Loss : 2.267, Instantaneous Phase Loss : 1.572, Group Delay Loss : 0.499, Phase Time Difference Loss : 0.727, STFT Consistency Loss : 0.001, Real Part Loss : 0.159, Imaginary Part Loss : 0.146, Mel Spectrogram Loss : 1.541, Mel Spectrogram L2 Loss : 4.516, Commit Loss : 0.192, s/b : 0.220
Steps : 525, Gen Loss Total : 1303.037, Amplitude Loss : 2.557, Instantaneous Phase Loss : 1.570, Group Delay Loss : 0.503, Phase Time Difference Loss : 0.734, STFT Consistency Loss : 0.001, Real Part Loss : 0.150, Imaginary Part Loss : 0.140, Mel Spectrogram Loss : 1.663, Mel Spectrogram L2 Loss : 5.261, Commit Loss : 0.266, s/b : 0.229
Steps : 530, Gen Loss Total : 1118.085, Amplitude Loss : 1.609, Instantaneous Phase Loss : 1.568, Group Delay Loss : 0.496, Phase Time Difference Loss : 0.722, STFT Consistency Loss : 0.001, Real Part Loss : 0.140, Imaginary Part Loss : 0.127, Mel Spectrogram Loss : 1.335, Mel Spectrogram L2 Loss : 3.434, Commit Loss : 0.098, s/b : 0.176
Steps : 535, Gen Loss Total : 1009.113, Amplitude Loss : 1.793, Instantaneous Phase Loss : 1.569, Group Delay Loss : 0.493, Phase Time Difference Loss : 0.720, STFT Consistency Loss : 0.001, Real Part Loss : 0.124, Imaginary Part Loss : 0.116, Mel Spectrogram Loss : 1.400, Mel Spectrogram L2 Loss : 3.739, Commit Loss : 0.331, s/b : 0.127
Steps : 540, Gen Loss Total : 1098.257, Amplitude Loss : 2.088, Instantaneous Phase Loss : 1.568, Group Delay Loss : 0.495, Phase Time Difference Loss : 0.720, STFT Consistency Loss : 0.001, Real Part Loss : 0.137, Imaginary Part Loss : 0.130, Mel Spectrogram Loss : 1.524, Mel Spectrogram L2 Loss : 4.461, Commit Loss : 0.331, s/b : 0.223
Steps : 545, Gen Loss Total : 1156.795, Amplitude Loss : 2.078, Instantaneous Phase Loss : 1.572, Group Delay Loss : 0.498, Phase Time Difference Loss : 0.724, STFT Consistency Loss : 0.001, Real Part Loss : 0.136, Imaginary Part Loss : 0.122, Mel Spectrogram Loss : 1.561, Mel Spectrogram L2 Loss : 4.397, Commit Loss : 0.234, s/b : 0.227
Steps : 550, Gen Loss Total : 1347.423, Amplitude Loss : 2.390, Instantaneous Phase Loss : 1.574, Group Delay Loss : 0.493, Phase Time Difference Loss : 0.718, STFT Consistency Loss : 0.002, Real Part Loss : 0.148, Imaginary Part Loss : 0.140, Mel Spectrogram Loss : 1.791, Mel Spectrogram L2 Loss : 5.402, Commit Loss : 0.668, s/b : 0.129
Steps : 555, Gen Loss Total : 1124.805, Amplitude Loss : 2.152, Instantaneous Phase Loss : 1.561, Group Delay Loss : 0.494, Phase Time Difference Loss : 0.721, STFT Consistency Loss : 0.002, Real Part Loss : 0.124, Imaginary Part Loss : 0.118, Mel Spectrogram Loss : 1.624, Mel Spectrogram L2 Loss : 4.514, Commit Loss : 0.422, s/b : 0.197
Steps : 560, Gen Loss Total : 1618.353, Amplitude Loss : 2.682, Instantaneous Phase Loss : 1.566, Group Delay Loss : 0.505, Phase Time Difference Loss : 0.738, STFT Consistency Loss : 0.001, Real Part Loss : 0.215, Imaginary Part Loss : 0.196, Mel Spectrogram Loss : 1.713, Mel Spectrogram L2 Loss : 5.626, Commit Loss : 0.447, s/b : 0.225
Steps : 565, Gen Loss Total : 1175.133, Amplitude Loss : 2.442, Instantaneous Phase Loss : 1.572, Group Delay Loss : 0.500, Phase Time Difference Loss : 0.728, STFT Consistency Loss : 0.001, Real Part Loss : 0.130, Imaginary Part Loss : 0.121, Mel Spectrogram Loss : 1.509, Mel Spectrogram L2 Loss : 4.453, Commit Loss : 1.037, s/b : 0.192
Steps : 570, Gen Loss Total : 1469.361, Amplitude Loss : 2.533, Instantaneous Phase Loss : 1.568, Group Delay Loss : 0.495, Phase Time Difference Loss : 0.721, STFT Consistency Loss : 0.001, Real Part Loss : 0.150, Imaginary Part Loss : 0.143, Mel Spectrogram Loss : 1.749, Mel Spectrogram L2 Loss : 5.498, Commit Loss : 1.100, s/b : 0.204
Steps : 575, Gen Loss Total : 1152.735, Amplitude Loss : 2.238, Instantaneous Phase Loss : 1.573, Group Delay Loss : 0.497, Phase Time Difference Loss : 0.724, STFT Consistency Loss : 0.001, Real Part Loss : 0.140, Imaginary Part Loss : 0.129, Mel Spectrogram Loss : 1.563, Mel Spectrogram L2 Loss : 4.496, Commit Loss : 1.392, s/b : 0.121
Steps : 580, Gen Loss Total : 1223.970, Amplitude Loss : 2.062, Instantaneous Phase Loss : 1.575, Group Delay Loss : 0.500, Phase Time Difference Loss : 0.726, STFT Consistency Loss : 0.002, Real Part Loss : 0.140, Imaginary Part Loss : 0.130, Mel Spectrogram Loss : 1.517, Mel Spectrogram L2 Loss : 4.240, Commit Loss : 3.173, s/b : 0.226
Steps : 585, Gen Loss Total : 1128.873, Amplitude Loss : 7.053, Instantaneous Phase Loss : 1.577, Group Delay Loss : 0.545, Phase Time Difference Loss : 0.783, STFT Consistency Loss : 0.004, Real Part Loss : 0.133, Imaginary Part Loss : 0.120, Mel Spectrogram Loss : 1.595, Mel Spectrogram L2 Loss : 3.907, Commit Loss : 3.546, s/b : 0.174
Steps : 590, Gen Loss Total : 2091.796, Amplitude Loss : 25.225, Instantaneous Phase Loss : 1.567, Group Delay Loss : 0.618, Phase Time Difference Loss : 0.856, STFT Consistency Loss : 0.017, Real Part Loss : 0.165, Imaginary Part Loss : 0.154, Mel Spectrogram Loss : 2.453, Mel Spectrogram L2 Loss : 8.123, Commit Loss : 5.574, s/b : 0.149
Steps : 595, Gen Loss Total : 2708.310, Amplitude Loss : 34.524, Instantaneous Phase Loss : 1.569, Group Delay Loss : 0.637, Phase Time Difference Loss : 0.868, STFT Consistency Loss : 0.013, Real Part Loss : 0.135, Imaginary Part Loss : 0.131, Mel Spectrogram Loss : 3.157, Mel Spectrogram L2 Loss : 12.647, Commit Loss : 5.908, s/b : 0.238
Steps : 600, Gen Loss Total : 2741.609, Amplitude Loss : 35.854, Instantaneous Phase Loss : 1.574, Group Delay Loss : 0.650, Phase Time Difference Loss : 0.876, STFT Consistency Loss : 0.009, Real Part Loss : 0.152, Imaginary Part Loss : 0.149, Mel Spectrogram Loss : 3.081, Mel Spectrogram L2 Loss : 12.058, Commit Loss : 5.857, s/b : 0.132
Steps : 605, Gen Loss Total : 2806.044, Amplitude Loss : 36.110, Instantaneous Phase Loss : 1.574, Group Delay Loss : 0.654, Phase Time Difference Loss : 0.880, STFT Consistency Loss : 0.007, Real Part Loss : 0.178, Imaginary Part Loss : 0.170, Mel Spectrogram Loss : 3.103, Mel Spectrogram L2 Loss : 12.257, Commit Loss : 5.826, s/b : 0.187
Steps : 610, Gen Loss Total : 2736.021, Amplitude Loss : 35.522, Instantaneous Phase Loss : 1.573, Group Delay Loss : 0.660, Phase Time Difference Loss : 0.890, STFT Consistency Loss : 0.006, Real Part Loss : 0.193, Imaginary Part Loss : 0.184, Mel Spectrogram Loss : 2.940, Mel Spectrogram L2 Loss : 11.499, Commit Loss : 5.794, s/b : 0.126
Steps : 615, Gen Loss Total : 2743.733, Amplitude Loss : 35.966, Instantaneous Phase Loss : 1.570, Group Delay Loss : 0.650, Phase Time Difference Loss : 0.875, STFT Consistency Loss : 0.005, Real Part Loss : 0.165, Imaginary Part Loss : 0.157, Mel Spectrogram Loss : 2.964, Mel Spectrogram L2 Loss : 11.584, Commit Loss : 5.830, s/b : 0.253
Steps : 620, Gen Loss Total : 2639.300, Amplitude Loss : 34.891, Instantaneous Phase Loss : 1.567, Group Delay Loss : 0.650, Phase Time Difference Loss : 0.874, STFT Consistency Loss : 0.005, Real Part Loss : 0.199, Imaginary Part Loss : 0.188, Mel Spectrogram Loss : 2.788, Mel Spectrogram L2 Loss : 10.450, Commit Loss : 5.831, s/b : 0.113
Time taken for epoch 5 is 23 sec

Epoch: 6
Steps : 625, Gen Loss Total : 2752.639, Amplitude Loss : 35.914, Instantaneous Phase Loss : 1.573, Group Delay Loss : 0.650, Phase Time Difference Loss : 0.875, STFT Consistency Loss : 0.004, Real Part Loss : 0.159, Imaginary Part Loss : 0.151, Mel Spectrogram Loss : 3.012, Mel Spectrogram L2 Loss : 11.861, Commit Loss : 5.836, s/b : 0.392
Steps : 630, Gen Loss Total : 2636.059, Amplitude Loss : 34.623, Instantaneous Phase Loss : 1.572, Group Delay Loss : 0.654, Phase Time Difference Loss : 0.878, STFT Consistency Loss : 0.004, Real Part Loss : 0.184, Imaginary Part Loss : 0.174, Mel Spectrogram Loss : 2.718, Mel Spectrogram L2 Loss : 10.217, Commit Loss : 5.769, s/b : 0.225
Steps : 635, Gen Loss Total : 2748.810, Amplitude Loss : 35.671, Instantaneous Phase Loss : 1.571, Group Delay Loss : 0.654, Phase Time Difference Loss : 0.879, STFT Consistency Loss : 0.004, Real Part Loss : 0.159, Imaginary Part Loss : 0.152, Mel Spectrogram Loss : 3.095, Mel Spectrogram L2 Loss : 12.445, Commit Loss : 5.801, s/b : 0.286
Steps : 640, Gen Loss Total : 2648.121, Amplitude Loss : 34.904, Instantaneous Phase Loss : 1.571, Group Delay Loss : 0.655, Phase Time Difference Loss : 0.879, STFT Consistency Loss : 0.004, Real Part Loss : 0.183, Imaginary Part Loss : 0.175, Mel Spectrogram Loss : 2.798, Mel Spectrogram L2 Loss : 10.746, Commit Loss : 5.865, s/b : 0.211
Steps : 645, Gen Loss Total : 2574.555, Amplitude Loss : 34.533, Instantaneous Phase Loss : 1.571, Group Delay Loss : 0.654, Phase Time Difference Loss : 0.879, STFT Consistency Loss : 0.004, Real Part Loss : 0.164, Imaginary Part Loss : 0.155, Mel Spectrogram Loss : 2.631, Mel Spectrogram L2 Loss : 9.858, Commit Loss : 5.793, s/b : 0.230
Steps : 650, Gen Loss Total : 2597.628, Amplitude Loss : 34.564, Instantaneous Phase Loss : 1.572, Group Delay Loss : 0.652, Phase Time Difference Loss : 0.877, STFT Consistency Loss : 0.004, Real Part Loss : 0.179, Imaginary Part Loss : 0.164, Mel Spectrogram Loss : 2.664, Mel Spectrogram L2 Loss : 9.938, Commit Loss : 5.812, s/b : 0.259
Steps : 655, Gen Loss Total : 2640.920, Amplitude Loss : 34.543, Instantaneous Phase Loss : 1.569, Group Delay Loss : 0.651, Phase Time Difference Loss : 0.873, STFT Consistency Loss : 0.004, Real Part Loss : 0.193, Imaginary Part Loss : 0.179, Mel Spectrogram Loss : 2.684, Mel Spectrogram L2 Loss : 9.991, Commit Loss : 5.828, s/b : 0.229
Steps : 660, Gen Loss Total : 2614.454, Amplitude Loss : 34.501, Instantaneous Phase Loss : 1.571, Group Delay Loss : 0.651, Phase Time Difference Loss : 0.871, STFT Consistency Loss : 0.004, Real Part Loss : 0.224, Imaginary Part Loss : 0.210, Mel Spectrogram Loss : 2.713, Mel Spectrogram L2 Loss : 10.179, Commit Loss : 5.746, s/b : 0.221
Steps : 665, Gen Loss Total : 2643.533, Amplitude Loss : 34.765, Instantaneous Phase Loss : 1.568, Group Delay Loss : 0.650, Phase Time Difference Loss : 0.872, STFT Consistency Loss : 0.003, Real Part Loss : 0.202, Imaginary Part Loss : 0.192, Mel Spectrogram Loss : 2.844, Mel Spectrogram L2 Loss : 10.761, Commit Loss : 5.783, s/b : 0.268
Steps : 670, Gen Loss Total : 2677.000, Amplitude Loss : 34.967, Instantaneous Phase Loss : 1.569, Group Delay Loss : 0.652, Phase Time Difference Loss : 0.876, STFT Consistency Loss : 0.003, Real Part Loss : 0.190, Imaginary Part Loss : 0.182, Mel Spectrogram Loss : 2.845, Mel Spectrogram L2 Loss : 10.917, Commit Loss : 5.723, s/b : 0.219
Steps : 675, Gen Loss Total : 2660.879, Amplitude Loss : 34.793, Instantaneous Phase Loss : 1.570, Group Delay Loss : 0.647, Phase Time Difference Loss : 0.866, STFT Consistency Loss : 0.003, Real Part Loss : 0.189, Imaginary Part Loss : 0.178, Mel Spectrogram Loss : 2.868, Mel Spectrogram L2 Loss : 10.941, Commit Loss : 5.750, s/b : 0.217
Steps : 680, Gen Loss Total : 2693.768, Amplitude Loss : 35.698, Instantaneous Phase Loss : 1.570, Group Delay Loss : 0.645, Phase Time Difference Loss : 0.864, STFT Consistency Loss : 0.003, Real Part Loss : 0.143, Imaginary Part Loss : 0.137, Mel Spectrogram Loss : 2.970, Mel Spectrogram L2 Loss : 11.495, Commit Loss : 5.798, s/b : 0.238
Steps : 685, Gen Loss Total : 2586.993, Amplitude Loss : 34.253, Instantaneous Phase Loss : 1.565, Group Delay Loss : 0.653, Phase Time Difference Loss : 0.878, STFT Consistency Loss : 0.003, Real Part Loss : 0.200, Imaginary Part Loss : 0.189, Mel Spectrogram Loss : 2.662, Mel Spectrogram L2 Loss : 9.978, Commit Loss : 5.681, s/b : 0.221
Steps : 690, Gen Loss Total : 2558.675, Amplitude Loss : 34.094, Instantaneous Phase Loss : 1.571, Group Delay Loss : 0.650, Phase Time Difference Loss : 0.872, STFT Consistency Loss : 0.003, Real Part Loss : 0.209, Imaginary Part Loss : 0.197, Mel Spectrogram Loss : 2.619, Mel Spectrogram L2 Loss : 9.761, Commit Loss : 5.688, s/b : 0.226
Steps : 695, Gen Loss Total : 2619.996, Amplitude Loss : 34.747, Instantaneous Phase Loss : 1.571, Group Delay Loss : 0.648, Phase Time Difference Loss : 0.872, STFT Consistency Loss : 0.003, Real Part Loss : 0.166, Imaginary Part Loss : 0.157, Mel Spectrogram Loss : 2.784, Mel Spectrogram L2 Loss : 10.435, Commit Loss : 5.718, s/b : 0.223
Steps : 700, Gen Loss Total : 2630.653, Amplitude Loss : 34.827, Instantaneous Phase Loss : 1.564, Group Delay Loss : 0.648, Phase Time Difference Loss : 0.870, STFT Consistency Loss : 0.003, Real Part Loss : 0.178, Imaginary Part Loss : 0.172, Mel Spectrogram Loss : 2.848, Mel Spectrogram L2 Loss : 10.857, Commit Loss : 5.684, s/b : 0.243
Steps : 705, Gen Loss Total : 2792.357, Amplitude Loss : 35.741, Instantaneous Phase Loss : 1.569, Group Delay Loss : 0.646, Phase Time Difference Loss : 0.867, STFT Consistency Loss : 0.003, Real Part Loss : 0.185, Imaginary Part Loss : 0.178, Mel Spectrogram Loss : 3.144, Mel Spectrogram L2 Loss : 12.403, Commit Loss : 5.674, s/b : 0.223
Steps : 710, Gen Loss Total : 2592.788, Amplitude Loss : 34.330, Instantaneous Phase Loss : 1.571, Group Delay Loss : 0.645, Phase Time Difference Loss : 0.867, STFT Consistency Loss : 0.003, Real Part Loss : 0.176, Imaginary Part Loss : 0.167, Mel Spectrogram Loss : 2.661, Mel Spectrogram L2 Loss : 9.938, Commit Loss : 5.657, s/b : 0.221
Steps : 715, Gen Loss Total : 2640.378, Amplitude Loss : 34.414, Instantaneous Phase Loss : 1.568, Group Delay Loss : 0.647, Phase Time Difference Loss : 0.872, STFT Consistency Loss : 0.003, Real Part Loss : 0.224, Imaginary Part Loss : 0.214, Mel Spectrogram Loss : 2.725, Mel Spectrogram L2 Loss : 10.254, Commit Loss : 5.709, s/b : 0.221
Steps : 720, Gen Loss Total : 2720.045, Amplitude Loss : 35.399, Instantaneous Phase Loss : 1.566, Group Delay Loss : 0.642, Phase Time Difference Loss : 0.866, STFT Consistency Loss : 0.003, Real Part Loss : 0.166, Imaginary Part Loss : 0.158, Mel Spectrogram Loss : 3.013, Mel Spectrogram L2 Loss : 11.809, Commit Loss : 5.619, s/b : 0.208
Steps : 725, Gen Loss Total : 2544.036, Amplitude Loss : 34.419, Instantaneous Phase Loss : 1.567, Group Delay Loss : 0.643, Phase Time Difference Loss : 0.866, STFT Consistency Loss : 0.003, Real Part Loss : 0.136, Imaginary Part Loss : 0.133, Mel Spectrogram Loss : 2.651, Mel Spectrogram L2 Loss : 9.781, Commit Loss : 5.694, s/b : 0.220
Steps : 730, Gen Loss Total : 2594.024, Amplitude Loss : 34.560, Instantaneous Phase Loss : 1.571, Group Delay Loss : 0.640, Phase Time Difference Loss : 0.863, STFT Consistency Loss : 0.003, Real Part Loss : 0.169, Imaginary Part Loss : 0.162, Mel Spectrogram Loss : 2.755, Mel Spectrogram L2 Loss : 10.262, Commit Loss : 5.576, s/b : 0.229
Steps : 735, Gen Loss Total : 2752.117, Amplitude Loss : 35.996, Instantaneous Phase Loss : 1.568, Group Delay Loss : 0.637, Phase Time Difference Loss : 0.859, STFT Consistency Loss : 0.003, Real Part Loss : 0.113, Imaginary Part Loss : 0.108, Mel Spectrogram Loss : 3.145, Mel Spectrogram L2 Loss : 12.539, Commit Loss : 5.579, s/b : 0.243
Steps : 740, Gen Loss Total : 2677.317, Amplitude Loss : 34.481, Instantaneous Phase Loss : 1.571, Group Delay Loss : 0.643, Phase Time Difference Loss : 0.867, STFT Consistency Loss : 0.003, Real Part Loss : 0.198, Imaginary Part Loss : 0.183, Mel Spectrogram Loss : 2.848, Mel Spectrogram L2 Loss : 10.850, Commit Loss : 5.608, s/b : 0.228
Steps : 745, Gen Loss Total : 2556.375, Amplitude Loss : 34.165, Instantaneous Phase Loss : 1.570, Group Delay Loss : 0.638, Phase Time Difference Loss : 0.861, STFT Consistency Loss : 0.003, Real Part Loss : 0.166, Imaginary Part Loss : 0.156, Mel Spectrogram Loss : 2.591, Mel Spectrogram L2 Loss : 9.602, Commit Loss : 5.637, s/b : 0.114
Time taken for epoch 6 is 28 sec

Epoch: 7
Steps : 750, Gen Loss Total : 2646.925, Amplitude Loss : 34.721, Instantaneous Phase Loss : 1.566, Group Delay Loss : 0.640, Phase Time Difference Loss : 0.866, STFT Consistency Loss : 0.003, Real Part Loss : 0.155, Imaginary Part Loss : 0.144, Mel Spectrogram Loss : 2.831, Mel Spectrogram L2 Loss : 11.010, Commit Loss : 5.547, s/b : 0.365
Steps : 755, Gen Loss Total : 2612.489, Amplitude Loss : 34.621, Instantaneous Phase Loss : 1.572, Group Delay Loss : 0.640, Phase Time Difference Loss : 0.863, STFT Consistency Loss : 0.003, Real Part Loss : 0.166, Imaginary Part Loss : 0.156, Mel Spectrogram Loss : 2.786, Mel Spectrogram L2 Loss : 10.471, Commit Loss : 5.608, s/b : 0.209
Steps : 760, Gen Loss Total : 2693.443, Amplitude Loss : 35.068, Instantaneous Phase Loss : 1.570, Group Delay Loss : 0.639, Phase Time Difference Loss : 0.864, STFT Consistency Loss : 0.003, Real Part Loss : 0.183, Imaginary Part Loss : 0.174, Mel Spectrogram Loss : 2.949, Mel Spectrogram L2 Loss : 11.511, Commit Loss : 5.589, s/b : 0.221
Steps : 765, Gen Loss Total : 2651.620, Amplitude Loss : 34.761, Instantaneous Phase Loss : 1.573, Group Delay Loss : 0.639, Phase Time Difference Loss : 0.865, STFT Consistency Loss : 0.003, Real Part Loss : 0.174, Imaginary Part Loss : 0.168, Mel Spectrogram Loss : 2.881, Mel Spectrogram L2 Loss : 11.062, Commit Loss : 5.646, s/b : 0.232
Steps : 770, Gen Loss Total : 2627.444, Amplitude Loss : 34.968, Instantaneous Phase Loss : 1.570, Group Delay Loss : 0.636, Phase Time Difference Loss : 0.860, STFT Consistency Loss : 0.003, Real Part Loss : 0.129, Imaginary Part Loss : 0.120, Mel Spectrogram Loss : 2.831, Mel Spectrogram L2 Loss : 10.773, Commit Loss : 5.647, s/b : 0.218
Steps : 775, Gen Loss Total : 2667.219, Amplitude Loss : 34.718, Instantaneous Phase Loss : 1.572, Group Delay Loss : 0.639, Phase Time Difference Loss : 0.864, STFT Consistency Loss : 0.003, Real Part Loss : 0.173, Imaginary Part Loss : 0.165, Mel Spectrogram Loss : 2.876, Mel Spectrogram L2 Loss : 11.172, Commit Loss : 5.607, s/b : 0.203
Steps : 780, Gen Loss Total : 2606.777, Amplitude Loss : 33.756, Instantaneous Phase Loss : 1.570, Group Delay Loss : 0.639, Phase Time Difference Loss : 0.869, STFT Consistency Loss : 0.003, Real Part Loss : 0.247, Imaginary Part Loss : 0.229, Mel Spectrogram Loss : 2.626, Mel Spectrogram L2 Loss : 9.723, Commit Loss : 5.543, s/b : 0.237
Steps : 785, Gen Loss Total : 2685.467, Amplitude Loss : 35.075, Instantaneous Phase Loss : 1.571, Group Delay Loss : 0.633, Phase Time Difference Loss : 0.860, STFT Consistency Loss : 0.004, Real Part Loss : 0.146, Imaginary Part Loss : 0.139, Mel Spectrogram Loss : 2.883, Mel Spectrogram L2 Loss : 11.397, Commit Loss : 5.557, s/b : 0.235
Steps : 790, Gen Loss Total : 2541.307, Amplitude Loss : 34.219, Instantaneous Phase Loss : 1.571, Group Delay Loss : 0.635, Phase Time Difference Loss : 0.865, STFT Consistency Loss : 0.003, Real Part Loss : 0.154, Imaginary Part Loss : 0.147, Mel Spectrogram Loss : 2.614, Mel Spectrogram L2 Loss : 9.780, Commit Loss : 5.546, s/b : 0.225
Steps : 795, Gen Loss Total : 2627.207, Amplitude Loss : 34.653, Instantaneous Phase Loss : 1.567, Group Delay Loss : 0.634, Phase Time Difference Loss : 0.860, STFT Consistency Loss : 0.003, Real Part Loss : 0.159, Imaginary Part Loss : 0.152, Mel Spectrogram Loss : 2.875, Mel Spectrogram L2 Loss : 10.909, Commit Loss : 5.599, s/b : 0.216
Steps : 800, Gen Loss Total : 2565.209, Amplitude Loss : 34.163, Instantaneous Phase Loss : 1.570, Group Delay Loss : 0.632, Phase Time Difference Loss : 0.859, STFT Consistency Loss : 0.003, Real Part Loss : 0.162, Imaginary Part Loss : 0.154, Mel Spectrogram Loss : 2.598, Mel Spectrogram L2 Loss : 9.749, Commit Loss : 5.610, s/b : 0.219
Steps : 805, Gen Loss Total : 2688.253, Amplitude Loss : 35.470, Instantaneous Phase Loss : 1.573, Group Delay Loss : 0.625, Phase Time Difference Loss : 0.852, STFT Consistency Loss : 0.003, Real Part Loss : 0.099, Imaginary Part Loss : 0.095, Mel Spectrogram Loss : 3.065, Mel Spectrogram L2 Loss : 11.958, Commit Loss : 5.482, s/b : 0.218
Steps : 810, Gen Loss Total : 2698.921, Amplitude Loss : 34.922, Instantaneous Phase Loss : 1.567, Group Delay Loss : 0.635, Phase Time Difference Loss : 0.866, STFT Consistency Loss : 0.003, Real Part Loss : 0.179, Imaginary Part Loss : 0.171, Mel Spectrogram Loss : 2.985, Mel Spectrogram L2 Loss : 11.555, Commit Loss : 5.533, s/b : 0.216
Steps : 815, Gen Loss Total : 2645.410, Amplitude Loss : 34.905, Instantaneous Phase Loss : 1.567, Group Delay Loss : 0.633, Phase Time Difference Loss : 0.861, STFT Consistency Loss : 0.003, Real Part Loss : 0.167, Imaginary Part Loss : 0.156, Mel Spectrogram Loss : 2.789, Mel Spectrogram L2 Loss : 10.682, Commit Loss : 5.545, s/b : 0.241
Steps : 820, Gen Loss Total : 2636.202, Amplitude Loss : 34.698, Instantaneous Phase Loss : 1.567, Group Delay Loss : 0.631, Phase Time Difference Loss : 0.863, STFT Consistency Loss : 0.003, Real Part Loss : 0.163, Imaginary Part Loss : 0.151, Mel Spectrogram Loss : 2.844, Mel Spectrogram L2 Loss : 10.807, Commit Loss : 5.541, s/b : 0.250
Steps : 825, Gen Loss Total : 2587.227, Amplitude Loss : 34.738, Instantaneous Phase Loss : 1.574, Group Delay Loss : 0.627, Phase Time Difference Loss : 0.859, STFT Consistency Loss : 0.004, Real Part Loss : 0.133, Imaginary Part Loss : 0.124, Mel Spectrogram Loss : 2.756, Mel Spectrogram L2 Loss : 10.344, Commit Loss : 5.464, s/b : 0.233
Steps : 830, Gen Loss Total : 2692.880, Amplitude Loss : 35.354, Instantaneous Phase Loss : 1.573, Group Delay Loss : 0.627, Phase Time Difference Loss : 0.858, STFT Consistency Loss : 0.003, Real Part Loss : 0.131, Imaginary Part Loss : 0.117, Mel Spectrogram Loss : 2.977, Mel Spectrogram L2 Loss : 11.710, Commit Loss : 5.497, s/b : 0.242
Steps : 835, Gen Loss Total : 2645.457, Amplitude Loss : 34.142, Instantaneous Phase Loss : 1.570, Group Delay Loss : 0.629, Phase Time Difference Loss : 0.860, STFT Consistency Loss : 0.003, Real Part Loss : 0.213, Imaginary Part Loss : 0.201, Mel Spectrogram Loss : 2.696, Mel Spectrogram L2 Loss : 10.057, Commit Loss : 5.474, s/b : 0.220
Steps : 840, Gen Loss Total : 2604.154, Amplitude Loss : 34.110, Instantaneous Phase Loss : 1.567, Group Delay Loss : 0.631, Phase Time Difference Loss : 0.863, STFT Consistency Loss : 0.003, Real Part Loss : 0.200, Imaginary Part Loss : 0.188, Mel Spectrogram Loss : 2.663, Mel Spectrogram L2 Loss : 9.971, Commit Loss : 5.478, s/b : 0.229
Steps : 845, Gen Loss Total : 2544.317, Amplitude Loss : 34.361, Instantaneous Phase Loss : 1.571, Group Delay Loss : 0.629, Phase Time Difference Loss : 0.864, STFT Consistency Loss : 0.003, Real Part Loss : 0.130, Imaginary Part Loss : 0.122, Mel Spectrogram Loss : 2.678, Mel Spectrogram L2 Loss : 9.950, Commit Loss : 5.444, s/b : 0.217
Steps : 850, Gen Loss Total : 2673.491, Amplitude Loss : 34.592, Instantaneous Phase Loss : 1.573, Group Delay Loss : 0.626, Phase Time Difference Loss : 0.855, STFT Consistency Loss : 0.003, Real Part Loss : 0.177, Imaginary Part Loss : 0.172, Mel Spectrogram Loss : 2.900, Mel Spectrogram L2 Loss : 10.940, Commit Loss : 5.453, s/b : 0.252
Steps : 855, Gen Loss Total : 2572.210, Amplitude Loss : 34.255, Instantaneous Phase Loss : 1.572, Group Delay Loss : 0.626, Phase Time Difference Loss : 0.857, STFT Consistency Loss : 0.003, Real Part Loss : 0.152, Imaginary Part Loss : 0.146, Mel Spectrogram Loss : 2.655, Mel Spectrogram L2 Loss : 9.885, Commit Loss : 5.471, s/b : 0.233
Steps : 860, Gen Loss Total : 2692.090, Amplitude Loss : 34.971, Instantaneous Phase Loss : 1.572, Group Delay Loss : 0.631, Phase Time Difference Loss : 0.864, STFT Consistency Loss : 0.003, Real Part Loss : 0.157, Imaginary Part Loss : 0.149, Mel Spectrogram Loss : 2.956, Mel Spectrogram L2 Loss : 11.397, Commit Loss : 5.432, s/b : 0.231
Steps : 865, Gen Loss Total : 2637.686, Amplitude Loss : 34.921, Instantaneous Phase Loss : 1.570, Group Delay Loss : 0.623, Phase Time Difference Loss : 0.852, STFT Consistency Loss : 0.002, Real Part Loss : 0.115, Imaginary Part Loss : 0.110, Mel Spectrogram Loss : 2.896, Mel Spectrogram L2 Loss : 10.989, Commit Loss : 5.453, s/b : 0.210
Steps : 870, Gen Loss Total : 2727.142, Amplitude Loss : 34.966, Instantaneous Phase Loss : 1.572, Group Delay Loss : 0.623, Phase Time Difference Loss : 0.855, STFT Consistency Loss : 0.003, Real Part Loss : 0.172, Imaginary Part Loss : 0.167, Mel Spectrogram Loss : 3.009, Mel Spectrogram L2 Loss : 11.653, Commit Loss : 5.447, s/b : 0.113
Time taken for epoch 7 is 28 sec

Epoch: 8
Steps : 875, Gen Loss Total : 2656.267, Amplitude Loss : 34.611, Instantaneous Phase Loss : 1.573, Group Delay Loss : 0.627, Phase Time Difference Loss : 0.862, STFT Consistency Loss : 0.003, Real Part Loss : 0.185, Imaginary Part Loss : 0.171, Mel Spectrogram Loss : 2.813, Mel Spectrogram L2 Loss : 10.768, Commit Loss : 5.393, s/b : 0.381
Steps : 880, Gen Loss Total : 2587.858, Amplitude Loss : 34.395, Instantaneous Phase Loss : 1.572, Group Delay Loss : 0.623, Phase Time Difference Loss : 0.852, STFT Consistency Loss : 0.003, Real Part Loss : 0.155, Imaginary Part Loss : 0.147, Mel Spectrogram Loss : 2.758, Mel Spectrogram L2 Loss : 10.261, Commit Loss : 5.387, s/b : 0.218
Steps : 885, Gen Loss Total : 2620.725, Amplitude Loss : 34.280, Instantaneous Phase Loss : 1.562, Group Delay Loss : 0.629, Phase Time Difference Loss : 0.862, STFT Consistency Loss : 0.003, Real Part Loss : 0.190, Imaginary Part Loss : 0.180, Mel Spectrogram Loss : 2.777, Mel Spectrogram L2 Loss : 10.491, Commit Loss : 5.437, s/b : 0.251
Steps : 890, Gen Loss Total : 2601.218, Amplitude Loss : 34.562, Instantaneous Phase Loss : 1.566, Group Delay Loss : 0.625, Phase Time Difference Loss : 0.857, STFT Consistency Loss : 0.003, Real Part Loss : 0.144, Imaginary Part Loss : 0.137, Mel Spectrogram Loss : 2.787, Mel Spectrogram L2 Loss : 10.708, Commit Loss : 5.457, s/b : 0.231
Steps : 895, Gen Loss Total : 2582.271, Amplitude Loss : 34.283, Instantaneous Phase Loss : 1.569, Group Delay Loss : 0.625, Phase Time Difference Loss : 0.857, STFT Consistency Loss : 0.003, Real Part Loss : 0.151, Imaginary Part Loss : 0.143, Mel Spectrogram Loss : 2.700, Mel Spectrogram L2 Loss : 10.111, Commit Loss : 5.369, s/b : 0.237
Steps : 900, Gen Loss Total : 2732.566, Amplitude Loss : 35.138, Instantaneous Phase Loss : 1.569, Group Delay Loss : 0.623, Phase Time Difference Loss : 0.853, STFT Consistency Loss : 0.003, Real Part Loss : 0.173, Imaginary Part Loss : 0.162, Mel Spectrogram Loss : 2.978, Mel Spectrogram L2 Loss : 11.744, Commit Loss : 5.426, s/b : 0.254
Steps : 905, Gen Loss Total : 2654.335, Amplitude Loss : 34.773, Instantaneous Phase Loss : 1.569, Group Delay Loss : 0.625, Phase Time Difference Loss : 0.858, STFT Consistency Loss : 0.003, Real Part Loss : 0.160, Imaginary Part Loss : 0.151, Mel Spectrogram Loss : 2.833, Mel Spectrogram L2 Loss : 10.912, Commit Loss : 5.418, s/b : 0.232
Steps : 910, Gen Loss Total : 2633.060, Amplitude Loss : 34.644, Instantaneous Phase Loss : 1.570, Group Delay Loss : 0.621, Phase Time Difference Loss : 0.851, STFT Consistency Loss : 0.003, Real Part Loss : 0.157, Imaginary Part Loss : 0.147, Mel Spectrogram Loss : 2.747, Mel Spectrogram L2 Loss : 10.558, Commit Loss : 5.433, s/b : 0.221
Steps : 915, Gen Loss Total : 2582.725, Amplitude Loss : 34.325, Instantaneous Phase Loss : 1.569, Group Delay Loss : 0.621, Phase Time Difference Loss : 0.851, STFT Consistency Loss : 0.003, Real Part Loss : 0.160, Imaginary Part Loss : 0.156, Mel Spectrogram Loss : 2.737, Mel Spectrogram L2 Loss : 10.303, Commit Loss : 5.478, s/b : 0.223
Steps : 920, Gen Loss Total : 2752.086, Amplitude Loss : 34.620, Instantaneous Phase Loss : 1.568, Group Delay Loss : 0.627, Phase Time Difference Loss : 0.861, STFT Consistency Loss : 0.003, Real Part Loss : 0.239, Imaginary Part Loss : 0.229, Mel Spectrogram Loss : 3.039, Mel Spectrogram L2 Loss : 11.767, Commit Loss : 5.387, s/b : 0.214
Steps : 925, Gen Loss Total : 2669.265, Amplitude Loss : 34.807, Instantaneous Phase Loss : 1.573, Group Delay Loss : 0.619, Phase Time Difference Loss : 0.850, STFT Consistency Loss : 0.003, Real Part Loss : 0.146, Imaginary Part Loss : 0.138, Mel Spectrogram Loss : 2.975, Mel Spectrogram L2 Loss : 11.486, Commit Loss : 5.389, s/b : 0.241
Steps : 930, Gen Loss Total : 2642.680, Amplitude Loss : 34.326, Instantaneous Phase Loss : 1.567, Group Delay Loss : 0.623, Phase Time Difference Loss : 0.853, STFT Consistency Loss : 0.003, Real Part Loss : 0.194, Imaginary Part Loss : 0.185, Mel Spectrogram Loss : 2.815, Mel Spectrogram L2 Loss : 10.702, Commit Loss : 5.317, s/b : 0.235
Steps : 935, Gen Loss Total : 2694.454, Amplitude Loss : 34.849, Instantaneous Phase Loss : 1.573, Group Delay Loss : 0.622, Phase Time Difference Loss : 0.855, STFT Consistency Loss : 0.003, Real Part Loss : 0.175, Imaginary Part Loss : 0.169, Mel Spectrogram Loss : 2.947, Mel Spectrogram L2 Loss : 11.378, Commit Loss : 5.294, s/b : 0.223
Steps : 940, Gen Loss Total : 2567.817, Amplitude Loss : 34.137, Instantaneous Phase Loss : 1.569, Group Delay Loss : 0.620, Phase Time Difference Loss : 0.852, STFT Consistency Loss : 0.003, Real Part Loss : 0.153, Imaginary Part Loss : 0.146, Mel Spectrogram Loss : 2.722, Mel Spectrogram L2 Loss : 10.245, Commit Loss : 5.375, s/b : 0.223
Steps : 945, Gen Loss Total : 2609.744, Amplitude Loss : 33.906, Instantaneous Phase Loss : 1.570, Group Delay Loss : 0.627, Phase Time Difference Loss : 0.862, STFT Consistency Loss : 0.003, Real Part Loss : 0.198, Imaginary Part Loss : 0.190, Mel Spectrogram Loss : 2.737, Mel Spectrogram L2 Loss : 10.311, Commit Loss : 5.321, s/b : 0.222
Steps : 950, Gen Loss Total : 2647.392, Amplitude Loss : 34.456, Instantaneous Phase Loss : 1.570, Group Delay Loss : 0.624, Phase Time Difference Loss : 0.858, STFT Consistency Loss : 0.003, Real Part Loss : 0.169, Imaginary Part Loss : 0.160, Mel Spectrogram Loss : 2.845, Mel Spectrogram L2 Loss : 10.893, Commit Loss : 5.349, s/b : 0.217
Steps : 955, Gen Loss Total : 2640.952, Amplitude Loss : 34.044, Instantaneous Phase Loss : 1.574, Group Delay Loss : 0.625, Phase Time Difference Loss : 0.859, STFT Consistency Loss : 0.003, Real Part Loss : 0.192, Imaginary Part Loss : 0.174, Mel Spectrogram Loss : 2.795, Mel Spectrogram L2 Loss : 10.448, Commit Loss : 5.343, s/b : 0.223
Steps : 960, Gen Loss Total : 2627.127, Amplitude Loss : 34.064, Instantaneous Phase Loss : 1.571, Group Delay Loss : 0.623, Phase Time Difference Loss : 0.853, STFT Consistency Loss : 0.003, Real Part Loss : 0.195, Imaginary Part Loss : 0.183, Mel Spectrogram Loss : 2.714, Mel Spectrogram L2 Loss : 10.300, Commit Loss : 5.290, s/b : 0.216
Steps : 965, Gen Loss Total : 2720.559, Amplitude Loss : 34.578, Instantaneous Phase Loss : 1.574, Group Delay Loss : 0.623, Phase Time Difference Loss : 0.857, STFT Consistency Loss : 0.003, Real Part Loss : 0.190, Imaginary Part Loss : 0.181, Mel Spectrogram Loss : 3.023, Mel Spectrogram L2 Loss : 11.903, Commit Loss : 5.429, s/b : 0.221
Steps : 970, Gen Loss Total : 2661.178, Amplitude Loss : 34.355, Instantaneous Phase Loss : 1.567, Group Delay Loss : 0.623, Phase Time Difference Loss : 0.857, STFT Consistency Loss : 0.003, Real Part Loss : 0.195, Imaginary Part Loss : 0.182, Mel Spectrogram Loss : 2.810, Mel Spectrogram L2 Loss : 10.707, Commit Loss : 5.267, s/b : 0.267
Steps : 975, Gen Loss Total : 2560.159, Amplitude Loss : 33.978, Instantaneous Phase Loss : 1.569, Group Delay Loss : 0.619, Phase Time Difference Loss : 0.851, STFT Consistency Loss : 0.003, Real Part Loss : 0.149, Imaginary Part Loss : 0.145, Mel Spectrogram Loss : 2.670, Mel Spectrogram L2 Loss : 9.930, Commit Loss : 5.281, s/b : 0.224
Steps : 980, Gen Loss Total : 2680.501, Amplitude Loss : 34.384, Instantaneous Phase Loss : 1.574, Group Delay Loss : 0.620, Phase Time Difference Loss : 0.851, STFT Consistency Loss : 0.003, Real Part Loss : 0.175, Imaginary Part Loss : 0.169, Mel Spectrogram Loss : 2.858, Mel Spectrogram L2 Loss : 10.785, Commit Loss : 5.274, s/b : 0.186
Steps : 985, Gen Loss Total : 2621.422, Amplitude Loss : 34.559, Instantaneous Phase Loss : 1.569, Group Delay Loss : 0.622, Phase Time Difference Loss : 0.856, STFT Consistency Loss : 0.003, Real Part Loss : 0.147, Imaginary Part Loss : 0.141, Mel Spectrogram Loss : 2.799, Mel Spectrogram L2 Loss : 10.690, Commit Loss : 5.233, s/b : 0.270
Steps : 990, Gen Loss Total : 2663.559, Amplitude Loss : 34.240, Instantaneous Phase Loss : 1.566, Group Delay Loss : 0.622, Phase Time Difference Loss : 0.853, STFT Consistency Loss : 0.002, Real Part Loss : 0.178, Imaginary Part Loss : 0.163, Mel Spectrogram Loss : 2.826, Mel Spectrogram L2 Loss : 10.776, Commit Loss : 5.337, s/b : 0.228
Steps : 995, Gen Loss Total : 2598.351, Amplitude Loss : 34.065, Instantaneous Phase Loss : 1.572, Group Delay Loss : 0.618, Phase Time Difference Loss : 0.849, STFT Consistency Loss : 0.003, Real Part Loss : 0.161, Imaginary Part Loss : 0.153, Mel Spectrogram Loss : 2.704, Mel Spectrogram L2 Loss : 10.012, Commit Loss : 5.316, s/b : 0.117
Time taken for epoch 8 is 28 sec

Epoch: 9
Steps : 1000, Gen Loss Total : 2616.195, Amplitude Loss : 34.136, Instantaneous Phase Loss : 1.572, Group Delay Loss : 0.622, Phase Time Difference Loss : 0.856, STFT Consistency Loss : 0.003, Real Part Loss : 0.169, Imaginary Part Loss : 0.165, Mel Spectrogram Loss : 2.791, Mel Spectrogram L2 Loss : 10.580, Commit Loss : 5.202, s/b : 0.339
Steps : 1005, Gen Loss Total : 2578.239, Amplitude Loss : 34.366, Instantaneous Phase Loss : 1.572, Group Delay Loss : 0.618, Phase Time Difference Loss : 0.847, STFT Consistency Loss : 0.002, Real Part Loss : 0.125, Imaginary Part Loss : 0.119, Mel Spectrogram Loss : 2.791, Mel Spectrogram L2 Loss : 10.320, Commit Loss : 5.279, s/b : 0.222
Steps : 1010, Gen Loss Total : 2615.795, Amplitude Loss : 34.592, Instantaneous Phase Loss : 1.566, Group Delay Loss : 0.618, Phase Time Difference Loss : 0.849, STFT Consistency Loss : 0.002, Real Part Loss : 0.120, Imaginary Part Loss : 0.115, Mel Spectrogram Loss : 2.832, Mel Spectrogram L2 Loss : 10.818, Commit Loss : 5.215, s/b : 0.223
Steps : 1015, Gen Loss Total : 2662.571, Amplitude Loss : 33.881, Instantaneous Phase Loss : 1.571, Group Delay Loss : 0.627, Phase Time Difference Loss : 0.861, STFT Consistency Loss : 0.003, Real Part Loss : 0.229, Imaginary Part Loss : 0.216, Mel Spectrogram Loss : 2.776, Mel Spectrogram L2 Loss : 10.613, Commit Loss : 5.226, s/b : 0.228
Steps : 1020, Gen Loss Total : 2643.091, Amplitude Loss : 34.266, Instantaneous Phase Loss : 1.577, Group Delay Loss : 0.621, Phase Time Difference Loss : 0.854, STFT Consistency Loss : 0.004, Real Part Loss : 0.174, Imaginary Part Loss : 0.160, Mel Spectrogram Loss : 2.804, Mel Spectrogram L2 Loss : 10.630, Commit Loss : 5.245, s/b : 0.260
Steps : 1025, Gen Loss Total : 2703.071, Amplitude Loss : 34.205, Instantaneous Phase Loss : 1.571, Group Delay Loss : 0.622, Phase Time Difference Loss : 0.856, STFT Consistency Loss : 0.003, Real Part Loss : 0.200, Imaginary Part Loss : 0.187, Mel Spectrogram Loss : 2.707, Mel Spectrogram L2 Loss : 10.280, Commit Loss : 5.180, s/b : 0.215
Steps : 1030, Gen Loss Total : 2710.851, Amplitude Loss : 34.221, Instantaneous Phase Loss : 1.570, Group Delay Loss : 0.624, Phase Time Difference Loss : 0.858, STFT Consistency Loss : 0.003, Real Part Loss : 0.214, Imaginary Part Loss : 0.203, Mel Spectrogram Loss : 2.819, Mel Spectrogram L2 Loss : 10.693, Commit Loss : 5.183, s/b : 0.221
Steps : 1035, Gen Loss Total : 2596.647, Amplitude Loss : 33.938, Instantaneous Phase Loss : 1.572, Group Delay Loss : 0.620, Phase Time Difference Loss : 0.851, STFT Consistency Loss : 0.003, Real Part Loss : 0.163, Imaginary Part Loss : 0.154, Mel Spectrogram Loss : 2.642, Mel Spectrogram L2 Loss : 9.952, Commit Loss : 5.249, s/b : 0.223
Steps : 1040, Gen Loss Total : 2564.200, Amplitude Loss : 34.069, Instantaneous Phase Loss : 1.571, Group Delay Loss : 0.617, Phase Time Difference Loss : 0.846, STFT Consistency Loss : 0.003, Real Part Loss : 0.131, Imaginary Part Loss : 0.123, Mel Spectrogram Loss : 2.735, Mel Spectrogram L2 Loss : 10.068, Commit Loss : 5.190, s/b : 0.169
Steps : 1045, Gen Loss Total : 2646.312, Amplitude Loss : 34.028, Instantaneous Phase Loss : 1.571, Group Delay Loss : 0.623, Phase Time Difference Loss : 0.857, STFT Consistency Loss : 0.003, Real Part Loss : 0.206, Imaginary Part Loss : 0.195, Mel Spectrogram Loss : 2.796, Mel Spectrogram L2 Loss : 10.492, Commit Loss : 5.171, s/b : 0.220
Steps : 1050, Gen Loss Total : 2602.120, Amplitude Loss : 34.217, Instantaneous Phase Loss : 1.569, Group Delay Loss : 0.621, Phase Time Difference Loss : 0.853, STFT Consistency Loss : 0.003, Real Part Loss : 0.152, Imaginary Part Loss : 0.146, Mel Spectrogram Loss : 2.768, Mel Spectrogram L2 Loss : 10.469, Commit Loss : 5.131, s/b : 0.181
Steps : 1055, Gen Loss Total : 2593.864, Amplitude Loss : 34.388, Instantaneous Phase Loss : 1.571, Group Delay Loss : 0.618, Phase Time Difference Loss : 0.849, STFT Consistency Loss : 0.003, Real Part Loss : 0.122, Imaginary Part Loss : 0.117, Mel Spectrogram Loss : 2.831, Mel Spectrogram L2 Loss : 10.558, Commit Loss : 5.093, s/b : 0.224
Steps : 1060, Gen Loss Total : 2770.588, Amplitude Loss : 34.172, Instantaneous Phase Loss : 1.566, Group Delay Loss : 0.623, Phase Time Difference Loss : 0.855, STFT Consistency Loss : 0.002, Real Part Loss : 0.235, Imaginary Part Loss : 0.224, Mel Spectrogram Loss : 2.988, Mel Spectrogram L2 Loss : 11.714, Commit Loss : 5.177, s/b : 0.225
Steps : 1065, Gen Loss Total : 2692.020, Amplitude Loss : 34.276, Instantaneous Phase Loss : 1.572, Group Delay Loss : 0.622, Phase Time Difference Loss : 0.855, STFT Consistency Loss : 0.002, Real Part Loss : 0.208, Imaginary Part Loss : 0.198, Mel Spectrogram Loss : 2.846, Mel Spectrogram L2 Loss : 10.938, Commit Loss : 5.120, s/b : 0.306
Steps : 1070, Gen Loss Total : 2574.298, Amplitude Loss : 33.324, Instantaneous Phase Loss : 1.568, Group Delay Loss : 0.624, Phase Time Difference Loss : 0.859, STFT Consistency Loss : 0.003, Real Part Loss : 0.190, Imaginary Part Loss : 0.177, Mel Spectrogram Loss : 2.543, Mel Spectrogram L2 Loss : 9.313, Commit Loss : 5.201, s/b : 0.221
Steps : 1075, Gen Loss Total : 2649.000, Amplitude Loss : 34.184, Instantaneous Phase Loss : 1.565, Group Delay Loss : 0.619, Phase Time Difference Loss : 0.850, STFT Consistency Loss : 0.003, Real Part Loss : 0.165, Imaginary Part Loss : 0.160, Mel Spectrogram Loss : 2.874, Mel Spectrogram L2 Loss : 10.772, Commit Loss : 5.185, s/b : 0.243
Steps : 1080, Gen Loss Total : 2646.597, Amplitude Loss : 34.234, Instantaneous Phase Loss : 1.568, Group Delay Loss : 0.620, Phase Time Difference Loss : 0.851, STFT Consistency Loss : 0.003, Real Part Loss : 0.152, Imaginary Part Loss : 0.142, Mel Spectrogram Loss : 2.835, Mel Spectrogram L2 Loss : 10.656, Commit Loss : 5.166, s/b : 0.217
Steps : 1085, Gen Loss Total : 2581.609, Amplitude Loss : 33.860, Instantaneous Phase Loss : 1.573, Group Delay Loss : 0.620, Phase Time Difference Loss : 0.851, STFT Consistency Loss : 0.002, Real Part Loss : 0.147, Imaginary Part Loss : 0.137, Mel Spectrogram Loss : 2.687, Mel Spectrogram L2 Loss : 9.957, Commit Loss : 5.184, s/b : 0.216
Steps : 1090, Gen Loss Total : 2564.561, Amplitude Loss : 33.206, Instantaneous Phase Loss : 1.567, Group Delay Loss : 0.623, Phase Time Difference Loss : 0.859, STFT Consistency Loss : 0.002, Real Part Loss : 0.188, Imaginary Part Loss : 0.177, Mel Spectrogram Loss : 2.535, Mel Spectrogram L2 Loss : 9.347, Commit Loss : 5.121, s/b : 0.232
Steps : 1095, Gen Loss Total : 2630.403, Amplitude Loss : 34.105, Instantaneous Phase Loss : 1.573, Group Delay Loss : 0.615, Phase Time Difference Loss : 0.845, STFT Consistency Loss : 0.003, Real Part Loss : 0.141, Imaginary Part Loss : 0.133, Mel Spectrogram Loss : 2.804, Mel Spectrogram L2 Loss : 10.435, Commit Loss : 5.147, s/b : 0.228
Steps : 1100, Gen Loss Total : 2627.556, Amplitude Loss : 33.977, Instantaneous Phase Loss : 1.572, Group Delay Loss : 0.621, Phase Time Difference Loss : 0.854, STFT Consistency Loss : 0.003, Real Part Loss : 0.157, Imaginary Part Loss : 0.152, Mel Spectrogram Loss : 2.796, Mel Spectrogram L2 Loss : 10.729, Commit Loss : 5.137, s/b : 0.219
Steps : 1105, Gen Loss Total : 2566.826, Amplitude Loss : 34.232, Instantaneous Phase Loss : 1.569, Group Delay Loss : 0.613, Phase Time Difference Loss : 0.842, STFT Consistency Loss : 0.002, Real Part Loss : 0.107, Imaginary Part Loss : 0.105, Mel Spectrogram Loss : 2.806, Mel Spectrogram L2 Loss : 10.389, Commit Loss : 5.058, s/b : 0.223
Steps : 1110, Gen Loss Total : 2724.001, Amplitude Loss : 33.927, Instantaneous Phase Loss : 1.570, Group Delay Loss : 0.628, Phase Time Difference Loss : 0.861, STFT Consistency Loss : 0.002, Real Part Loss : 0.199, Imaginary Part Loss : 0.190, Mel Spectrogram Loss : 2.968, Mel Spectrogram L2 Loss : 11.440, Commit Loss : 5.120, s/b : 0.223
Steps : 1115, Gen Loss Total : 2668.499, Amplitude Loss : 34.397, Instantaneous Phase Loss : 1.573, Group Delay Loss : 0.618, Phase Time Difference Loss : 0.850, STFT Consistency Loss : 0.002, Real Part Loss : 0.148, Imaginary Part Loss : 0.141, Mel Spectrogram Loss : 2.913, Mel Spectrogram L2 Loss : 11.228, Commit Loss : 5.130, s/b : 0.225
Steps : 1120, Gen Loss Total : 2636.204, Amplitude Loss : 33.573, Instantaneous Phase Loss : 1.572, Group Delay Loss : 0.619, Phase Time Difference Loss : 0.851, STFT Consistency Loss : 0.003, Real Part Loss : 0.187, Imaginary Part Loss : 0.179, Mel Spectrogram Loss : 2.720, Mel Spectrogram L2 Loss : 10.095, Commit Loss : 5.026, s/b : 0.116
Time taken for epoch 9 is 28 sec

Epoch: 10
Steps : 1125, Gen Loss Total : 2597.782, Amplitude Loss : 33.517, Instantaneous Phase Loss : 1.570, Group Delay Loss : 0.619, Phase Time Difference Loss : 0.851, STFT Consistency Loss : 0.003, Real Part Loss : 0.185, Imaginary Part Loss : 0.176, Mel Spectrogram Loss : 2.699, Mel Spectrogram L2 Loss : 10.116, Commit Loss : 5.051, s/b : 0.331
Steps : 1130, Gen Loss Total : 2581.672, Amplitude Loss : 33.764, Instantaneous Phase Loss : 1.571, Group Delay Loss : 0.618, Phase Time Difference Loss : 0.848, STFT Consistency Loss : 0.003, Real Part Loss : 0.142, Imaginary Part Loss : 0.133, Mel Spectrogram Loss : 2.763, Mel Spectrogram L2 Loss : 10.129, Commit Loss : 5.090, s/b : 0.230
Steps : 1135, Gen Loss Total : 2712.439, Amplitude Loss : 34.480, Instantaneous Phase Loss : 1.572, Group Delay Loss : 0.617, Phase Time Difference Loss : 0.848, STFT Consistency Loss : 0.002, Real Part Loss : 0.157, Imaginary Part Loss : 0.151, Mel Spectrogram Loss : 3.066, Mel Spectrogram L2 Loss : 11.913, Commit Loss : 5.015, s/b : 0.222
Steps : 1140, Gen Loss Total : 2627.469, Amplitude Loss : 34.370, Instantaneous Phase Loss : 1.568, Group Delay Loss : 0.615, Phase Time Difference Loss : 0.846, STFT Consistency Loss : 0.002, Real Part Loss : 0.126, Imaginary Part Loss : 0.120, Mel Spectrogram Loss : 2.869, Mel Spectrogram L2 Loss : 10.979, Commit Loss : 5.049, s/b : 0.235
Steps : 1145, Gen Loss Total : 2546.747, Amplitude Loss : 33.443, Instantaneous Phase Loss : 1.575, Group Delay Loss : 0.616, Phase Time Difference Loss : 0.847, STFT Consistency Loss : 0.002, Real Part Loss : 0.133, Imaginary Part Loss : 0.121, Mel Spectrogram Loss : 2.641, Mel Spectrogram L2 Loss : 9.626, Commit Loss : 5.078, s/b : 0.226
Steps : 1150, Gen Loss Total : 2622.431, Amplitude Loss : 33.626, Instantaneous Phase Loss : 1.570, Group Delay Loss : 0.619, Phase Time Difference Loss : 0.852, STFT Consistency Loss : 0.002, Real Part Loss : 0.177, Imaginary Part Loss : 0.165, Mel Spectrogram Loss : 2.764, Mel Spectrogram L2 Loss : 10.442, Commit Loss : 5.018, s/b : 0.225
Steps : 1155, Gen Loss Total : 2634.808, Amplitude Loss : 33.644, Instantaneous Phase Loss : 1.571, Group Delay Loss : 0.617, Phase Time Difference Loss : 0.850, STFT Consistency Loss : 0.002, Real Part Loss : 0.169, Imaginary Part Loss : 0.159, Mel Spectrogram Loss : 2.800, Mel Spectrogram L2 Loss : 10.517, Commit Loss : 5.001, s/b : 0.221
Steps : 1160, Gen Loss Total : 2607.598, Amplitude Loss : 33.557, Instantaneous Phase Loss : 1.572, Group Delay Loss : 0.617, Phase Time Difference Loss : 0.850, STFT Consistency Loss : 0.003, Real Part Loss : 0.175, Imaginary Part Loss : 0.163, Mel Spectrogram Loss : 2.716, Mel Spectrogram L2 Loss : 10.058, Commit Loss : 5.027, s/b : 0.209
Steps : 1165, Gen Loss Total : 2586.680, Amplitude Loss : 33.806, Instantaneous Phase Loss : 1.570, Group Delay Loss : 0.617, Phase Time Difference Loss : 0.849, STFT Consistency Loss : 0.002, Real Part Loss : 0.134, Imaginary Part Loss : 0.128, Mel Spectrogram Loss : 2.808, Mel Spectrogram L2 Loss : 10.440, Commit Loss : 5.019, s/b : 0.213
Steps : 1170, Gen Loss Total : 2587.693, Amplitude Loss : 33.671, Instantaneous Phase Loss : 1.569, Group Delay Loss : 0.617, Phase Time Difference Loss : 0.849, STFT Consistency Loss : 0.002, Real Part Loss : 0.146, Imaginary Part Loss : 0.141, Mel Spectrogram Loss : 2.787, Mel Spectrogram L2 Loss : 10.270, Commit Loss : 4.938, s/b : 0.219
Steps : 1175, Gen Loss Total : 2646.419, Amplitude Loss : 33.461, Instantaneous Phase Loss : 1.567, Group Delay Loss : 0.619, Phase Time Difference Loss : 0.850, STFT Consistency Loss : 0.002, Real Part Loss : 0.194, Imaginary Part Loss : 0.188, Mel Spectrogram Loss : 2.788, Mel Spectrogram L2 Loss : 10.444, Commit Loss : 5.026, s/b : 0.236
Steps : 1180, Gen Loss Total : 2551.023, Amplitude Loss : 33.481, Instantaneous Phase Loss : 1.571, Group Delay Loss : 0.614, Phase Time Difference Loss : 0.846, STFT Consistency Loss : 0.003, Real Part Loss : 0.132, Imaginary Part Loss : 0.125, Mel Spectrogram Loss : 2.704, Mel Spectrogram L2 Loss : 9.923, Commit Loss : 5.043, s/b : 0.238
Steps : 1185, Gen Loss Total : 2656.296, Amplitude Loss : 33.241, Instantaneous Phase Loss : 1.573, Group Delay Loss : 0.623, Phase Time Difference Loss : 0.855, STFT Consistency Loss : 0.002, Real Part Loss : 0.225, Imaginary Part Loss : 0.209, Mel Spectrogram Loss : 2.790, Mel Spectrogram L2 Loss : 10.420, Commit Loss : 4.985, s/b : 0.209
Steps : 1190, Gen Loss Total : 2537.802, Amplitude Loss : 33.577, Instantaneous Phase Loss : 1.571, Group Delay Loss : 0.616, Phase Time Difference Loss : 0.847, STFT Consistency Loss : 0.002, Real Part Loss : 0.129, Imaginary Part Loss : 0.121, Mel Spectrogram Loss : 2.605, Mel Spectrogram L2 Loss : 9.629, Commit Loss : 5.034, s/b : 0.217
Steps : 1195, Gen Loss Total : 2670.472, Amplitude Loss : 33.997, Instantaneous Phase Loss : 1.573, Group Delay Loss : 0.616, Phase Time Difference Loss : 0.846, STFT Consistency Loss : 0.002, Real Part Loss : 0.132, Imaginary Part Loss : 0.123, Mel Spectrogram Loss : 3.006, Mel Spectrogram L2 Loss : 11.496, Commit Loss : 4.948, s/b : 0.234
Steps : 1200, Gen Loss Total : 2624.336, Amplitude Loss : 33.216, Instantaneous Phase Loss : 1.573, Group Delay Loss : 0.618, Phase Time Difference Loss : 0.850, STFT Consistency Loss : 0.002, Real Part Loss : 0.196, Imaginary Part Loss : 0.187, Mel Spectrogram Loss : 2.749, Mel Spectrogram L2 Loss : 10.244, Commit Loss : 4.999, s/b : 0.222
Steps : 1205, Gen Loss Total : 2598.051, Amplitude Loss : 33.667, Instantaneous Phase Loss : 1.573, Group Delay Loss : 0.615, Phase Time Difference Loss : 0.847, STFT Consistency Loss : 0.002, Real Part Loss : 0.132, Imaginary Part Loss : 0.128, Mel Spectrogram Loss : 2.801, Mel Spectrogram L2 Loss : 10.447, Commit Loss : 4.962, s/b : 0.231
Steps : 1210, Gen Loss Total : 2541.153, Amplitude Loss : 33.134, Instantaneous Phase Loss : 1.574, Group Delay Loss : 0.619, Phase Time Difference Loss : 0.851, STFT Consistency Loss : 0.002, Real Part Loss : 0.143, Imaginary Part Loss : 0.134, Mel Spectrogram Loss : 2.640, Mel Spectrogram L2 Loss : 9.699, Commit Loss : 4.977, s/b : 0.223
Steps : 1215, Gen Loss Total : 2634.586, Amplitude Loss : 33.632, Instantaneous Phase Loss : 1.569, Group Delay Loss : 0.615, Phase Time Difference Loss : 0.849, STFT Consistency Loss : 0.002, Real Part Loss : 0.158, Imaginary Part Loss : 0.150, Mel Spectrogram Loss : 2.783, Mel Spectrogram L2 Loss : 10.660, Commit Loss : 4.934, s/b : 0.223
Steps : 1220, Gen Loss Total : 2694.732, Amplitude Loss : 34.134, Instantaneous Phase Loss : 1.571, Group Delay Loss : 0.617, Phase Time Difference Loss : 0.851, STFT Consistency Loss : 0.003, Real Part Loss : 0.168, Imaginary Part Loss : 0.159, Mel Spectrogram Loss : 2.938, Mel Spectrogram L2 Loss : 11.515, Commit Loss : 4.973, s/b : 0.220
Steps : 1225, Gen Loss Total : 2626.263, Amplitude Loss : 33.659, Instantaneous Phase Loss : 1.572, Group Delay Loss : 0.618, Phase Time Difference Loss : 0.850, STFT Consistency Loss : 0.003, Real Part Loss : 0.153, Imaginary Part Loss : 0.149, Mel Spectrogram Loss : 2.852, Mel Spectrogram L2 Loss : 10.820, Commit Loss : 4.949, s/b : 0.239
Steps : 1230, Gen Loss Total : 2547.823, Amplitude Loss : 33.121, Instantaneous Phase Loss : 1.565, Group Delay Loss : 0.613, Phase Time Difference Loss : 0.842, STFT Consistency Loss : 0.002, Real Part Loss : 0.144, Imaginary Part Loss : 0.138, Mel Spectrogram Loss : 2.765, Mel Spectrogram L2 Loss : 10.123, Commit Loss : 5.022, s/b : 0.224
Steps : 1235, Gen Loss Total : 2705.600, Amplitude Loss : 34.311, Instantaneous Phase Loss : 1.572, Group Delay Loss : 0.614, Phase Time Difference Loss : 0.846, STFT Consistency Loss : 0.002, Real Part Loss : 0.139, Imaginary Part Loss : 0.133, Mel Spectrogram Loss : 3.061, Mel Spectrogram L2 Loss : 11.984, Commit Loss : 4.879, s/b : 0.297
Steps : 1240, Gen Loss Total : 2593.677, Amplitude Loss : 32.559, Instantaneous Phase Loss : 1.567, Group Delay Loss : 0.619, Phase Time Difference Loss : 0.851, STFT Consistency Loss : 0.002, Real Part Loss : 0.201, Imaginary Part Loss : 0.187, Mel Spectrogram Loss : 2.700, Mel Spectrogram L2 Loss : 10.017, Commit Loss : 4.892, s/b : 0.229
Steps : 1245, Gen Loss Total : 2566.619, Amplitude Loss : 33.028, Instantaneous Phase Loss : 1.572, Group Delay Loss : 0.613, Phase Time Difference Loss : 0.841, STFT Consistency Loss : 0.002, Real Part Loss : 0.146, Imaginary Part Loss : 0.140, Mel Spectrogram Loss : 2.776, Mel Spectrogram L2 Loss : 10.189, Commit Loss : 4.851, s/b : 0.117
Time taken for epoch 10 is 28 sec

Epoch: 11
Steps : 1250, Gen Loss Total : 2559.092, Amplitude Loss : 32.700, Instantaneous Phase Loss : 1.570, Group Delay Loss : 0.616, Phase Time Difference Loss : 0.850, STFT Consistency Loss : 0.003, Real Part Loss : 0.174, Imaginary Part Loss : 0.165, Mel Spectrogram Loss : 2.652, Mel Spectrogram L2 Loss : 9.695, Commit Loss : 4.904, s/b : 0.380
Steps : 1255, Gen Loss Total : 2527.479, Amplitude Loss : 32.746, Instantaneous Phase Loss : 1.574, Group Delay Loss : 0.613, Phase Time Difference Loss : 0.844, STFT Consistency Loss : 0.003, Real Part Loss : 0.150, Imaginary Part Loss : 0.139, Mel Spectrogram Loss : 2.595, Mel Spectrogram L2 Loss : 9.277, Commit Loss : 4.858, s/b : 0.204
Steps : 1260, Gen Loss Total : 2501.149, Amplitude Loss : 32.969, Instantaneous Phase Loss : 1.576, Group Delay Loss : 0.614, Phase Time Difference Loss : 0.845, STFT Consistency Loss : 0.002, Real Part Loss : 0.121, Imaginary Part Loss : 0.114, Mel Spectrogram Loss : 2.617, Mel Spectrogram L2 Loss : 9.642, Commit Loss : 4.833, s/b : 0.188
Steps : 1265, Gen Loss Total : 2565.284, Amplitude Loss : 32.718, Instantaneous Phase Loss : 1.572, Group Delay Loss : 0.615, Phase Time Difference Loss : 0.845, STFT Consistency Loss : 0.002, Real Part Loss : 0.173, Imaginary Part Loss : 0.166, Mel Spectrogram Loss : 2.655, Mel Spectrogram L2 Loss : 9.735, Commit Loss : 4.918, s/b : 0.225
Steps : 1270, Gen Loss Total : 2599.112, Amplitude Loss : 32.808, Instantaneous Phase Loss : 1.571, Group Delay Loss : 0.615, Phase Time Difference Loss : 0.845, STFT Consistency Loss : 0.002, Real Part Loss : 0.181, Imaginary Part Loss : 0.166, Mel Spectrogram Loss : 2.730, Mel Spectrogram L2 Loss : 9.960, Commit Loss : 4.919, s/b : 0.263
Steps : 1275, Gen Loss Total : 2653.777, Amplitude Loss : 33.244, Instantaneous Phase Loss : 1.567, Group Delay Loss : 0.615, Phase Time Difference Loss : 0.847, STFT Consistency Loss : 0.003, Real Part Loss : 0.174, Imaginary Part Loss : 0.159, Mel Spectrogram Loss : 2.800, Mel Spectrogram L2 Loss : 10.763, Commit Loss : 4.849, s/b : 0.265
Steps : 1280, Gen Loss Total : 2533.908, Amplitude Loss : 32.335, Instantaneous Phase Loss : 1.572, Group Delay Loss : 0.612, Phase Time Difference Loss : 0.842, STFT Consistency Loss : 0.002, Real Part Loss : 0.176, Imaginary Part Loss : 0.163, Mel Spectrogram Loss : 2.571, Mel Spectrogram L2 Loss : 9.309, Commit Loss : 4.849, s/b : 0.214
Steps : 1285, Gen Loss Total : 2478.682, Amplitude Loss : 32.274, Instantaneous Phase Loss : 1.569, Group Delay Loss : 0.613, Phase Time Difference Loss : 0.842, STFT Consistency Loss : 0.002, Real Part Loss : 0.159, Imaginary Part Loss : 0.146, Mel Spectrogram Loss : 2.490, Mel Spectrogram L2 Loss : 8.966, Commit Loss : 4.819, s/b : 0.210
Steps : 1290, Gen Loss Total : 2553.484, Amplitude Loss : 32.460, Instantaneous Phase Loss : 1.569, Group Delay Loss : 0.615, Phase Time Difference Loss : 0.847, STFT Consistency Loss : 0.002, Real Part Loss : 0.174, Imaginary Part Loss : 0.172, Mel Spectrogram Loss : 2.705, Mel Spectrogram L2 Loss : 9.905, Commit Loss : 4.793, s/b : 0.222
Steps : 1295, Gen Loss Total : 2585.938, Amplitude Loss : 32.627, Instantaneous Phase Loss : 1.567, Group Delay Loss : 0.613, Phase Time Difference Loss : 0.845, STFT Consistency Loss : 0.002, Real Part Loss : 0.172, Imaginary Part Loss : 0.164, Mel Spectrogram Loss : 2.743, Mel Spectrogram L2 Loss : 10.235, Commit Loss : 4.850, s/b : 0.279
Steps : 1300, Gen Loss Total : 2529.408, Amplitude Loss : 32.643, Instantaneous Phase Loss : 1.568, Group Delay Loss : 0.613, Phase Time Difference Loss : 0.844, STFT Consistency Loss : 0.003, Real Part Loss : 0.156, Imaginary Part Loss : 0.147, Mel Spectrogram Loss : 2.717, Mel Spectrogram L2 Loss : 9.808, Commit Loss : 4.769, s/b : 0.221
Steps : 1305, Gen Loss Total : 2559.095, Amplitude Loss : 32.850, Instantaneous Phase Loss : 1.568, Group Delay Loss : 0.614, Phase Time Difference Loss : 0.847, STFT Consistency Loss : 0.002, Real Part Loss : 0.131, Imaginary Part Loss : 0.125, Mel Spectrogram Loss : 2.773, Mel Spectrogram L2 Loss : 10.293, Commit Loss : 4.770, s/b : 0.224
Steps : 1310, Gen Loss Total : 2530.365, Amplitude Loss : 32.596, Instantaneous Phase Loss : 1.576, Group Delay Loss : 0.615, Phase Time Difference Loss : 0.847, STFT Consistency Loss : 0.002, Real Part Loss : 0.161, Imaginary Part Loss : 0.150, Mel Spectrogram Loss : 2.695, Mel Spectrogram L2 Loss : 9.810, Commit Loss : 4.759, s/b : 0.228
Steps : 1315, Gen Loss Total : 2465.094, Amplitude Loss : 32.355, Instantaneous Phase Loss : 1.572, Group Delay Loss : 0.615, Phase Time Difference Loss : 0.846, STFT Consistency Loss : 0.002, Real Part Loss : 0.131, Imaginary Part Loss : 0.124, Mel Spectrogram Loss : 2.641, Mel Spectrogram L2 Loss : 9.530, Commit Loss : 4.790, s/b : 0.223
Steps : 1320, Gen Loss Total : 2539.427, Amplitude Loss : 32.828, Instantaneous Phase Loss : 1.573, Group Delay Loss : 0.612, Phase Time Difference Loss : 0.844, STFT Consistency Loss : 0.002, Real Part Loss : 0.121, Imaginary Part Loss : 0.116, Mel Spectrogram Loss : 2.772, Mel Spectrogram L2 Loss : 10.240, Commit Loss : 4.753, s/b : 0.252
Steps : 1325, Gen Loss Total : 2550.103, Amplitude Loss : 32.722, Instantaneous Phase Loss : 1.571, Group Delay Loss : 0.612, Phase Time Difference Loss : 0.843, STFT Consistency Loss : 0.002, Real Part Loss : 0.132, Imaginary Part Loss : 0.127, Mel Spectrogram Loss : 2.822, Mel Spectrogram L2 Loss : 10.634, Commit Loss : 4.768, s/b : 0.220
Steps : 1330, Gen Loss Total : 2524.734, Amplitude Loss : 32.619, Instantaneous Phase Loss : 1.571, Group Delay Loss : 0.613, Phase Time Difference Loss : 0.844, STFT Consistency Loss : 0.002, Real Part Loss : 0.125, Imaginary Part Loss : 0.117, Mel Spectrogram Loss : 2.696, Mel Spectrogram L2 Loss : 10.004, Commit Loss : 4.765, s/b : 0.228
Steps : 1335, Gen Loss Total : 2632.009, Amplitude Loss : 32.115, Instantaneous Phase Loss : 1.574, Group Delay Loss : 0.614, Phase Time Difference Loss : 0.846, STFT Consistency Loss : 0.002, Real Part Loss : 0.217, Imaginary Part Loss : 0.206, Mel Spectrogram Loss : 2.827, Mel Spectrogram L2 Loss : 10.427, Commit Loss : 4.781, s/b : 0.229
Steps : 1340, Gen Loss Total : 2554.634, Amplitude Loss : 32.536, Instantaneous Phase Loss : 1.569, Group Delay Loss : 0.609, Phase Time Difference Loss : 0.840, STFT Consistency Loss : 0.002, Real Part Loss : 0.136, Imaginary Part Loss : 0.128, Mel Spectrogram Loss : 2.790, Mel Spectrogram L2 Loss : 10.598, Commit Loss : 4.742, s/b : 0.229
Steps : 1345, Gen Loss Total : 2472.797, Amplitude Loss : 31.975, Instantaneous Phase Loss : 1.568, Group Delay Loss : 0.614, Phase Time Difference Loss : 0.849, STFT Consistency Loss : 0.002, Real Part Loss : 0.135, Imaginary Part Loss : 0.124, Mel Spectrogram Loss : 2.570, Mel Spectrogram L2 Loss : 9.289, Commit Loss : 4.719, s/b : 0.180
Steps : 1350, Gen Loss Total : 2479.917, Amplitude Loss : 31.911, Instantaneous Phase Loss : 1.568, Group Delay Loss : 0.614, Phase Time Difference Loss : 0.848, STFT Consistency Loss : 0.002, Real Part Loss : 0.140, Imaginary Part Loss : 0.136, Mel Spectrogram Loss : 2.598, Mel Spectrogram L2 Loss : 9.216, Commit Loss : 4.711, s/b : 0.283
Steps : 1355, Gen Loss Total : 2529.499, Amplitude Loss : 31.908, Instantaneous Phase Loss : 1.568, Group Delay Loss : 0.615, Phase Time Difference Loss : 0.849, STFT Consistency Loss : 0.002, Real Part Loss : 0.167, Imaginary Part Loss : 0.159, Mel Spectrogram Loss : 2.704, Mel Spectrogram L2 Loss : 9.741, Commit Loss : 4.699, s/b : 0.223
Steps : 1360, Gen Loss Total : 2491.593, Amplitude Loss : 31.917, Instantaneous Phase Loss : 1.572, Group Delay Loss : 0.615, Phase Time Difference Loss : 0.848, STFT Consistency Loss : 0.002, Real Part Loss : 0.156, Imaginary Part Loss : 0.148, Mel Spectrogram Loss : 2.543, Mel Spectrogram L2 Loss : 9.149, Commit Loss : 4.706, s/b : 0.237
Steps : 1365, Gen Loss Total : 2497.986, Amplitude Loss : 31.759, Instantaneous Phase Loss : 1.572, Group Delay Loss : 0.609, Phase Time Difference Loss : 0.837, STFT Consistency Loss : 0.002, Real Part Loss : 0.149, Imaginary Part Loss : 0.134, Mel Spectrogram Loss : 2.661, Mel Spectrogram L2 Loss : 9.520, Commit Loss : 4.709, s/b : 0.231
Steps : 1370, Gen Loss Total : 2452.731, Amplitude Loss : 31.768, Instantaneous Phase Loss : 1.573, Group Delay Loss : 0.609, Phase Time Difference Loss : 0.838, STFT Consistency Loss : 0.002, Real Part Loss : 0.125, Imaginary Part Loss : 0.118, Mel Spectrogram Loss : 2.545, Mel Spectrogram L2 Loss : 9.067, Commit Loss : 4.678, s/b : 0.114
Time taken for epoch 11 is 28 sec

Epoch: 12
Steps : 1375, Gen Loss Total : 2571.304, Amplitude Loss : 31.936, Instantaneous Phase Loss : 1.566, Group Delay Loss : 0.612, Phase Time Difference Loss : 0.846, STFT Consistency Loss : 0.002, Real Part Loss : 0.164, Imaginary Part Loss : 0.153, Mel Spectrogram Loss : 2.773, Mel Spectrogram L2 Loss : 10.109, Commit Loss : 4.657, s/b : 0.343
Steps : 1380, Gen Loss Total : 2498.959, Amplitude Loss : 31.582, Instantaneous Phase Loss : 1.571, Group Delay Loss : 0.614, Phase Time Difference Loss : 0.846, STFT Consistency Loss : 0.002, Real Part Loss : 0.170, Imaginary Part Loss : 0.161, Mel Spectrogram Loss : 2.701, Mel Spectrogram L2 Loss : 9.648, Commit Loss : 4.662, s/b : 0.219
Steps : 1385, Gen Loss Total : 2569.622, Amplitude Loss : 31.615, Instantaneous Phase Loss : 1.570, Group Delay Loss : 0.615, Phase Time Difference Loss : 0.851, STFT Consistency Loss : 0.002, Real Part Loss : 0.204, Imaginary Part Loss : 0.203, Mel Spectrogram Loss : 2.687, Mel Spectrogram L2 Loss : 9.791, Commit Loss : 4.643, s/b : 0.223
Steps : 1390, Gen Loss Total : 2545.352, Amplitude Loss : 31.796, Instantaneous Phase Loss : 1.573, Group Delay Loss : 0.613, Phase Time Difference Loss : 0.846, STFT Consistency Loss : 0.002, Real Part Loss : 0.165, Imaginary Part Loss : 0.156, Mel Spectrogram Loss : 2.750, Mel Spectrogram L2 Loss : 10.003, Commit Loss : 4.633, s/b : 0.216
Steps : 1395, Gen Loss Total : 2521.666, Amplitude Loss : 31.640, Instantaneous Phase Loss : 1.572, Group Delay Loss : 0.612, Phase Time Difference Loss : 0.842, STFT Consistency Loss : 0.002, Real Part Loss : 0.154, Imaginary Part Loss : 0.147, Mel Spectrogram Loss : 2.721, Mel Spectrogram L2 Loss : 9.833, Commit Loss : 4.663, s/b : 0.251
Steps : 1400, Gen Loss Total : 2457.798, Amplitude Loss : 31.548, Instantaneous Phase Loss : 1.571, Group Delay Loss : 0.613, Phase Time Difference Loss : 0.850, STFT Consistency Loss : 0.002, Real Part Loss : 0.123, Imaginary Part Loss : 0.115, Mel Spectrogram Loss : 2.577, Mel Spectrogram L2 Loss : 9.240, Commit Loss : 4.614, s/b : 0.211
Steps : 1405, Gen Loss Total : 2499.005, Amplitude Loss : 30.921, Instantaneous Phase Loss : 1.570, Group Delay Loss : 0.611, Phase Time Difference Loss : 0.844, STFT Consistency Loss : 0.002, Real Part Loss : 0.193, Imaginary Part Loss : 0.179, Mel Spectrogram Loss : 2.552, Mel Spectrogram L2 Loss : 9.017, Commit Loss : 4.598, s/b : 0.221
Steps : 1410, Gen Loss Total : 2535.177, Amplitude Loss : 31.995, Instantaneous Phase Loss : 1.572, Group Delay Loss : 0.607, Phase Time Difference Loss : 0.838, STFT Consistency Loss : 0.002, Real Part Loss : 0.145, Imaginary Part Loss : 0.137, Mel Spectrogram Loss : 2.699, Mel Spectrogram L2 Loss : 9.977, Commit Loss : 4.649, s/b : 0.218
Steps : 1415, Gen Loss Total : 2535.613, Amplitude Loss : 31.585, Instantaneous Phase Loss : 1.571, Group Delay Loss : 0.608, Phase Time Difference Loss : 0.838, STFT Consistency Loss : 0.002, Real Part Loss : 0.178, Imaginary Part Loss : 0.168, Mel Spectrogram Loss : 2.770, Mel Spectrogram L2 Loss : 9.998, Commit Loss : 4.663, s/b : 0.220
Steps : 1420, Gen Loss Total : 2424.474, Amplitude Loss : 31.004, Instantaneous Phase Loss : 1.573, Group Delay Loss : 0.610, Phase Time Difference Loss : 0.839, STFT Consistency Loss : 0.002, Real Part Loss : 0.150, Imaginary Part Loss : 0.147, Mel Spectrogram Loss : 2.552, Mel Spectrogram L2 Loss : 9.034, Commit Loss : 4.630, s/b : 0.211
Steps : 1425, Gen Loss Total : 2483.508, Amplitude Loss : 30.898, Instantaneous Phase Loss : 1.570, Group Delay Loss : 0.609, Phase Time Difference Loss : 0.840, STFT Consistency Loss : 0.002, Real Part Loss : 0.179, Imaginary Part Loss : 0.168, Mel Spectrogram Loss : 2.589, Mel Spectrogram L2 Loss : 9.097, Commit Loss : 4.545, s/b : 0.250
Steps : 1430, Gen Loss Total : 2467.719, Amplitude Loss : 31.285, Instantaneous Phase Loss : 1.572, Group Delay Loss : 0.605, Phase Time Difference Loss : 0.836, STFT Consistency Loss : 0.002, Real Part Loss : 0.134, Imaginary Part Loss : 0.128, Mel Spectrogram Loss : 2.737, Mel Spectrogram L2 Loss : 9.904, Commit Loss : 4.590, s/b : 0.236
Steps : 1435, Gen Loss Total : 2465.914, Amplitude Loss : 31.294, Instantaneous Phase Loss : 1.572, Group Delay Loss : 0.608, Phase Time Difference Loss : 0.842, STFT Consistency Loss : 0.002, Real Part Loss : 0.148, Imaginary Part Loss : 0.137, Mel Spectrogram Loss : 2.689, Mel Spectrogram L2 Loss : 9.621, Commit Loss : 4.599, s/b : 0.228
Steps : 1440, Gen Loss Total : 2470.599, Amplitude Loss : 30.837, Instantaneous Phase Loss : 1.566, Group Delay Loss : 0.612, Phase Time Difference Loss : 0.843, STFT Consistency Loss : 0.002, Real Part Loss : 0.188, Imaginary Part Loss : 0.178, Mel Spectrogram Loss : 2.643, Mel Spectrogram L2 Loss : 9.530, Commit Loss : 4.543, s/b : 0.215
Steps : 1445, Gen Loss Total : 2534.372, Amplitude Loss : 31.184, Instantaneous Phase Loss : 1.569, Group Delay Loss : 0.607, Phase Time Difference Loss : 0.838, STFT Consistency Loss : 0.002, Real Part Loss : 0.172, Imaginary Part Loss : 0.159, Mel Spectrogram Loss : 2.836, Mel Spectrogram L2 Loss : 10.147, Commit Loss : 4.543, s/b : 0.224
Steps : 1450, Gen Loss Total : 2365.439, Amplitude Loss : 30.675, Instantaneous Phase Loss : 1.571, Group Delay Loss : 0.606, Phase Time Difference Loss : 0.840, STFT Consistency Loss : 0.002, Real Part Loss : 0.120, Imaginary Part Loss : 0.115, Mel Spectrogram Loss : 2.532, Mel Spectrogram L2 Loss : 8.910, Commit Loss : 4.551, s/b : 0.296
Steps : 1455, Gen Loss Total : 2495.088, Amplitude Loss : 31.070, Instantaneous Phase Loss : 1.568, Group Delay Loss : 0.608, Phase Time Difference Loss : 0.841, STFT Consistency Loss : 0.002, Real Part Loss : 0.160, Imaginary Part Loss : 0.147, Mel Spectrogram Loss : 2.710, Mel Spectrogram L2 Loss : 9.690, Commit Loss : 4.542, s/b : 0.269
Steps : 1460, Gen Loss Total : 2440.842, Amplitude Loss : 30.405, Instantaneous Phase Loss : 1.569, Group Delay Loss : 0.608, Phase Time Difference Loss : 0.842, STFT Consistency Loss : 0.002, Real Part Loss : 0.176, Imaginary Part Loss : 0.167, Mel Spectrogram Loss : 2.542, Mel Spectrogram L2 Loss : 8.896, Commit Loss : 4.549, s/b : 0.233
Steps : 1465, Gen Loss Total : 2466.874, Amplitude Loss : 30.606, Instantaneous Phase Loss : 1.573, Group Delay Loss : 0.607, Phase Time Difference Loss : 0.840, STFT Consistency Loss : 0.002, Real Part Loss : 0.173, Imaginary Part Loss : 0.159, Mel Spectrogram Loss : 2.648, Mel Spectrogram L2 Loss : 9.456, Commit Loss : 4.517, s/b : 0.303
Steps : 1470, Gen Loss Total : 2532.027, Amplitude Loss : 31.726, Instantaneous Phase Loss : 1.571, Group Delay Loss : 0.605, Phase Time Difference Loss : 0.837, STFT Consistency Loss : 0.002, Real Part Loss : 0.115, Imaginary Part Loss : 0.110, Mel Spectrogram Loss : 2.954, Mel Spectrogram L2 Loss : 10.977, Commit Loss : 4.501, s/b : 0.220
Steps : 1475, Gen Loss Total : 2449.542, Amplitude Loss : 30.542, Instantaneous Phase Loss : 1.569, Group Delay Loss : 0.608, Phase Time Difference Loss : 0.840, STFT Consistency Loss : 0.002, Real Part Loss : 0.161, Imaginary Part Loss : 0.152, Mel Spectrogram Loss : 2.686, Mel Spectrogram L2 Loss : 9.571, Commit Loss : 4.477, s/b : 0.222
Steps : 1480, Gen Loss Total : 2441.250, Amplitude Loss : 30.330, Instantaneous Phase Loss : 1.572, Group Delay Loss : 0.605, Phase Time Difference Loss : 0.838, STFT Consistency Loss : 0.002, Real Part Loss : 0.178, Imaginary Part Loss : 0.173, Mel Spectrogram Loss : 2.613, Mel Spectrogram L2 Loss : 9.246, Commit Loss : 4.389, s/b : 0.213
Steps : 1485, Gen Loss Total : 2452.161, Amplitude Loss : 30.052, Instantaneous Phase Loss : 1.572, Group Delay Loss : 0.607, Phase Time Difference Loss : 0.839, STFT Consistency Loss : 0.002, Real Part Loss : 0.180, Imaginary Part Loss : 0.169, Mel Spectrogram Loss : 2.513, Mel Spectrogram L2 Loss : 8.659, Commit Loss : 4.429, s/b : 0.240
Steps : 1490, Gen Loss Total : 2567.548, Amplitude Loss : 31.289, Instantaneous Phase Loss : 1.570, Group Delay Loss : 0.607, Phase Time Difference Loss : 0.841, STFT Consistency Loss : 0.002, Real Part Loss : 0.146, Imaginary Part Loss : 0.130, Mel Spectrogram Loss : 2.999, Mel Spectrogram L2 Loss : 11.370, Commit Loss : 4.450, s/b : 0.239
Steps : 1495, Gen Loss Total : 2503.740, Amplitude Loss : 30.280, Instantaneous Phase Loss : 1.565, Group Delay Loss : 0.605, Phase Time Difference Loss : 0.839, STFT Consistency Loss : 0.002, Real Part Loss : 0.192, Imaginary Part Loss : 0.180, Mel Spectrogram Loss : 2.718, Mel Spectrogram L2 Loss : 9.577, Commit Loss : 4.422, s/b : 0.195
Time taken for epoch 12 is 29 sec

Epoch: 13
Steps : 1500, Gen Loss Total : 2492.857, Amplitude Loss : 30.471, Instantaneous Phase Loss : 1.567, Group Delay Loss : 0.605, Phase Time Difference Loss : 0.842, STFT Consistency Loss : 0.003, Real Part Loss : 0.176, Imaginary Part Loss : 0.167, Mel Spectrogram Loss : 2.836, Mel Spectrogram L2 Loss : 10.340, Commit Loss : 4.379, s/b : 0.394
Steps : 1505, Gen Loss Total : 2319.386, Amplitude Loss : 30.069, Instantaneous Phase Loss : 1.576, Group Delay Loss : 0.603, Phase Time Difference Loss : 0.835, STFT Consistency Loss : 0.002, Real Part Loss : 0.111, Imaginary Part Loss : 0.105, Mel Spectrogram Loss : 2.585, Mel Spectrogram L2 Loss : 8.835, Commit Loss : 4.433, s/b : 0.219
Steps : 1510, Gen Loss Total : 2489.718, Amplitude Loss : 30.181, Instantaneous Phase Loss : 1.569, Group Delay Loss : 0.607, Phase Time Difference Loss : 0.839, STFT Consistency Loss : 0.001, Real Part Loss : 0.188, Imaginary Part Loss : 0.176, Mel Spectrogram Loss : 2.795, Mel Spectrogram L2 Loss : 10.002, Commit Loss : 4.420, s/b : 0.221
Steps : 1515, Gen Loss Total : 2389.447, Amplitude Loss : 29.546, Instantaneous Phase Loss : 1.570, Group Delay Loss : 0.607, Phase Time Difference Loss : 0.841, STFT Consistency Loss : 0.002, Real Part Loss : 0.170, Imaginary Part Loss : 0.159, Mel Spectrogram Loss : 2.547, Mel Spectrogram L2 Loss : 8.779, Commit Loss : 4.412, s/b : 0.239
Steps : 1520, Gen Loss Total : 2358.365, Amplitude Loss : 29.927, Instantaneous Phase Loss : 1.568, Group Delay Loss : 0.601, Phase Time Difference Loss : 0.836, STFT Consistency Loss : 0.003, Real Part Loss : 0.132, Imaginary Part Loss : 0.120, Mel Spectrogram Loss : 2.622, Mel Spectrogram L2 Loss : 9.136, Commit Loss : 4.411, s/b : 0.242
Steps : 1525, Gen Loss Total : 2467.338, Amplitude Loss : 30.020, Instantaneous Phase Loss : 1.572, Group Delay Loss : 0.605, Phase Time Difference Loss : 0.838, STFT Consistency Loss : 0.002, Real Part Loss : 0.173, Imaginary Part Loss : 0.162, Mel Spectrogram Loss : 2.789, Mel Spectrogram L2 Loss : 10.250, Commit Loss : 4.404, s/b : 0.218
Steps : 1530, Gen Loss Total : 2422.267, Amplitude Loss : 29.142, Instantaneous Phase Loss : 1.575, Group Delay Loss : 0.612, Phase Time Difference Loss : 0.850, STFT Consistency Loss : 0.002, Real Part Loss : 0.227, Imaginary Part Loss : 0.215, Mel Spectrogram Loss : 2.510, Mel Spectrogram L2 Loss : 8.682, Commit Loss : 4.356, s/b : 0.222
Steps : 1535, Gen Loss Total : 2320.701, Amplitude Loss : 29.380, Instantaneous Phase Loss : 1.567, Group Delay Loss : 0.603, Phase Time Difference Loss : 0.836, STFT Consistency Loss : 0.002, Real Part Loss : 0.143, Imaginary Part Loss : 0.135, Mel Spectrogram Loss : 2.507, Mel Spectrogram L2 Loss : 8.528, Commit Loss : 4.380, s/b : 0.230
Steps : 1540, Gen Loss Total : 2348.723, Amplitude Loss : 29.143, Instantaneous Phase Loss : 1.573, Group Delay Loss : 0.604, Phase Time Difference Loss : 0.834, STFT Consistency Loss : 0.001, Real Part Loss : 0.165, Imaginary Part Loss : 0.155, Mel Spectrogram Loss : 2.579, Mel Spectrogram L2 Loss : 8.880, Commit Loss : 4.301, s/b : 0.216
Steps : 1545, Gen Loss Total : 2398.550, Amplitude Loss : 29.549, Instantaneous Phase Loss : 1.569, Group Delay Loss : 0.601, Phase Time Difference Loss : 0.833, STFT Consistency Loss : 0.001, Real Part Loss : 0.165, Imaginary Part Loss : 0.158, Mel Spectrogram Loss : 2.679, Mel Spectrogram L2 Loss : 9.475, Commit Loss : 4.287, s/b : 0.224
Steps : 1550, Gen Loss Total : 2435.185, Amplitude Loss : 28.864, Instantaneous Phase Loss : 1.572, Group Delay Loss : 0.606, Phase Time Difference Loss : 0.842, STFT Consistency Loss : 0.002, Real Part Loss : 0.212, Imaginary Part Loss : 0.202, Mel Spectrogram Loss : 2.530, Mel Spectrogram L2 Loss : 8.616, Commit Loss : 4.348, s/b : 0.249
Steps : 1555, Gen Loss Total : 2379.947, Amplitude Loss : 29.250, Instantaneous Phase Loss : 1.566, Group Delay Loss : 0.606, Phase Time Difference Loss : 0.843, STFT Consistency Loss : 0.002, Real Part Loss : 0.174, Imaginary Part Loss : 0.166, Mel Spectrogram Loss : 2.690, Mel Spectrogram L2 Loss : 9.401, Commit Loss : 4.264, s/b : 0.264
Steps : 1560, Gen Loss Total : 2511.401, Amplitude Loss : 29.907, Instantaneous Phase Loss : 1.575, Group Delay Loss : 0.603, Phase Time Difference Loss : 0.837, STFT Consistency Loss : 0.002, Real Part Loss : 0.203, Imaginary Part Loss : 0.192, Mel Spectrogram Loss : 2.844, Mel Spectrogram L2 Loss : 10.250, Commit Loss : 4.366, s/b : 0.223
Steps : 1565, Gen Loss Total : 2316.759, Amplitude Loss : 28.716, Instantaneous Phase Loss : 1.571, Group Delay Loss : 0.600, Phase Time Difference Loss : 0.831, STFT Consistency Loss : 0.001, Real Part Loss : 0.175, Imaginary Part Loss : 0.165, Mel Spectrogram Loss : 2.477, Mel Spectrogram L2 Loss : 8.452, Commit Loss : 4.315, s/b : 0.223
Steps : 1570, Gen Loss Total : 2438.261, Amplitude Loss : 29.089, Instantaneous Phase Loss : 1.562, Group Delay Loss : 0.602, Phase Time Difference Loss : 0.839, STFT Consistency Loss : 0.002, Real Part Loss : 0.186, Imaginary Part Loss : 0.168, Mel Spectrogram Loss : 2.755, Mel Spectrogram L2 Loss : 9.725, Commit Loss : 4.315, s/b : 0.264
Steps : 1575, Gen Loss Total : 2551.200, Amplitude Loss : 30.813, Instantaneous Phase Loss : 1.568, Group Delay Loss : 0.669, Phase Time Difference Loss : 0.858, STFT Consistency Loss : 0.002, Real Part Loss : 0.177, Imaginary Part Loss : 0.165, Mel Spectrogram Loss : 2.917, Mel Spectrogram L2 Loss : 10.671, Commit Loss : 4.290, s/b : 0.224
Steps : 1580, Gen Loss Total : 2415.094, Amplitude Loss : 28.886, Instantaneous Phase Loss : 1.569, Group Delay Loss : 0.600, Phase Time Difference Loss : 0.835, STFT Consistency Loss : 0.002, Real Part Loss : 0.173, Imaginary Part Loss : 0.156, Mel Spectrogram Loss : 2.706, Mel Spectrogram L2 Loss : 9.556, Commit Loss : 4.274, s/b : 0.224
Steps : 1585, Gen Loss Total : 2330.272, Amplitude Loss : 28.369, Instantaneous Phase Loss : 1.570, Group Delay Loss : 0.599, Phase Time Difference Loss : 0.831, STFT Consistency Loss : 0.001, Real Part Loss : 0.166, Imaginary Part Loss : 0.156, Mel Spectrogram Loss : 2.504, Mel Spectrogram L2 Loss : 8.448, Commit Loss : 4.315, s/b : 0.217
Steps : 1590, Gen Loss Total : 2388.489, Amplitude Loss : 28.511, Instantaneous Phase Loss : 1.576, Group Delay Loss : 0.602, Phase Time Difference Loss : 0.835, STFT Consistency Loss : 0.001, Real Part Loss : 0.182, Imaginary Part Loss : 0.166, Mel Spectrogram Loss : 2.645, Mel Spectrogram L2 Loss : 9.167, Commit Loss : 4.217, s/b : 0.255
Steps : 1595, Gen Loss Total : 2342.781, Amplitude Loss : 28.578, Instantaneous Phase Loss : 1.573, Group Delay Loss : 0.596, Phase Time Difference Loss : 0.830, STFT Consistency Loss : 0.001, Real Part Loss : 0.154, Imaginary Part Loss : 0.143, Mel Spectrogram Loss : 2.614, Mel Spectrogram L2 Loss : 9.020, Commit Loss : 4.198, s/b : 0.186
Steps : 1600, Gen Loss Total : 2322.960, Amplitude Loss : 28.084, Instantaneous Phase Loss : 1.566, Group Delay Loss : 0.601, Phase Time Difference Loss : 0.835, STFT Consistency Loss : 0.001, Real Part Loss : 0.179, Imaginary Part Loss : 0.171, Mel Spectrogram Loss : 2.522, Mel Spectrogram L2 Loss : 8.479, Commit Loss : 4.216, s/b : 0.229
Steps : 1605, Gen Loss Total : 2283.080, Amplitude Loss : 28.556, Instantaneous Phase Loss : 1.575, Group Delay Loss : 0.592, Phase Time Difference Loss : 0.825, STFT Consistency Loss : 0.002, Real Part Loss : 0.113, Imaginary Part Loss : 0.106, Mel Spectrogram Loss : 2.661, Mel Spectrogram L2 Loss : 9.142, Commit Loss : 4.182, s/b : 0.239
Steps : 1610, Gen Loss Total : 2288.708, Amplitude Loss : 28.380, Instantaneous Phase Loss : 1.574, Group Delay Loss : 0.596, Phase Time Difference Loss : 0.830, STFT Consistency Loss : 0.001, Real Part Loss : 0.117, Imaginary Part Loss : 0.109, Mel Spectrogram Loss : 2.682, Mel Spectrogram L2 Loss : 9.182, Commit Loss : 4.138, s/b : 0.229
Steps : 1615, Gen Loss Total : 2338.391, Amplitude Loss : 28.613, Instantaneous Phase Loss : 1.565, Group Delay Loss : 0.593, Phase Time Difference Loss : 0.823, STFT Consistency Loss : 0.001, Real Part Loss : 0.105, Imaginary Part Loss : 0.100, Mel Spectrogram Loss : 2.794, Mel Spectrogram L2 Loss : 9.677, Commit Loss : 4.139, s/b : 0.255
Steps : 1620, Gen Loss Total : 2283.922, Amplitude Loss : 27.750, Instantaneous Phase Loss : 1.572, Group Delay Loss : 0.592, Phase Time Difference Loss : 0.823, STFT Consistency Loss : 0.001, Real Part Loss : 0.143, Imaginary Part Loss : 0.134, Mel Spectrogram Loss : 2.552, Mel Spectrogram L2 Loss : 8.428, Commit Loss : 4.145, s/b : 0.116
Time taken for epoch 13 is 29 sec

Epoch: 14
Steps : 1625, Gen Loss Total : 2282.077, Amplitude Loss : 28.027, Instantaneous Phase Loss : 1.566, Group Delay Loss : 0.594, Phase Time Difference Loss : 0.829, STFT Consistency Loss : 0.001, Real Part Loss : 0.130, Imaginary Part Loss : 0.125, Mel Spectrogram Loss : 2.654, Mel Spectrogram L2 Loss : 9.163, Commit Loss : 4.150, s/b : 0.372
Steps : 1630, Gen Loss Total : 2242.404, Amplitude Loss : 27.608, Instantaneous Phase Loss : 1.571, Group Delay Loss : 0.597, Phase Time Difference Loss : 0.829, STFT Consistency Loss : 0.001, Real Part Loss : 0.144, Imaginary Part Loss : 0.136, Mel Spectrogram Loss : 2.541, Mel Spectrogram L2 Loss : 8.427, Commit Loss : 4.172, s/b : 0.223
Steps : 1635, Gen Loss Total : 2263.648, Amplitude Loss : 28.011, Instantaneous Phase Loss : 1.572, Group Delay Loss : 0.593, Phase Time Difference Loss : 0.826, STFT Consistency Loss : 0.001, Real Part Loss : 0.122, Imaginary Part Loss : 0.115, Mel Spectrogram Loss : 2.587, Mel Spectrogram L2 Loss : 8.917, Commit Loss : 4.088, s/b : 0.273
Steps : 1640, Gen Loss Total : 2165.171, Amplitude Loss : 27.668, Instantaneous Phase Loss : 1.572, Group Delay Loss : 0.589, Phase Time Difference Loss : 0.819, STFT Consistency Loss : 0.001, Real Part Loss : 0.095, Imaginary Part Loss : 0.089, Mel Spectrogram Loss : 2.498, Mel Spectrogram L2 Loss : 8.198, Commit Loss : 4.121, s/b : 0.222
Steps : 1645, Gen Loss Total : 2211.247, Amplitude Loss : 27.319, Instantaneous Phase Loss : 1.576, Group Delay Loss : 0.595, Phase Time Difference Loss : 0.829, STFT Consistency Loss : 0.001, Real Part Loss : 0.129, Imaginary Part Loss : 0.116, Mel Spectrogram Loss : 2.435, Mel Spectrogram L2 Loss : 7.922, Commit Loss : 4.076, s/b : 0.230
Steps : 1650, Gen Loss Total : 2307.094, Amplitude Loss : 27.144, Instantaneous Phase Loss : 1.569, Group Delay Loss : 0.595, Phase Time Difference Loss : 0.831, STFT Consistency Loss : 0.001, Real Part Loss : 0.181, Imaginary Part Loss : 0.167, Mel Spectrogram Loss : 2.515, Mel Spectrogram L2 Loss : 8.357, Commit Loss : 4.073, s/b : 0.257
Steps : 1655, Gen Loss Total : 2216.014, Amplitude Loss : 27.151, Instantaneous Phase Loss : 1.573, Group Delay Loss : 0.588, Phase Time Difference Loss : 0.820, STFT Consistency Loss : 0.001, Real Part Loss : 0.130, Imaginary Part Loss : 0.120, Mel Spectrogram Loss : 2.511, Mel Spectrogram L2 Loss : 8.342, Commit Loss : 4.164, s/b : 0.250
Steps : 1660, Gen Loss Total : 2198.598, Amplitude Loss : 26.636, Instantaneous Phase Loss : 1.567, Group Delay Loss : 0.591, Phase Time Difference Loss : 0.824, STFT Consistency Loss : 0.002, Real Part Loss : 0.168, Imaginary Part Loss : 0.157, Mel Spectrogram Loss : 2.416, Mel Spectrogram L2 Loss : 7.770, Commit Loss : 4.018, s/b : 0.216
Steps : 1665, Gen Loss Total : 2159.724, Amplitude Loss : 26.707, Instantaneous Phase Loss : 1.570, Group Delay Loss : 0.592, Phase Time Difference Loss : 0.826, STFT Consistency Loss : 0.002, Real Part Loss : 0.142, Imaginary Part Loss : 0.136, Mel Spectrogram Loss : 2.445, Mel Spectrogram L2 Loss : 7.937, Commit Loss : 4.121, s/b : 0.221
Steps : 1670, Gen Loss Total : 2266.774, Amplitude Loss : 27.232, Instantaneous Phase Loss : 1.570, Group Delay Loss : 0.592, Phase Time Difference Loss : 0.827, STFT Consistency Loss : 0.001, Real Part Loss : 0.147, Imaginary Part Loss : 0.137, Mel Spectrogram Loss : 2.636, Mel Spectrogram L2 Loss : 9.052, Commit Loss : 4.064, s/b : 0.224
Steps : 1675, Gen Loss Total : 2153.119, Amplitude Loss : 26.543, Instantaneous Phase Loss : 1.568, Group Delay Loss : 0.589, Phase Time Difference Loss : 0.822, STFT Consistency Loss : 0.001, Real Part Loss : 0.118, Imaginary Part Loss : 0.110, Mel Spectrogram Loss : 2.494, Mel Spectrogram L2 Loss : 8.067, Commit Loss : 4.030, s/b : 0.211
Steps : 1680, Gen Loss Total : 2215.853, Amplitude Loss : 26.906, Instantaneous Phase Loss : 1.572, Group Delay Loss : 0.589, Phase Time Difference Loss : 0.822, STFT Consistency Loss : 0.001, Real Part Loss : 0.131, Imaginary Part Loss : 0.125, Mel Spectrogram Loss : 2.648, Mel Spectrogram L2 Loss : 8.789, Commit Loss : 3.995, s/b : 0.240
Steps : 1685, Gen Loss Total : 2197.350, Amplitude Loss : 26.385, Instantaneous Phase Loss : 1.568, Group Delay Loss : 0.590, Phase Time Difference Loss : 0.825, STFT Consistency Loss : 0.001, Real Part Loss : 0.153, Imaginary Part Loss : 0.141, Mel Spectrogram Loss : 2.511, Mel Spectrogram L2 Loss : 8.345, Commit Loss : 3.973, s/b : 0.213
Steps : 1690, Gen Loss Total : 2130.382, Amplitude Loss : 26.207, Instantaneous Phase Loss : 1.576, Group Delay Loss : 0.590, Phase Time Difference Loss : 0.825, STFT Consistency Loss : 0.001, Real Part Loss : 0.129, Imaginary Part Loss : 0.122, Mel Spectrogram Loss : 2.397, Mel Spectrogram L2 Loss : 7.696, Commit Loss : 3.961, s/b : 0.222
Steps : 1695, Gen Loss Total : 2247.366, Amplitude Loss : 26.052, Instantaneous Phase Loss : 1.573, Group Delay Loss : 0.593, Phase Time Difference Loss : 0.829, STFT Consistency Loss : 0.001, Real Part Loss : 0.186, Imaginary Part Loss : 0.174, Mel Spectrogram Loss : 2.552, Mel Spectrogram L2 Loss : 8.383, Commit Loss : 3.962, s/b : 0.271
Steps : 1700, Gen Loss Total : 2141.276, Amplitude Loss : 26.013, Instantaneous Phase Loss : 1.572, Group Delay Loss : 0.590, Phase Time Difference Loss : 0.828, STFT Consistency Loss : 0.002, Real Part Loss : 0.159, Imaginary Part Loss : 0.148, Mel Spectrogram Loss : 2.457, Mel Spectrogram L2 Loss : 7.845, Commit Loss : 3.919, s/b : 0.220
Steps : 1705, Gen Loss Total : 2221.818, Amplitude Loss : 26.869, Instantaneous Phase Loss : 1.566, Group Delay Loss : 0.584, Phase Time Difference Loss : 0.817, STFT Consistency Loss : 0.002, Real Part Loss : 0.122, Imaginary Part Loss : 0.113, Mel Spectrogram Loss : 2.704, Mel Spectrogram L2 Loss : 9.342, Commit Loss : 3.966, s/b : 0.259
Steps : 1710, Gen Loss Total : 2056.419, Amplitude Loss : 25.328, Instantaneous Phase Loss : 1.566, Group Delay Loss : 0.585, Phase Time Difference Loss : 0.820, STFT Consistency Loss : 0.001, Real Part Loss : 0.124, Imaginary Part Loss : 0.113, Mel Spectrogram Loss : 2.255, Mel Spectrogram L2 Loss : 6.925, Commit Loss : 3.936, s/b : 0.215
Steps : 1715, Gen Loss Total : 2154.911, Amplitude Loss : 25.594, Instantaneous Phase Loss : 1.573, Group Delay Loss : 0.589, Phase Time Difference Loss : 0.828, STFT Consistency Loss : 0.001, Real Part Loss : 0.165, Imaginary Part Loss : 0.150, Mel Spectrogram Loss : 2.461, Mel Spectrogram L2 Loss : 7.986, Commit Loss : 3.900, s/b : 0.227
Steps : 1720, Gen Loss Total : 2228.867, Amplitude Loss : 25.996, Instantaneous Phase Loss : 1.575, Group Delay Loss : 0.583, Phase Time Difference Loss : 0.819, STFT Consistency Loss : 0.002, Real Part Loss : 0.148, Imaginary Part Loss : 0.137, Mel Spectrogram Loss : 2.656, Mel Spectrogram L2 Loss : 9.180, Commit Loss : 3.860, s/b : 0.218
Steps : 1725, Gen Loss Total : 2147.728, Amplitude Loss : 25.109, Instantaneous Phase Loss : 1.571, Group Delay Loss : 0.589, Phase Time Difference Loss : 0.825, STFT Consistency Loss : 0.001, Real Part Loss : 0.178, Imaginary Part Loss : 0.168, Mel Spectrogram Loss : 2.415, Mel Spectrogram L2 Loss : 7.737, Commit Loss : 3.843, s/b : 0.222
Steps : 1730, Gen Loss Total : 2071.789, Amplitude Loss : 24.983, Instantaneous Phase Loss : 1.571, Group Delay Loss : 0.582, Phase Time Difference Loss : 0.816, STFT Consistency Loss : 0.001, Real Part Loss : 0.148, Imaginary Part Loss : 0.136, Mel Spectrogram Loss : 2.330, Mel Spectrogram L2 Loss : 7.169, Commit Loss : 3.821, s/b : 0.284
Steps : 1735, Gen Loss Total : 2163.766, Amplitude Loss : 25.067, Instantaneous Phase Loss : 1.572, Group Delay Loss : 0.587, Phase Time Difference Loss : 0.822, STFT Consistency Loss : 0.001, Real Part Loss : 0.166, Imaginary Part Loss : 0.158, Mel Spectrogram Loss : 2.518, Mel Spectrogram L2 Loss : 8.169, Commit Loss : 3.837, s/b : 0.233
Steps : 1740, Gen Loss Total : 2095.092, Amplitude Loss : 24.940, Instantaneous Phase Loss : 1.566, Group Delay Loss : 0.585, Phase Time Difference Loss : 0.822, STFT Consistency Loss : 0.001, Real Part Loss : 0.119, Imaginary Part Loss : 0.105, Mel Spectrogram Loss : 2.340, Mel Spectrogram L2 Loss : 7.529, Commit Loss : 3.855, s/b : 0.240
Steps : 1745, Gen Loss Total : 2017.045, Amplitude Loss : 24.614, Instantaneous Phase Loss : 1.571, Group Delay Loss : 0.580, Phase Time Difference Loss : 0.813, STFT Consistency Loss : 0.001, Real Part Loss : 0.115, Imaginary Part Loss : 0.103, Mel Spectrogram Loss : 2.356, Mel Spectrogram L2 Loss : 7.342, Commit Loss : 3.769, s/b : 0.116
Time taken for epoch 14 is 29 sec

Epoch: 15
Steps : 1750, Gen Loss Total : 2087.669, Amplitude Loss : 24.634, Instantaneous Phase Loss : 1.569, Group Delay Loss : 0.581, Phase Time Difference Loss : 0.819, STFT Consistency Loss : 0.001, Real Part Loss : 0.152, Imaginary Part Loss : 0.143, Mel Spectrogram Loss : 2.446, Mel Spectrogram L2 Loss : 7.717, Commit Loss : 3.790, s/b : 0.341
Steps : 1755, Gen Loss Total : 2061.908, Amplitude Loss : 24.885, Instantaneous Phase Loss : 1.577, Group Delay Loss : 0.584, Phase Time Difference Loss : 0.821, STFT Consistency Loss : 0.001, Real Part Loss : 0.122, Imaginary Part Loss : 0.114, Mel Spectrogram Loss : 2.454, Mel Spectrogram L2 Loss : 7.851, Commit Loss : 3.813, s/b : 0.218
Steps : 1760, Gen Loss Total : 2090.709, Amplitude Loss : 24.406, Instantaneous Phase Loss : 1.570, Group Delay Loss : 0.581, Phase Time Difference Loss : 0.815, STFT Consistency Loss : 0.001, Real Part Loss : 0.148, Imaginary Part Loss : 0.136, Mel Spectrogram Loss : 2.441, Mel Spectrogram L2 Loss : 7.799, Commit Loss : 3.775, s/b : 0.232
Steps : 1765, Gen Loss Total : 2096.354, Amplitude Loss : 24.469, Instantaneous Phase Loss : 1.576, Group Delay Loss : 0.583, Phase Time Difference Loss : 0.818, STFT Consistency Loss : 0.001, Real Part Loss : 0.146, Imaginary Part Loss : 0.138, Mel Spectrogram Loss : 2.452, Mel Spectrogram L2 Loss : 7.943, Commit Loss : 3.746, s/b : 0.230
Steps : 1770, Gen Loss Total : 2044.004, Amplitude Loss : 24.200, Instantaneous Phase Loss : 1.569, Group Delay Loss : 0.579, Phase Time Difference Loss : 0.819, STFT Consistency Loss : 0.001, Real Part Loss : 0.135, Imaginary Part Loss : 0.122, Mel Spectrogram Loss : 2.364, Mel Spectrogram L2 Loss : 7.381, Commit Loss : 3.721, s/b : 0.220
Steps : 1775, Gen Loss Total : 1993.270, Amplitude Loss : 23.352, Instantaneous Phase Loss : 1.572, Group Delay Loss : 0.580, Phase Time Difference Loss : 0.818, STFT Consistency Loss : 0.001, Real Part Loss : 0.151, Imaginary Part Loss : 0.136, Mel Spectrogram Loss : 2.217, Mel Spectrogram L2 Loss : 6.560, Commit Loss : 3.723, s/b : 0.208
Steps : 1780, Gen Loss Total : 2031.176, Amplitude Loss : 23.972, Instantaneous Phase Loss : 1.569, Group Delay Loss : 0.577, Phase Time Difference Loss : 0.814, STFT Consistency Loss : 0.001, Real Part Loss : 0.128, Imaginary Part Loss : 0.118, Mel Spectrogram Loss : 2.411, Mel Spectrogram L2 Loss : 7.576, Commit Loss : 3.674, s/b : 0.227
Steps : 1785, Gen Loss Total : 2007.931, Amplitude Loss : 23.471, Instantaneous Phase Loss : 1.572, Group Delay Loss : 0.579, Phase Time Difference Loss : 0.813, STFT Consistency Loss : 0.001, Real Part Loss : 0.153, Imaginary Part Loss : 0.142, Mel Spectrogram Loss : 2.331, Mel Spectrogram L2 Loss : 7.063, Commit Loss : 3.633, s/b : 0.286
Steps : 1790, Gen Loss Total : 2031.814, Amplitude Loss : 24.122, Instantaneous Phase Loss : 1.576, Group Delay Loss : 0.577, Phase Time Difference Loss : 0.813, STFT Consistency Loss : 0.001, Real Part Loss : 0.118, Imaginary Part Loss : 0.110, Mel Spectrogram Loss : 2.577, Mel Spectrogram L2 Loss : 8.292, Commit Loss : 3.696, s/b : 0.180
Steps : 1795, Gen Loss Total : 2025.476, Amplitude Loss : 23.571, Instantaneous Phase Loss : 1.571, Group Delay Loss : 0.581, Phase Time Difference Loss : 0.821, STFT Consistency Loss : 0.001, Real Part Loss : 0.150, Imaginary Part Loss : 0.135, Mel Spectrogram Loss : 2.426, Mel Spectrogram L2 Loss : 7.557, Commit Loss : 3.705, s/b : 0.206
Steps : 1800, Gen Loss Total : 2056.184, Amplitude Loss : 23.541, Instantaneous Phase Loss : 1.569, Group Delay Loss : 0.574, Phase Time Difference Loss : 0.813, STFT Consistency Loss : 0.001, Real Part Loss : 0.140, Imaginary Part Loss : 0.133, Mel Spectrogram Loss : 2.491, Mel Spectrogram L2 Loss : 7.837, Commit Loss : 3.670, s/b : 0.229
Steps : 1805, Gen Loss Total : 1991.504, Amplitude Loss : 23.728, Instantaneous Phase Loss : 1.566, Group Delay Loss : 0.575, Phase Time Difference Loss : 0.812, STFT Consistency Loss : 0.001, Real Part Loss : 0.091, Imaginary Part Loss : 0.086, Mel Spectrogram Loss : 2.562, Mel Spectrogram L2 Loss : 8.121, Commit Loss : 3.664, s/b : 0.237
Steps : 1810, Gen Loss Total : 2055.294, Amplitude Loss : 23.050, Instantaneous Phase Loss : 1.572, Group Delay Loss : 0.579, Phase Time Difference Loss : 0.817, STFT Consistency Loss : 0.001, Real Part Loss : 0.159, Imaginary Part Loss : 0.149, Mel Spectrogram Loss : 2.464, Mel Spectrogram L2 Loss : 7.911, Commit Loss : 3.617, s/b : 0.218
Steps : 1815, Gen Loss Total : 1889.536, Amplitude Loss : 22.522, Instantaneous Phase Loss : 1.568, Group Delay Loss : 0.575, Phase Time Difference Loss : 0.811, STFT Consistency Loss : 0.001, Real Part Loss : 0.117, Imaginary Part Loss : 0.108, Mel Spectrogram Loss : 2.190, Mel Spectrogram L2 Loss : 6.404, Commit Loss : 3.734, s/b : 0.223
Steps : 1820, Gen Loss Total : 1992.760, Amplitude Loss : 22.791, Instantaneous Phase Loss : 1.565, Group Delay Loss : 0.576, Phase Time Difference Loss : 0.816, STFT Consistency Loss : 0.001, Real Part Loss : 0.134, Imaginary Part Loss : 0.120, Mel Spectrogram Loss : 2.365, Mel Spectrogram L2 Loss : 7.260, Commit Loss : 3.583, s/b : 0.221
Steps : 1825, Gen Loss Total : 1896.829, Amplitude Loss : 22.090, Instantaneous Phase Loss : 1.575, Group Delay Loss : 0.579, Phase Time Difference Loss : 0.819, STFT Consistency Loss : 0.001, Real Part Loss : 0.151, Imaginary Part Loss : 0.140, Mel Spectrogram Loss : 2.206, Mel Spectrogram L2 Loss : 6.459, Commit Loss : 3.514, s/b : 0.217
Steps : 1830, Gen Loss Total : 1993.829, Amplitude Loss : 22.625, Instantaneous Phase Loss : 1.568, Group Delay Loss : 0.576, Phase Time Difference Loss : 0.818, STFT Consistency Loss : 0.002, Real Part Loss : 0.149, Imaginary Part Loss : 0.135, Mel Spectrogram Loss : 2.414, Mel Spectrogram L2 Loss : 7.646, Commit Loss : 3.568, s/b : 0.224
Steps : 1835, Gen Loss Total : 1939.078, Amplitude Loss : 21.708, Instantaneous Phase Loss : 1.571, Group Delay Loss : 0.577, Phase Time Difference Loss : 0.817, STFT Consistency Loss : 0.002, Real Part Loss : 0.179, Imaginary Part Loss : 0.166, Mel Spectrogram Loss : 2.217, Mel Spectrogram L2 Loss : 6.452, Commit Loss : 3.532, s/b : 0.215
Steps : 1840, Gen Loss Total : 2058.519, Amplitude Loss : 22.538, Instantaneous Phase Loss : 1.568, Group Delay Loss : 0.574, Phase Time Difference Loss : 0.812, STFT Consistency Loss : 0.001, Real Part Loss : 0.160, Imaginary Part Loss : 0.149, Mel Spectrogram Loss : 2.585, Mel Spectrogram L2 Loss : 8.355, Commit Loss : 3.500, s/b : 0.224
Steps : 1845, Gen Loss Total : 1912.064, Amplitude Loss : 22.237, Instantaneous Phase Loss : 1.572, Group Delay Loss : 0.571, Phase Time Difference Loss : 0.809, STFT Consistency Loss : 0.001, Real Part Loss : 0.124, Imaginary Part Loss : 0.119, Mel Spectrogram Loss : 2.379, Mel Spectrogram L2 Loss : 7.338, Commit Loss : 3.496, s/b : 0.221
Steps : 1850, Gen Loss Total : 1906.022, Amplitude Loss : 21.981, Instantaneous Phase Loss : 1.575, Group Delay Loss : 0.575, Phase Time Difference Loss : 0.812, STFT Consistency Loss : 0.002, Real Part Loss : 0.131, Imaginary Part Loss : 0.125, Mel Spectrogram Loss : 2.423, Mel Spectrogram L2 Loss : 7.357, Commit Loss : 3.472, s/b : 0.219
Steps : 1855, Gen Loss Total : 1927.030, Amplitude Loss : 21.702, Instantaneous Phase Loss : 1.571, Group Delay Loss : 0.573, Phase Time Difference Loss : 0.812, STFT Consistency Loss : 0.001, Real Part Loss : 0.151, Imaginary Part Loss : 0.143, Mel Spectrogram Loss : 2.300, Mel Spectrogram L2 Loss : 6.930, Commit Loss : 3.408, s/b : 0.228
Steps : 1860, Gen Loss Total : 1947.750, Amplitude Loss : 22.300, Instantaneous Phase Loss : 1.575, Group Delay Loss : 0.571, Phase Time Difference Loss : 0.811, STFT Consistency Loss : 0.001, Real Part Loss : 0.103, Imaginary Part Loss : 0.096, Mel Spectrogram Loss : 2.504, Mel Spectrogram L2 Loss : 7.823, Commit Loss : 3.422, s/b : 0.258
Steps : 1865, Gen Loss Total : 1882.310, Amplitude Loss : 21.420, Instantaneous Phase Loss : 1.570, Group Delay Loss : 0.567, Phase Time Difference Loss : 0.802, STFT Consistency Loss : 0.001, Real Part Loss : 0.115, Imaginary Part Loss : 0.106, Mel Spectrogram Loss : 2.419, Mel Spectrogram L2 Loss : 7.309, Commit Loss : 3.388, s/b : 0.211
Steps : 1870, Gen Loss Total : 1908.997, Amplitude Loss : 20.987, Instantaneous Phase Loss : 1.572, Group Delay Loss : 0.570, Phase Time Difference Loss : 0.809, STFT Consistency Loss : 0.001, Real Part Loss : 0.155, Imaginary Part Loss : 0.146, Mel Spectrogram Loss : 2.294, Mel Spectrogram L2 Loss : 6.872, Commit Loss : 3.424, s/b : 0.114
Time taken for epoch 15 is 29 sec

Epoch: 16
Steps : 1875, Gen Loss Total : 1855.574, Amplitude Loss : 21.154, Instantaneous Phase Loss : 1.571, Group Delay Loss : 0.569, Phase Time Difference Loss : 0.809, STFT Consistency Loss : 0.002, Real Part Loss : 0.129, Imaginary Part Loss : 0.118, Mel Spectrogram Loss : 2.339, Mel Spectrogram L2 Loss : 7.163, Commit Loss : 3.347, s/b : 0.371
Steps : 1880, Gen Loss Total : 1866.825, Amplitude Loss : 20.663, Instantaneous Phase Loss : 1.575, Group Delay Loss : 0.574, Phase Time Difference Loss : 0.813, STFT Consistency Loss : 0.001, Real Part Loss : 0.151, Imaginary Part Loss : 0.140, Mel Spectrogram Loss : 2.255, Mel Spectrogram L2 Loss : 6.609, Commit Loss : 3.367, s/b : 0.220
Steps : 1885, Gen Loss Total : 1873.469, Amplitude Loss : 21.124, Instantaneous Phase Loss : 1.574, Group Delay Loss : 0.567, Phase Time Difference Loss : 0.806, STFT Consistency Loss : 0.001, Real Part Loss : 0.106, Imaginary Part Loss : 0.097, Mel Spectrogram Loss : 2.422, Mel Spectrogram L2 Loss : 7.680, Commit Loss : 3.301, s/b : 0.228
Steps : 1890, Gen Loss Total : 1785.319, Amplitude Loss : 20.344, Instantaneous Phase Loss : 1.569, Group Delay Loss : 0.568, Phase Time Difference Loss : 0.807, STFT Consistency Loss : 0.001, Real Part Loss : 0.113, Imaginary Part Loss : 0.103, Mel Spectrogram Loss : 2.240, Mel Spectrogram L2 Loss : 6.660, Commit Loss : 3.282, s/b : 0.219
Steps : 1895, Gen Loss Total : 1757.710, Amplitude Loss : 20.169, Instantaneous Phase Loss : 1.571, Group Delay Loss : 0.565, Phase Time Difference Loss : 0.804, STFT Consistency Loss : 0.001, Real Part Loss : 0.106, Imaginary Part Loss : 0.095, Mel Spectrogram Loss : 2.210, Mel Spectrogram L2 Loss : 6.311, Commit Loss : 3.312, s/b : 0.267
Steps : 1900, Gen Loss Total : 1885.217, Amplitude Loss : 19.861, Instantaneous Phase Loss : 1.572, Group Delay Loss : 0.569, Phase Time Difference Loss : 0.809, STFT Consistency Loss : 0.001, Real Part Loss : 0.185, Imaginary Part Loss : 0.169, Mel Spectrogram Loss : 2.245, Mel Spectrogram L2 Loss : 6.613, Commit Loss : 3.240, s/b : 0.229
Steps : 1905, Gen Loss Total : 1839.161, Amplitude Loss : 19.560, Instantaneous Phase Loss : 1.570, Group Delay Loss : 0.570, Phase Time Difference Loss : 0.809, STFT Consistency Loss : 0.002, Real Part Loss : 0.172, Imaginary Part Loss : 0.151, Mel Spectrogram Loss : 2.190, Mel Spectrogram L2 Loss : 6.308, Commit Loss : 3.247, s/b : 0.245
Steps : 1910, Gen Loss Total : 1760.490, Amplitude Loss : 19.611, Instantaneous Phase Loss : 1.572, Group Delay Loss : 0.566, Phase Time Difference Loss : 0.804, STFT Consistency Loss : 0.001, Real Part Loss : 0.135, Imaginary Part Loss : 0.123, Mel Spectrogram Loss : 2.096, Mel Spectrogram L2 Loss : 6.048, Commit Loss : 3.242, s/b : 0.211
Steps : 1915, Gen Loss Total : 1790.364, Amplitude Loss : 19.296, Instantaneous Phase Loss : 1.568, Group Delay Loss : 0.568, Phase Time Difference Loss : 0.806, STFT Consistency Loss : 0.001, Real Part Loss : 0.163, Imaginary Part Loss : 0.154, Mel Spectrogram Loss : 2.272, Mel Spectrogram L2 Loss : 6.588, Commit Loss : 3.226, s/b : 0.217
Steps : 1920, Gen Loss Total : 1885.426, Amplitude Loss : 20.201, Instantaneous Phase Loss : 1.568, Group Delay Loss : 0.573, Phase Time Difference Loss : 0.812, STFT Consistency Loss : 0.001, Real Part Loss : 0.143, Imaginary Part Loss : 0.132, Mel Spectrogram Loss : 2.498, Mel Spectrogram L2 Loss : 8.002, Commit Loss : 3.167, s/b : 0.217
Steps : 1925, Gen Loss Total : 1810.690, Amplitude Loss : 19.163, Instantaneous Phase Loss : 1.569, Group Delay Loss : 0.563, Phase Time Difference Loss : 0.801, STFT Consistency Loss : 0.001, Real Part Loss : 0.143, Imaginary Part Loss : 0.135, Mel Spectrogram Loss : 2.373, Mel Spectrogram L2 Loss : 6.987, Commit Loss : 3.167, s/b : 0.203
Steps : 1930, Gen Loss Total : 1729.776, Amplitude Loss : 18.787, Instantaneous Phase Loss : 1.569, Group Delay Loss : 0.563, Phase Time Difference Loss : 0.804, STFT Consistency Loss : 0.002, Real Part Loss : 0.140, Imaginary Part Loss : 0.131, Mel Spectrogram Loss : 2.236, Mel Spectrogram L2 Loss : 6.292, Commit Loss : 3.115, s/b : 0.252
Steps : 1935, Gen Loss Total : 1698.042, Amplitude Loss : 18.662, Instantaneous Phase Loss : 1.573, Group Delay Loss : 0.567, Phase Time Difference Loss : 0.806, STFT Consistency Loss : 0.003, Real Part Loss : 0.143, Imaginary Part Loss : 0.136, Mel Spectrogram Loss : 2.209, Mel Spectrogram L2 Loss : 6.235, Commit Loss : 3.135, s/b : 0.263
Steps : 1940, Gen Loss Total : 1680.892, Amplitude Loss : 18.006, Instantaneous Phase Loss : 1.573, Group Delay Loss : 0.567, Phase Time Difference Loss : 0.806, STFT Consistency Loss : 0.002, Real Part Loss : 0.167, Imaginary Part Loss : 0.157, Mel Spectrogram Loss : 2.057, Mel Spectrogram L2 Loss : 5.508, Commit Loss : 3.106, s/b : 0.232
Steps : 1945, Gen Loss Total : 1706.741, Amplitude Loss : 18.551, Instantaneous Phase Loss : 1.568, Group Delay Loss : 0.564, Phase Time Difference Loss : 0.803, STFT Consistency Loss : 0.001, Real Part Loss : 0.112, Imaginary Part Loss : 0.104, Mel Spectrogram Loss : 2.236, Mel Spectrogram L2 Loss : 6.531, Commit Loss : 3.094, s/b : 0.236
Steps : 1950, Gen Loss Total : 1690.085, Amplitude Loss : 18.516, Instantaneous Phase Loss : 1.569, Group Delay Loss : 0.561, Phase Time Difference Loss : 0.801, STFT Consistency Loss : 0.001, Real Part Loss : 0.114, Imaginary Part Loss : 0.105, Mel Spectrogram Loss : 2.261, Mel Spectrogram L2 Loss : 6.716, Commit Loss : 3.033, s/b : 0.218
Steps : 1955, Gen Loss Total : 1731.473, Amplitude Loss : 18.126, Instantaneous Phase Loss : 1.571, Group Delay Loss : 0.561, Phase Time Difference Loss : 0.801, STFT Consistency Loss : 0.001, Real Part Loss : 0.127, Imaginary Part Loss : 0.115, Mel Spectrogram Loss : 2.259, Mel Spectrogram L2 Loss : 6.567, Commit Loss : 3.015, s/b : 0.220
Steps : 1960, Gen Loss Total : 1656.312, Amplitude Loss : 17.101, Instantaneous Phase Loss : 1.573, Group Delay Loss : 0.566, Phase Time Difference Loss : 0.804, STFT Consistency Loss : 0.002, Real Part Loss : 0.159, Imaginary Part Loss : 0.143, Mel Spectrogram Loss : 1.996, Mel Spectrogram L2 Loss : 5.192, Commit Loss : 2.956, s/b : 0.246
Steps : 1965, Gen Loss Total : 1666.689, Amplitude Loss : 17.358, Instantaneous Phase Loss : 1.569, Group Delay Loss : 0.562, Phase Time Difference Loss : 0.804, STFT Consistency Loss : 0.003, Real Part Loss : 0.156, Imaginary Part Loss : 0.141, Mel Spectrogram Loss : 2.112, Mel Spectrogram L2 Loss : 5.968, Commit Loss : 2.987, s/b : 0.181
Steps : 1970, Gen Loss Total : 1603.128, Amplitude Loss : 17.228, Instantaneous Phase Loss : 1.571, Group Delay Loss : 0.561, Phase Time Difference Loss : 0.801, STFT Consistency Loss : 0.002, Real Part Loss : 0.121, Imaginary Part Loss : 0.108, Mel Spectrogram Loss : 2.113, Mel Spectrogram L2 Loss : 5.783, Commit Loss : 2.997, s/b : 0.219
Steps : 1975, Gen Loss Total : 1567.415, Amplitude Loss : 16.945, Instantaneous Phase Loss : 1.572, Group Delay Loss : 0.563, Phase Time Difference Loss : 0.800, STFT Consistency Loss : 0.002, Real Part Loss : 0.122, Imaginary Part Loss : 0.115, Mel Spectrogram Loss : 2.068, Mel Spectrogram L2 Loss : 5.621, Commit Loss : 2.954, s/b : 0.234
Steps : 1980, Gen Loss Total : 1628.854, Amplitude Loss : 16.747, Instantaneous Phase Loss : 1.574, Group Delay Loss : 0.563, Phase Time Difference Loss : 0.801, STFT Consistency Loss : 0.001, Real Part Loss : 0.142, Imaginary Part Loss : 0.137, Mel Spectrogram Loss : 2.147, Mel Spectrogram L2 Loss : 5.908, Commit Loss : 2.893, s/b : 0.225
Steps : 1985, Gen Loss Total : 1679.635, Amplitude Loss : 16.333, Instantaneous Phase Loss : 1.569, Group Delay Loss : 0.565, Phase Time Difference Loss : 0.806, STFT Consistency Loss : 0.001, Real Part Loss : 0.189, Imaginary Part Loss : 0.175, Mel Spectrogram Loss : 2.143, Mel Spectrogram L2 Loss : 5.935, Commit Loss : 2.861, s/b : 0.251
Steps : 1990, Gen Loss Total : 1715.619, Amplitude Loss : 16.862, Instantaneous Phase Loss : 1.571, Group Delay Loss : 0.558, Phase Time Difference Loss : 0.797, STFT Consistency Loss : 0.002, Real Part Loss : 0.150, Imaginary Part Loss : 0.136, Mel Spectrogram Loss : 2.401, Mel Spectrogram L2 Loss : 7.285, Commit Loss : 2.857, s/b : 0.265
Steps : 1995, Gen Loss Total : 1557.707, Amplitude Loss : 16.036, Instantaneous Phase Loss : 1.574, Group Delay Loss : 0.560, Phase Time Difference Loss : 0.801, STFT Consistency Loss : 0.002, Real Part Loss : 0.133, Imaginary Part Loss : 0.121, Mel Spectrogram Loss : 2.003, Mel Spectrogram L2 Loss : 5.155, Commit Loss : 2.837, s/b : 0.113
Time taken for epoch 16 is 28 sec

Epoch: 17
Steps : 2000, Gen Loss Total : 1686.085, Amplitude Loss : 16.428, Instantaneous Phase Loss : 1.571, Group Delay Loss : 0.561, Phase Time Difference Loss : 0.806, STFT Consistency Loss : 0.002, Real Part Loss : 0.160, Imaginary Part Loss : 0.148, Mel Spectrogram Loss : 2.297, Mel Spectrogram L2 Loss : 6.865, Commit Loss : 2.766, s/b : 0.338
Steps : 2005, Gen Loss Total : 1572.531, Amplitude Loss : 15.175, Instantaneous Phase Loss : 1.569, Group Delay Loss : 0.559, Phase Time Difference Loss : 0.797, STFT Consistency Loss : 0.001, Real Part Loss : 0.162, Imaginary Part Loss : 0.149, Mel Spectrogram Loss : 1.922, Mel Spectrogram L2 Loss : 4.978, Commit Loss : 2.745, s/b : 0.223
Steps : 2010, Gen Loss Total : 1564.402, Amplitude Loss : 15.828, Instantaneous Phase Loss : 1.574, Group Delay Loss : 0.562, Phase Time Difference Loss : 0.803, STFT Consistency Loss : 0.001, Real Part Loss : 0.129, Imaginary Part Loss : 0.117, Mel Spectrogram Loss : 2.120, Mel Spectrogram L2 Loss : 5.929, Commit Loss : 2.762, s/b : 0.222
Steps : 2015, Gen Loss Total : 1531.377, Amplitude Loss : 15.632, Instantaneous Phase Loss : 1.574, Group Delay Loss : 0.557, Phase Time Difference Loss : 0.799, STFT Consistency Loss : 0.002, Real Part Loss : 0.115, Imaginary Part Loss : 0.106, Mel Spectrogram Loss : 2.129, Mel Spectrogram L2 Loss : 5.919, Commit Loss : 2.752, s/b : 0.221
Steps : 2020, Gen Loss Total : 1543.663, Amplitude Loss : 14.985, Instantaneous Phase Loss : 1.569, Group Delay Loss : 0.555, Phase Time Difference Loss : 0.797, STFT Consistency Loss : 0.002, Real Part Loss : 0.144, Imaginary Part Loss : 0.132, Mel Spectrogram Loss : 2.013, Mel Spectrogram L2 Loss : 5.412, Commit Loss : 2.658, s/b : 0.211
Steps : 2025, Gen Loss Total : 1567.290, Amplitude Loss : 14.912, Instantaneous Phase Loss : 1.567, Group Delay Loss : 0.559, Phase Time Difference Loss : 0.800, STFT Consistency Loss : 0.003, Real Part Loss : 0.157, Imaginary Part Loss : 0.136, Mel Spectrogram Loss : 2.002, Mel Spectrogram L2 Loss : 5.575, Commit Loss : 2.666, s/b : 0.235
Steps : 2030, Gen Loss Total : 1568.701, Amplitude Loss : 14.979, Instantaneous Phase Loss : 1.570, Group Delay Loss : 0.557, Phase Time Difference Loss : 0.797, STFT Consistency Loss : 0.002, Real Part Loss : 0.148, Imaginary Part Loss : 0.134, Mel Spectrogram Loss : 2.082, Mel Spectrogram L2 Loss : 5.893, Commit Loss : 2.573, s/b : 0.216
Steps : 2035, Gen Loss Total : 1527.353, Amplitude Loss : 14.389, Instantaneous Phase Loss : 1.569, Group Delay Loss : 0.556, Phase Time Difference Loss : 0.793, STFT Consistency Loss : 0.001, Real Part Loss : 0.158, Imaginary Part Loss : 0.148, Mel Spectrogram Loss : 1.992, Mel Spectrogram L2 Loss : 5.286, Commit Loss : 2.684, s/b : 0.236
Steps : 2040, Gen Loss Total : 1383.430, Amplitude Loss : 13.982, Instantaneous Phase Loss : 1.567, Group Delay Loss : 0.558, Phase Time Difference Loss : 0.797, STFT Consistency Loss : 0.001, Real Part Loss : 0.127, Imaginary Part Loss : 0.119, Mel Spectrogram Loss : 1.846, Mel Spectrogram L2 Loss : 4.634, Commit Loss : 2.536, s/b : 0.273
Steps : 2045, Gen Loss Total : 1476.205, Amplitude Loss : 14.473, Instantaneous Phase Loss : 1.569, Group Delay Loss : 0.555, Phase Time Difference Loss : 0.794, STFT Consistency Loss : 0.001, Real Part Loss : 0.140, Imaginary Part Loss : 0.129, Mel Spectrogram Loss : 2.072, Mel Spectrogram L2 Loss : 5.769, Commit Loss : 2.554, s/b : 0.206
Steps : 2050, Gen Loss Total : 1415.993, Amplitude Loss : 13.858, Instantaneous Phase Loss : 1.574, Group Delay Loss : 0.552, Phase Time Difference Loss : 0.790, STFT Consistency Loss : 0.001, Real Part Loss : 0.131, Imaginary Part Loss : 0.123, Mel Spectrogram Loss : 1.921, Mel Spectrogram L2 Loss : 4.901, Commit Loss : 2.492, s/b : 0.202
Steps : 2055, Gen Loss Total : 1453.245, Amplitude Loss : 14.421, Instantaneous Phase Loss : 1.570, Group Delay Loss : 0.550, Phase Time Difference Loss : 0.791, STFT Consistency Loss : 0.001, Real Part Loss : 0.090, Imaginary Part Loss : 0.084, Mel Spectrogram Loss : 2.127, Mel Spectrogram L2 Loss : 6.025, Commit Loss : 2.528, s/b : 0.347
Steps : 2060, Gen Loss Total : 1478.092, Amplitude Loss : 13.631, Instantaneous Phase Loss : 1.571, Group Delay Loss : 0.559, Phase Time Difference Loss : 0.798, STFT Consistency Loss : 0.001, Real Part Loss : 0.187, Imaginary Part Loss : 0.167, Mel Spectrogram Loss : 1.944, Mel Spectrogram L2 Loss : 5.224, Commit Loss : 2.481, s/b : 0.215
Steps : 2065, Gen Loss Total : 1588.504, Amplitude Loss : 14.854, Instantaneous Phase Loss : 1.572, Group Delay Loss : 0.552, Phase Time Difference Loss : 0.794, STFT Consistency Loss : 0.001, Real Part Loss : 0.127, Imaginary Part Loss : 0.117, Mel Spectrogram Loss : 2.249, Mel Spectrogram L2 Loss : 6.961, Commit Loss : 2.433, s/b : 0.218
Steps : 2070, Gen Loss Total : 1506.276, Amplitude Loss : 13.671, Instantaneous Phase Loss : 1.573, Group Delay Loss : 0.552, Phase Time Difference Loss : 0.790, STFT Consistency Loss : 0.001, Real Part Loss : 0.145, Imaginary Part Loss : 0.132, Mel Spectrogram Loss : 2.172, Mel Spectrogram L2 Loss : 6.181, Commit Loss : 2.378, s/b : 0.210
Steps : 2075, Gen Loss Total : 1469.023, Amplitude Loss : 13.085, Instantaneous Phase Loss : 1.568, Group Delay Loss : 0.551, Phase Time Difference Loss : 0.791, STFT Consistency Loss : 0.001, Real Part Loss : 0.164, Imaginary Part Loss : 0.156, Mel Spectrogram Loss : 2.070, Mel Spectrogram L2 Loss : 5.867, Commit Loss : 2.372, s/b : 0.231
Steps : 2080, Gen Loss Total : 1414.898, Amplitude Loss : 13.322, Instantaneous Phase Loss : 1.572, Group Delay Loss : 0.551, Phase Time Difference Loss : 0.790, STFT Consistency Loss : 0.001, Real Part Loss : 0.119, Imaginary Part Loss : 0.106, Mel Spectrogram Loss : 1.911, Mel Spectrogram L2 Loss : 5.286, Commit Loss : 2.318, s/b : 0.241
Steps : 2085, Gen Loss Total : 1382.543, Amplitude Loss : 12.591, Instantaneous Phase Loss : 1.569, Group Delay Loss : 0.551, Phase Time Difference Loss : 0.790, STFT Consistency Loss : 0.001, Real Part Loss : 0.150, Imaginary Part Loss : 0.135, Mel Spectrogram Loss : 1.828, Mel Spectrogram L2 Loss : 4.552, Commit Loss : 2.274, s/b : 0.208
Steps : 2090, Gen Loss Total : 1490.054, Amplitude Loss : 12.951, Instantaneous Phase Loss : 1.574, Group Delay Loss : 0.555, Phase Time Difference Loss : 0.796, STFT Consistency Loss : 0.001, Real Part Loss : 0.176, Imaginary Part Loss : 0.160, Mel Spectrogram Loss : 1.986, Mel Spectrogram L2 Loss : 5.751, Commit Loss : 2.273, s/b : 0.228
Steps : 2095, Gen Loss Total : 1426.821, Amplitude Loss : 12.866, Instantaneous Phase Loss : 1.569, Group Delay Loss : 0.549, Phase Time Difference Loss : 0.787, STFT Consistency Loss : 0.001, Real Part Loss : 0.139, Imaginary Part Loss : 0.128, Mel Spectrogram Loss : 2.041, Mel Spectrogram L2 Loss : 5.685, Commit Loss : 2.264, s/b : 0.223
Steps : 2100, Gen Loss Total : 1279.726, Amplitude Loss : 12.556, Instantaneous Phase Loss : 1.566, Group Delay Loss : 0.546, Phase Time Difference Loss : 0.783, STFT Consistency Loss : 0.001, Real Part Loss : 0.083, Imaginary Part Loss : 0.078, Mel Spectrogram Loss : 1.877, Mel Spectrogram L2 Loss : 4.769, Commit Loss : 2.206, s/b : 0.241
Steps : 2105, Gen Loss Total : 1285.905, Amplitude Loss : 12.200, Instantaneous Phase Loss : 1.570, Group Delay Loss : 0.546, Phase Time Difference Loss : 0.783, STFT Consistency Loss : 0.001, Real Part Loss : 0.099, Imaginary Part Loss : 0.096, Mel Spectrogram Loss : 1.835, Mel Spectrogram L2 Loss : 4.634, Commit Loss : 2.170, s/b : 0.221
Steps : 2110, Gen Loss Total : 1397.655, Amplitude Loss : 12.170, Instantaneous Phase Loss : 1.571, Group Delay Loss : 0.549, Phase Time Difference Loss : 0.789, STFT Consistency Loss : 0.001, Real Part Loss : 0.145, Imaginary Part Loss : 0.132, Mel Spectrogram Loss : 1.961, Mel Spectrogram L2 Loss : 5.280, Commit Loss : 2.170, s/b : 0.222
Steps : 2115, Gen Loss Total : 1376.606, Amplitude Loss : 12.195, Instantaneous Phase Loss : 1.571, Group Delay Loss : 0.544, Phase Time Difference Loss : 0.783, STFT Consistency Loss : 0.001, Real Part Loss : 0.122, Imaginary Part Loss : 0.109, Mel Spectrogram Loss : 2.003, Mel Spectrogram L2 Loss : 5.403, Commit Loss : 2.120, s/b : 0.229
Steps : 2120, Gen Loss Total : 1352.600, Amplitude Loss : 11.649, Instantaneous Phase Loss : 1.575, Group Delay Loss : 0.547, Phase Time Difference Loss : 0.785, STFT Consistency Loss : 0.001, Real Part Loss : 0.139, Imaginary Part Loss : 0.128, Mel Spectrogram Loss : 1.832, Mel Spectrogram L2 Loss : 4.650, Commit Loss : 2.087, s/b : 0.117
Time taken for epoch 17 is 28 sec

Epoch: 18
Steps : 2125, Gen Loss Total : 1353.002, Amplitude Loss : 12.007, Instantaneous Phase Loss : 1.573, Group Delay Loss : 0.543, Phase Time Difference Loss : 0.780, STFT Consistency Loss : 0.002, Real Part Loss : 0.112, Imaginary Part Loss : 0.103, Mel Spectrogram Loss : 2.000, Mel Spectrogram L2 Loss : 5.792, Commit Loss : 2.035, s/b : 0.389
Steps : 2130, Gen Loss Total : 1324.443, Amplitude Loss : 11.525, Instantaneous Phase Loss : 1.576, Group Delay Loss : 0.549, Phase Time Difference Loss : 0.785, STFT Consistency Loss : 0.001, Real Part Loss : 0.151, Imaginary Part Loss : 0.138, Mel Spectrogram Loss : 1.871, Mel Spectrogram L2 Loss : 4.940, Commit Loss : 2.024, s/b : 0.209
Steps : 2135, Gen Loss Total : 1364.248, Amplitude Loss : 12.033, Instantaneous Phase Loss : 1.568, Group Delay Loss : 0.547, Phase Time Difference Loss : 0.787, STFT Consistency Loss : 0.001, Real Part Loss : 0.108, Imaginary Part Loss : 0.100, Mel Spectrogram Loss : 2.063, Mel Spectrogram L2 Loss : 6.148, Commit Loss : 1.990, s/b : 0.220
Steps : 2140, Gen Loss Total : 1215.669, Amplitude Loss : 11.067, Instantaneous Phase Loss : 1.567, Group Delay Loss : 0.546, Phase Time Difference Loss : 0.783, STFT Consistency Loss : 0.001, Real Part Loss : 0.112, Imaginary Part Loss : 0.106, Mel Spectrogram Loss : 1.702, Mel Spectrogram L2 Loss : 4.319, Commit Loss : 1.943, s/b : 0.221
Steps : 2145, Gen Loss Total : 1241.371, Amplitude Loss : 10.683, Instantaneous Phase Loss : 1.572, Group Delay Loss : 0.544, Phase Time Difference Loss : 0.782, STFT Consistency Loss : 0.002, Real Part Loss : 0.131, Imaginary Part Loss : 0.116, Mel Spectrogram Loss : 1.630, Mel Spectrogram L2 Loss : 3.925, Commit Loss : 1.936, s/b : 0.231
Steps : 2150, Gen Loss Total : 1309.264, Amplitude Loss : 10.716, Instantaneous Phase Loss : 1.573, Group Delay Loss : 0.547, Phase Time Difference Loss : 0.785, STFT Consistency Loss : 0.001, Real Part Loss : 0.159, Imaginary Part Loss : 0.143, Mel Spectrogram Loss : 1.755, Mel Spectrogram L2 Loss : 4.648, Commit Loss : 1.867, s/b : 0.286
Steps : 2155, Gen Loss Total : 1207.999, Amplitude Loss : 10.531, Instantaneous Phase Loss : 1.571, Group Delay Loss : 0.539, Phase Time Difference Loss : 0.776, STFT Consistency Loss : 0.002, Real Part Loss : 0.117, Imaginary Part Loss : 0.108, Mel Spectrogram Loss : 1.715, Mel Spectrogram L2 Loss : 4.161, Commit Loss : 1.834, s/b : 0.221
Steps : 2160, Gen Loss Total : 1326.239, Amplitude Loss : 10.894, Instantaneous Phase Loss : 1.569, Group Delay Loss : 0.543, Phase Time Difference Loss : 0.781, STFT Consistency Loss : 0.001, Real Part Loss : 0.143, Imaginary Part Loss : 0.132, Mel Spectrogram Loss : 1.893, Mel Spectrogram L2 Loss : 5.497, Commit Loss : 1.818, s/b : 0.217
Steps : 2165, Gen Loss Total : 1249.408, Amplitude Loss : 10.565, Instantaneous Phase Loss : 1.573, Group Delay Loss : 0.540, Phase Time Difference Loss : 0.777, STFT Consistency Loss : 0.001, Real Part Loss : 0.137, Imaginary Part Loss : 0.130, Mel Spectrogram Loss : 1.860, Mel Spectrogram L2 Loss : 5.024, Commit Loss : 1.811, s/b : 0.211
Steps : 2170, Gen Loss Total : 1390.174, Amplitude Loss : 10.434, Instantaneous Phase Loss : 1.572, Group Delay Loss : 0.543, Phase Time Difference Loss : 0.781, STFT Consistency Loss : 0.001, Real Part Loss : 0.196, Imaginary Part Loss : 0.181, Mel Spectrogram Loss : 1.938, Mel Spectrogram L2 Loss : 5.521, Commit Loss : 1.768, s/b : 0.216
Steps : 2175, Gen Loss Total : 1164.556, Amplitude Loss : 9.848, Instantaneous Phase Loss : 1.566, Group Delay Loss : 0.539, Phase Time Difference Loss : 0.776, STFT Consistency Loss : 0.001, Real Part Loss : 0.115, Imaginary Part Loss : 0.107, Mel Spectrogram Loss : 1.556, Mel Spectrogram L2 Loss : 3.783, Commit Loss : 1.733, s/b : 0.196
Steps : 2180, Gen Loss Total : 1199.439, Amplitude Loss : 10.114, Instantaneous Phase Loss : 1.567, Group Delay Loss : 0.536, Phase Time Difference Loss : 0.773, STFT Consistency Loss : 0.001, Real Part Loss : 0.101, Imaginary Part Loss : 0.095, Mel Spectrogram Loss : 1.833, Mel Spectrogram L2 Loss : 4.763, Commit Loss : 1.736, s/b : 0.236
Steps : 2185, Gen Loss Total : 1356.536, Amplitude Loss : 10.288, Instantaneous Phase Loss : 1.571, Group Delay Loss : 0.542, Phase Time Difference Loss : 0.779, STFT Consistency Loss : 0.001, Real Part Loss : 0.180, Imaginary Part Loss : 0.167, Mel Spectrogram Loss : 1.906, Mel Spectrogram L2 Loss : 5.859, Commit Loss : 1.689, s/b : 0.236
Steps : 2190, Gen Loss Total : 1274.703, Amplitude Loss : 9.676, Instantaneous Phase Loss : 1.571, Group Delay Loss : 0.545, Phase Time Difference Loss : 0.784, STFT Consistency Loss : 0.001, Real Part Loss : 0.171, Imaginary Part Loss : 0.158, Mel Spectrogram Loss : 1.726, Mel Spectrogram L2 Loss : 4.560, Commit Loss : 1.668, s/b : 0.215
Steps : 2195, Gen Loss Total : 1250.347, Amplitude Loss : 9.818, Instantaneous Phase Loss : 1.569, Group Delay Loss : 0.538, Phase Time Difference Loss : 0.777, STFT Consistency Loss : 0.002, Real Part Loss : 0.127, Imaginary Part Loss : 0.114, Mel Spectrogram Loss : 1.767, Mel Spectrogram L2 Loss : 4.936, Commit Loss : 1.635, s/b : 0.231
Steps : 2200, Gen Loss Total : 1271.906, Amplitude Loss : 9.436, Instantaneous Phase Loss : 1.567, Group Delay Loss : 0.535, Phase Time Difference Loss : 0.775, STFT Consistency Loss : 0.001, Real Part Loss : 0.165, Imaginary Part Loss : 0.155, Mel Spectrogram Loss : 1.782, Mel Spectrogram L2 Loss : 5.122, Commit Loss : 1.582, s/b : 0.223
Steps : 2205, Gen Loss Total : 1210.546, Amplitude Loss : 9.634, Instantaneous Phase Loss : 1.572, Group Delay Loss : 0.535, Phase Time Difference Loss : 0.774, STFT Consistency Loss : 0.001, Real Part Loss : 0.122, Imaginary Part Loss : 0.105, Mel Spectrogram Loss : 1.714, Mel Spectrogram L2 Loss : 4.959, Commit Loss : 1.560, s/b : 0.214
Steps : 2210, Gen Loss Total : 1232.221, Amplitude Loss : 8.790, Instantaneous Phase Loss : 1.573, Group Delay Loss : 0.536, Phase Time Difference Loss : 0.773, STFT Consistency Loss : 0.001, Real Part Loss : 0.181, Imaginary Part Loss : 0.170, Mel Spectrogram Loss : 1.619, Mel Spectrogram L2 Loss : 4.190, Commit Loss : 1.594, s/b : 0.215
Steps : 2215, Gen Loss Total : 1273.783, Amplitude Loss : 9.180, Instantaneous Phase Loss : 1.569, Group Delay Loss : 0.536, Phase Time Difference Loss : 0.774, STFT Consistency Loss : 0.001, Real Part Loss : 0.172, Imaginary Part Loss : 0.159, Mel Spectrogram Loss : 1.733, Mel Spectrogram L2 Loss : 4.898, Commit Loss : 1.540, s/b : 0.223
Steps : 2220, Gen Loss Total : 1192.346, Amplitude Loss : 8.909, Instantaneous Phase Loss : 1.571, Group Delay Loss : 0.537, Phase Time Difference Loss : 0.775, STFT Consistency Loss : 0.001, Real Part Loss : 0.162, Imaginary Part Loss : 0.149, Mel Spectrogram Loss : 1.663, Mel Spectrogram L2 Loss : 4.715, Commit Loss : 1.475, s/b : 0.216
Steps : 2225, Gen Loss Total : 1222.911, Amplitude Loss : 8.832, Instantaneous Phase Loss : 1.572, Group Delay Loss : 0.534, Phase Time Difference Loss : 0.770, STFT Consistency Loss : 0.001, Real Part Loss : 0.152, Imaginary Part Loss : 0.144, Mel Spectrogram Loss : 1.728, Mel Spectrogram L2 Loss : 4.893, Commit Loss : 1.444, s/b : 0.194
Steps : 2230, Gen Loss Total : 1088.243, Amplitude Loss : 8.706, Instantaneous Phase Loss : 1.569, Group Delay Loss : 0.532, Phase Time Difference Loss : 0.769, STFT Consistency Loss : 0.001, Real Part Loss : 0.104, Imaginary Part Loss : 0.100, Mel Spectrogram Loss : 1.605, Mel Spectrogram L2 Loss : 4.348, Commit Loss : 1.425, s/b : 0.221
Steps : 2235, Gen Loss Total : 1160.198, Amplitude Loss : 8.746, Instantaneous Phase Loss : 1.574, Group Delay Loss : 0.531, Phase Time Difference Loss : 0.770, STFT Consistency Loss : 0.001, Real Part Loss : 0.125, Imaginary Part Loss : 0.117, Mel Spectrogram Loss : 1.692, Mel Spectrogram L2 Loss : 4.775, Commit Loss : 1.424, s/b : 0.224
Steps : 2240, Gen Loss Total : 1145.359, Amplitude Loss : 8.423, Instantaneous Phase Loss : 1.573, Group Delay Loss : 0.527, Phase Time Difference Loss : 0.763, STFT Consistency Loss : 0.001, Real Part Loss : 0.120, Imaginary Part Loss : 0.108, Mel Spectrogram Loss : 1.680, Mel Spectrogram L2 Loss : 4.804, Commit Loss : 1.378, s/b : 0.214
Steps : 2245, Gen Loss Total : 1144.881, Amplitude Loss : 7.977, Instantaneous Phase Loss : 1.572, Group Delay Loss : 0.528, Phase Time Difference Loss : 0.765, STFT Consistency Loss : 0.001, Real Part Loss : 0.160, Imaginary Part Loss : 0.150, Mel Spectrogram Loss : 1.607, Mel Spectrogram L2 Loss : 4.338, Commit Loss : 1.340, s/b : 0.116
Time taken for epoch 18 is 27 sec

Epoch: 19
Steps : 2250, Gen Loss Total : 1107.951, Amplitude Loss : 8.032, Instantaneous Phase Loss : 1.569, Group Delay Loss : 0.528, Phase Time Difference Loss : 0.767, STFT Consistency Loss : 0.002, Real Part Loss : 0.135, Imaginary Part Loss : 0.122, Mel Spectrogram Loss : 1.572, Mel Spectrogram L2 Loss : 4.327, Commit Loss : 1.306, s/b : 0.410
Steps : 2255, Gen Loss Total : 1101.828, Amplitude Loss : 7.655, Instantaneous Phase Loss : 1.570, Group Delay Loss : 0.527, Phase Time Difference Loss : 0.763, STFT Consistency Loss : 0.001, Real Part Loss : 0.134, Imaginary Part Loss : 0.123, Mel Spectrogram Loss : 1.494, Mel Spectrogram L2 Loss : 3.940, Commit Loss : 1.294, s/b : 0.208
Steps : 2260, Gen Loss Total : 1135.966, Amplitude Loss : 7.857, Instantaneous Phase Loss : 1.569, Group Delay Loss : 0.530, Phase Time Difference Loss : 0.768, STFT Consistency Loss : 0.001, Real Part Loss : 0.140, Imaginary Part Loss : 0.124, Mel Spectrogram Loss : 1.595, Mel Spectrogram L2 Loss : 4.519, Commit Loss : 1.251, s/b : 0.223
Steps : 2265, Gen Loss Total : 1139.713, Amplitude Loss : 7.974, Instantaneous Phase Loss : 1.574, Group Delay Loss : 0.527, Phase Time Difference Loss : 0.766, STFT Consistency Loss : 0.001, Real Part Loss : 0.130, Imaginary Part Loss : 0.121, Mel Spectrogram Loss : 1.666, Mel Spectrogram L2 Loss : 5.024, Commit Loss : 1.216, s/b : 0.221
Steps : 2270, Gen Loss Total : 1014.307, Amplitude Loss : 7.380, Instantaneous Phase Loss : 1.571, Group Delay Loss : 0.522, Phase Time Difference Loss : 0.761, STFT Consistency Loss : 0.002, Real Part Loss : 0.102, Imaginary Part Loss : 0.094, Mel Spectrogram Loss : 1.436, Mel Spectrogram L2 Loss : 3.629, Commit Loss : 1.218, s/b : 0.238
Steps : 2275, Gen Loss Total : 1013.692, Amplitude Loss : 7.490, Instantaneous Phase Loss : 1.573, Group Delay Loss : 0.522, Phase Time Difference Loss : 0.759, STFT Consistency Loss : 0.003, Real Part Loss : 0.092, Imaginary Part Loss : 0.081, Mel Spectrogram Loss : 1.468, Mel Spectrogram L2 Loss : 4.144, Commit Loss : 1.200, s/b : 0.220
Steps : 2280, Gen Loss Total : 980.427, Amplitude Loss : 6.947, Instantaneous Phase Loss : 1.568, Group Delay Loss : 0.526, Phase Time Difference Loss : 0.763, STFT Consistency Loss : 0.001, Real Part Loss : 0.116, Imaginary Part Loss : 0.104, Mel Spectrogram Loss : 1.293, Mel Spectrogram L2 Loss : 3.133, Commit Loss : 1.131, s/b : 0.262
Steps : 2285, Gen Loss Total : 1002.800, Amplitude Loss : 7.181, Instantaneous Phase Loss : 1.567, Group Delay Loss : 0.520, Phase Time Difference Loss : 0.759, STFT Consistency Loss : 0.001, Real Part Loss : 0.082, Imaginary Part Loss : 0.075, Mel Spectrogram Loss : 1.478, Mel Spectrogram L2 Loss : 4.071, Commit Loss : 1.104, s/b : 0.221
Steps : 2290, Gen Loss Total : 1137.577, Amplitude Loss : 7.271, Instantaneous Phase Loss : 1.572, Group Delay Loss : 0.523, Phase Time Difference Loss : 0.761, STFT Consistency Loss : 0.001, Real Part Loss : 0.155, Imaginary Part Loss : 0.146, Mel Spectrogram Loss : 1.679, Mel Spectrogram L2 Loss : 5.019, Commit Loss : 1.060, s/b : 0.221
Steps : 2295, Gen Loss Total : 1133.390, Amplitude Loss : 8.056, Instantaneous Phase Loss : 1.569, Group Delay Loss : 0.523, Phase Time Difference Loss : 0.764, STFT Consistency Loss : 0.002, Real Part Loss : 0.098, Imaginary Part Loss : 0.093, Mel Spectrogram Loss : 1.844, Mel Spectrogram L2 Loss : 5.989, Commit Loss : 1.078, s/b : 0.221
Steps : 2300, Gen Loss Total : 1228.304, Amplitude Loss : 7.118, Instantaneous Phase Loss : 1.571, Group Delay Loss : 0.528, Phase Time Difference Loss : 0.766, STFT Consistency Loss : 0.001, Real Part Loss : 0.192, Imaginary Part Loss : 0.182, Mel Spectrogram Loss : 1.734, Mel Spectrogram L2 Loss : 5.269, Commit Loss : 1.031, s/b : 0.220
Steps : 2305, Gen Loss Total : 1046.881, Amplitude Loss : 7.125, Instantaneous Phase Loss : 1.573, Group Delay Loss : 0.513, Phase Time Difference Loss : 0.753, STFT Consistency Loss : 0.001, Real Part Loss : 0.082, Imaginary Part Loss : 0.076, Mel Spectrogram Loss : 1.696, Mel Spectrogram L2 Loss : 4.890, Commit Loss : 1.016, s/b : 0.238
Steps : 2310, Gen Loss Total : 1021.726, Amplitude Loss : 6.686, Instantaneous Phase Loss : 1.569, Group Delay Loss : 0.518, Phase Time Difference Loss : 0.758, STFT Consistency Loss : 0.001, Real Part Loss : 0.112, Imaginary Part Loss : 0.101, Mel Spectrogram Loss : 1.473, Mel Spectrogram L2 Loss : 4.016, Commit Loss : 0.950, s/b : 0.209
Steps : 2315, Gen Loss Total : 1010.529, Amplitude Loss : 6.483, Instantaneous Phase Loss : 1.572, Group Delay Loss : 0.518, Phase Time Difference Loss : 0.755, STFT Consistency Loss : 0.001, Real Part Loss : 0.115, Imaginary Part Loss : 0.109, Mel Spectrogram Loss : 1.519, Mel Spectrogram L2 Loss : 4.165, Commit Loss : 0.938, s/b : 0.222
Steps : 2320, Gen Loss Total : 1079.763, Amplitude Loss : 6.934, Instantaneous Phase Loss : 1.571, Group Delay Loss : 0.519, Phase Time Difference Loss : 0.760, STFT Consistency Loss : 0.001, Real Part Loss : 0.108, Imaginary Part Loss : 0.103, Mel Spectrogram Loss : 1.684, Mel Spectrogram L2 Loss : 5.097, Commit Loss : 0.894, s/b : 0.229
Steps : 2325, Gen Loss Total : 1033.644, Amplitude Loss : 6.449, Instantaneous Phase Loss : 1.570, Group Delay Loss : 0.523, Phase Time Difference Loss : 0.761, STFT Consistency Loss : 0.001, Real Part Loss : 0.142, Imaginary Part Loss : 0.132, Mel Spectrogram Loss : 1.515, Mel Spectrogram L2 Loss : 4.355, Commit Loss : 0.881, s/b : 0.230
Steps : 2330, Gen Loss Total : 1019.812, Amplitude Loss : 6.091, Instantaneous Phase Loss : 1.577, Group Delay Loss : 0.519, Phase Time Difference Loss : 0.760, STFT Consistency Loss : 0.001, Real Part Loss : 0.134, Imaginary Part Loss : 0.118, Mel Spectrogram Loss : 1.463, Mel Spectrogram L2 Loss : 3.883, Commit Loss : 0.865, s/b : 0.236
Steps : 2335, Gen Loss Total : 993.953, Amplitude Loss : 5.876, Instantaneous Phase Loss : 1.568, Group Delay Loss : 0.514, Phase Time Difference Loss : 0.752, STFT Consistency Loss : 0.001, Real Part Loss : 0.120, Imaginary Part Loss : 0.108, Mel Spectrogram Loss : 1.494, Mel Spectrogram L2 Loss : 3.925, Commit Loss : 0.830, s/b : 0.234
Steps : 2340, Gen Loss Total : 1056.660, Amplitude Loss : 6.291, Instantaneous Phase Loss : 1.571, Group Delay Loss : 0.517, Phase Time Difference Loss : 0.757, STFT Consistency Loss : 0.002, Real Part Loss : 0.131, Imaginary Part Loss : 0.117, Mel Spectrogram Loss : 1.607, Mel Spectrogram L2 Loss : 4.931, Commit Loss : 0.793, s/b : 0.213
Steps : 2345, Gen Loss Total : 1040.469, Amplitude Loss : 6.753, Instantaneous Phase Loss : 1.574, Group Delay Loss : 0.516, Phase Time Difference Loss : 0.758, STFT Consistency Loss : 0.002, Real Part Loss : 0.104, Imaginary Part Loss : 0.096, Mel Spectrogram Loss : 1.726, Mel Spectrogram L2 Loss : 5.350, Commit Loss : 0.764, s/b : 0.228
Steps : 2350, Gen Loss Total : 1090.765, Amplitude Loss : 6.066, Instantaneous Phase Loss : 1.568, Group Delay Loss : 0.520, Phase Time Difference Loss : 0.761, STFT Consistency Loss : 0.002, Real Part Loss : 0.160, Imaginary Part Loss : 0.152, Mel Spectrogram Loss : 1.615, Mel Spectrogram L2 Loss : 4.663, Commit Loss : 0.769, s/b : 0.222
Steps : 2355, Gen Loss Total : 1066.564, Amplitude Loss : 6.025, Instantaneous Phase Loss : 1.569, Group Delay Loss : 0.516, Phase Time Difference Loss : 0.757, STFT Consistency Loss : 0.001, Real Part Loss : 0.135, Imaginary Part Loss : 0.128, Mel Spectrogram Loss : 1.649, Mel Spectrogram L2 Loss : 4.925, Commit Loss : 0.721, s/b : 0.213
Steps : 2360, Gen Loss Total : 1035.490, Amplitude Loss : 5.728, Instantaneous Phase Loss : 1.572, Group Delay Loss : 0.513, Phase Time Difference Loss : 0.752, STFT Consistency Loss : 0.001, Real Part Loss : 0.132, Imaginary Part Loss : 0.124, Mel Spectrogram Loss : 1.661, Mel Spectrogram L2 Loss : 4.790, Commit Loss : 0.752, s/b : 0.213
Steps : 2365, Gen Loss Total : 1066.861, Amplitude Loss : 5.432, Instantaneous Phase Loss : 1.574, Group Delay Loss : 0.515, Phase Time Difference Loss : 0.755, STFT Consistency Loss : 0.001, Real Part Loss : 0.164, Imaginary Part Loss : 0.148, Mel Spectrogram Loss : 1.515, Mel Spectrogram L2 Loss : 4.282, Commit Loss : 0.706, s/b : 0.227
Steps : 2370, Gen Loss Total : 1109.508, Amplitude Loss : 5.614, Instantaneous Phase Loss : 1.569, Group Delay Loss : 0.511, Phase Time Difference Loss : 0.751, STFT Consistency Loss : 0.003, Real Part Loss : 0.153, Imaginary Part Loss : 0.140, Mel Spectrogram Loss : 1.678, Mel Spectrogram L2 Loss : 4.821, Commit Loss : 0.678, s/b : 0.117
Time taken for epoch 19 is 28 sec

Epoch: 20
Steps : 2375, Gen Loss Total : 1054.004, Amplitude Loss : 5.714, Instantaneous Phase Loss : 1.572, Group Delay Loss : 0.513, Phase Time Difference Loss : 0.756, STFT Consistency Loss : 0.001, Real Part Loss : 0.132, Imaginary Part Loss : 0.123, Mel Spectrogram Loss : 1.604, Mel Spectrogram L2 Loss : 5.001, Commit Loss : 0.650, s/b : 0.368
Steps : 2380, Gen Loss Total : 999.893, Amplitude Loss : 5.214, Instantaneous Phase Loss : 1.569, Group Delay Loss : 0.513, Phase Time Difference Loss : 0.751, STFT Consistency Loss : 0.001, Real Part Loss : 0.124, Imaginary Part Loss : 0.114, Mel Spectrogram Loss : 1.484, Mel Spectrogram L2 Loss : 4.015, Commit Loss : 0.630, s/b : 0.251
Steps : 2385, Gen Loss Total : 984.653, Amplitude Loss : 5.430, Instantaneous Phase Loss : 1.573, Group Delay Loss : 0.515, Phase Time Difference Loss : 0.758, STFT Consistency Loss : 0.001, Real Part Loss : 0.123, Imaginary Part Loss : 0.117, Mel Spectrogram Loss : 1.541, Mel Spectrogram L2 Loss : 4.209, Commit Loss : 0.618, s/b : 0.212
Steps : 2390, Gen Loss Total : 961.417, Amplitude Loss : 5.550, Instantaneous Phase Loss : 1.572, Group Delay Loss : 0.509, Phase Time Difference Loss : 0.749, STFT Consistency Loss : 0.001, Real Part Loss : 0.079, Imaginary Part Loss : 0.072, Mel Spectrogram Loss : 1.612, Mel Spectrogram L2 Loss : 4.846, Commit Loss : 0.606, s/b : 0.188
Steps : 2395, Gen Loss Total : 983.409, Amplitude Loss : 5.013, Instantaneous Phase Loss : 1.571, Group Delay Loss : 0.510, Phase Time Difference Loss : 0.749, STFT Consistency Loss : 0.001, Real Part Loss : 0.105, Imaginary Part Loss : 0.092, Mel Spectrogram Loss : 1.489, Mel Spectrogram L2 Loss : 4.103, Commit Loss : 0.593, s/b : 0.216
Steps : 2400, Gen Loss Total : 1004.288, Amplitude Loss : 5.265, Instantaneous Phase Loss : 1.571, Group Delay Loss : 0.512, Phase Time Difference Loss : 0.753, STFT Consistency Loss : 0.001, Real Part Loss : 0.121, Imaginary Part Loss : 0.109, Mel Spectrogram Loss : 1.551, Mel Spectrogram L2 Loss : 4.449, Commit Loss : 0.570, s/b : 0.288
Steps : 2405, Gen Loss Total : 1046.926, Amplitude Loss : 4.858, Instantaneous Phase Loss : 1.574, Group Delay Loss : 0.518, Phase Time Difference Loss : 0.762, STFT Consistency Loss : 0.002, Real Part Loss : 0.178, Imaginary Part Loss : 0.162, Mel Spectrogram Loss : 1.435, Mel Spectrogram L2 Loss : 3.817, Commit Loss : 0.529, s/b : 0.250
Steps : 2410, Gen Loss Total : 892.587, Amplitude Loss : 4.574, Instantaneous Phase Loss : 1.569, Group Delay Loss : 0.514, Phase Time Difference Loss : 0.754, STFT Consistency Loss : 0.001, Real Part Loss : 0.132, Imaginary Part Loss : 0.123, Mel Spectrogram Loss : 1.334, Mel Spectrogram L2 Loss : 3.347, Commit Loss : 0.542, s/b : 0.211
Steps : 2415, Gen Loss Total : 932.568, Amplitude Loss : 4.402, Instantaneous Phase Loss : 1.567, Group Delay Loss : 0.510, Phase Time Difference Loss : 0.749, STFT Consistency Loss : 0.001, Real Part Loss : 0.148, Imaginary Part Loss : 0.138, Mel Spectrogram Loss : 1.449, Mel Spectrogram L2 Loss : 3.895, Commit Loss : 0.489, s/b : 0.222
Steps : 2420, Gen Loss Total : 974.945, Amplitude Loss : 5.088, Instantaneous Phase Loss : 1.565, Group Delay Loss : 0.509, Phase Time Difference Loss : 0.750, STFT Consistency Loss : 0.002, Real Part Loss : 0.115, Imaginary Part Loss : 0.114, Mel Spectrogram Loss : 1.670, Mel Spectrogram L2 Loss : 4.875, Commit Loss : 0.498, s/b : 0.231
Steps : 2425, Gen Loss Total : 890.184, Amplitude Loss : 4.496, Instantaneous Phase Loss : 1.566, Group Delay Loss : 0.510, Phase Time Difference Loss : 0.751, STFT Consistency Loss : 0.003, Real Part Loss : 0.118, Imaginary Part Loss : 0.112, Mel Spectrogram Loss : 1.429, Mel Spectrogram L2 Loss : 3.805, Commit Loss : 0.489, s/b : 0.222
Steps : 2430, Gen Loss Total : 932.008, Amplitude Loss : 4.719, Instantaneous Phase Loss : 1.574, Group Delay Loss : 0.505, Phase Time Difference Loss : 0.744, STFT Consistency Loss : 0.001, Real Part Loss : 0.113, Imaginary Part Loss : 0.104, Mel Spectrogram Loss : 1.625, Mel Spectrogram L2 Loss : 4.661, Commit Loss : 0.493, s/b : 0.266
Steps : 2435, Gen Loss Total : 941.457, Amplitude Loss : 4.750, Instantaneous Phase Loss : 1.568, Group Delay Loss : 0.508, Phase Time Difference Loss : 0.750, STFT Consistency Loss : 0.001, Real Part Loss : 0.114, Imaginary Part Loss : 0.108, Mel Spectrogram Loss : 1.575, Mel Spectrogram L2 Loss : 4.617, Commit Loss : 0.470, s/b : 0.221
Steps : 2440, Gen Loss Total : 959.937, Amplitude Loss : 4.940, Instantaneous Phase Loss : 1.574, Group Delay Loss : 0.513, Phase Time Difference Loss : 0.756, STFT Consistency Loss : 0.001, Real Part Loss : 0.119, Imaginary Part Loss : 0.110, Mel Spectrogram Loss : 1.541, Mel Spectrogram L2 Loss : 4.606, Commit Loss : 0.447, s/b : 0.223
Steps : 2445, Gen Loss Total : 1094.978, Amplitude Loss : 5.014, Instantaneous Phase Loss : 1.570, Group Delay Loss : 0.511, Phase Time Difference Loss : 0.755, STFT Consistency Loss : 0.001, Real Part Loss : 0.159, Imaginary Part Loss : 0.146, Mel Spectrogram Loss : 1.754, Mel Spectrogram L2 Loss : 5.523, Commit Loss : 0.450, s/b : 0.209
Steps : 2450, Gen Loss Total : 985.747, Amplitude Loss : 4.659, Instantaneous Phase Loss : 1.568, Group Delay Loss : 0.506, Phase Time Difference Loss : 0.748, STFT Consistency Loss : 0.002, Real Part Loss : 0.123, Imaginary Part Loss : 0.114, Mel Spectrogram Loss : 1.674, Mel Spectrogram L2 Loss : 5.072, Commit Loss : 0.447, s/b : 0.214
Steps : 2455, Gen Loss Total : 954.930, Amplitude Loss : 4.421, Instantaneous Phase Loss : 1.569, Group Delay Loss : 0.506, Phase Time Difference Loss : 0.751, STFT Consistency Loss : 0.006, Real Part Loss : 0.111, Imaginary Part Loss : 0.099, Mel Spectrogram Loss : 1.540, Mel Spectrogram L2 Loss : 4.211, Commit Loss : 0.438, s/b : 0.215
Steps : 2460, Gen Loss Total : 1156.010, Amplitude Loss : 4.132, Instantaneous Phase Loss : 1.564, Group Delay Loss : 0.511, Phase Time Difference Loss : 0.753, STFT Consistency Loss : 0.002, Real Part Loss : 0.199, Imaginary Part Loss : 0.183, Mel Spectrogram Loss : 1.608, Mel Spectrogram L2 Loss : 4.723, Commit Loss : 0.411, s/b : 0.232
Steps : 2465, Gen Loss Total : 944.969, Amplitude Loss : 4.154, Instantaneous Phase Loss : 1.572, Group Delay Loss : 0.511, Phase Time Difference Loss : 0.754, STFT Consistency Loss : 0.001, Real Part Loss : 0.131, Imaginary Part Loss : 0.121, Mel Spectrogram Loss : 1.426, Mel Spectrogram L2 Loss : 3.909, Commit Loss : 0.398, s/b : 0.251
Steps : 2470, Gen Loss Total : 1017.434, Amplitude Loss : 5.240, Instantaneous Phase Loss : 1.572, Group Delay Loss : 0.504, Phase Time Difference Loss : 0.749, STFT Consistency Loss : 0.002, Real Part Loss : 0.085, Imaginary Part Loss : 0.079, Mel Spectrogram Loss : 1.886, Mel Spectrogram L2 Loss : 6.063, Commit Loss : 0.403, s/b : 0.228
Steps : 2475, Gen Loss Total : 1000.504, Amplitude Loss : 4.136, Instantaneous Phase Loss : 1.565, Group Delay Loss : 0.510, Phase Time Difference Loss : 0.752, STFT Consistency Loss : 0.001, Real Part Loss : 0.143, Imaginary Part Loss : 0.133, Mel Spectrogram Loss : 1.533, Mel Spectrogram L2 Loss : 4.374, Commit Loss : 0.398, s/b : 0.236
Steps : 2480, Gen Loss Total : 1014.879, Amplitude Loss : 4.212, Instantaneous Phase Loss : 1.568, Group Delay Loss : 0.510, Phase Time Difference Loss : 0.752, STFT Consistency Loss : 0.001, Real Part Loss : 0.159, Imaginary Part Loss : 0.152, Mel Spectrogram Loss : 1.605, Mel Spectrogram L2 Loss : 4.693, Commit Loss : 0.376, s/b : 0.229
Steps : 2485, Gen Loss Total : 1018.229, Amplitude Loss : 4.445, Instantaneous Phase Loss : 1.569, Group Delay Loss : 0.505, Phase Time Difference Loss : 0.750, STFT Consistency Loss : 0.002, Real Part Loss : 0.124, Imaginary Part Loss : 0.113, Mel Spectrogram Loss : 1.752, Mel Spectrogram L2 Loss : 5.598, Commit Loss : 0.402, s/b : 0.215
Steps : 2490, Gen Loss Total : 1004.574, Amplitude Loss : 3.987, Instantaneous Phase Loss : 1.569, Group Delay Loss : 0.507, Phase Time Difference Loss : 0.750, STFT Consistency Loss : 0.001, Real Part Loss : 0.136, Imaginary Part Loss : 0.121, Mel Spectrogram Loss : 1.603, Mel Spectrogram L2 Loss : 4.801, Commit Loss : 0.372, s/b : 0.229
Steps : 2495, Gen Loss Total : 1147.991, Amplitude Loss : 3.950, Instantaneous Phase Loss : 1.573, Group Delay Loss : 0.509, Phase Time Difference Loss : 0.751, STFT Consistency Loss : 0.002, Real Part Loss : 0.198, Imaginary Part Loss : 0.186, Mel Spectrogram Loss : 1.673, Mel Spectrogram L2 Loss : 4.981, Commit Loss : 0.355, s/b : 0.116
Time taken for epoch 20 is 28 sec

Epoch: 21
Steps : 2500, Gen Loss Total : 917.112, Amplitude Loss : 3.810, Instantaneous Phase Loss : 1.569, Group Delay Loss : 0.506, Phase Time Difference Loss : 0.751, STFT Consistency Loss : 0.003, Real Part Loss : 0.130, Imaginary Part Loss : 0.122, Mel Spectrogram Loss : 1.505, Mel Spectrogram L2 Loss : 4.175, Commit Loss : 0.369, s/b : 0.387
Steps : 2505, Gen Loss Total : 851.563, Amplitude Loss : 3.622, Instantaneous Phase Loss : 1.573, Group Delay Loss : 0.504, Phase Time Difference Loss : 0.745, STFT Consistency Loss : 0.001, Real Part Loss : 0.095, Imaginary Part Loss : 0.087, Mel Spectrogram Loss : 1.429, Mel Spectrogram L2 Loss : 3.777, Commit Loss : 0.353, s/b : 0.241
Steps : 2510, Gen Loss Total : 986.093, Amplitude Loss : 4.058, Instantaneous Phase Loss : 1.570, Group Delay Loss : 0.507, Phase Time Difference Loss : 0.749, STFT Consistency Loss : 0.001, Real Part Loss : 0.129, Imaginary Part Loss : 0.122, Mel Spectrogram Loss : 1.620, Mel Spectrogram L2 Loss : 5.051, Commit Loss : 0.334, s/b : 0.225
Steps : 2515, Gen Loss Total : 891.590, Amplitude Loss : 4.219, Instantaneous Phase Loss : 1.569, Group Delay Loss : 0.501, Phase Time Difference Loss : 0.743, STFT Consistency Loss : 0.001, Real Part Loss : 0.077, Imaginary Part Loss : 0.072, Mel Spectrogram Loss : 1.640, Mel Spectrogram L2 Loss : 5.196, Commit Loss : 0.345, s/b : 0.257
Steps : 2520, Gen Loss Total : 948.083, Amplitude Loss : 3.936, Instantaneous Phase Loss : 1.566, Group Delay Loss : 0.502, Phase Time Difference Loss : 0.743, STFT Consistency Loss : 0.001, Real Part Loss : 0.107, Imaginary Part Loss : 0.097, Mel Spectrogram Loss : 1.622, Mel Spectrogram L2 Loss : 4.919, Commit Loss : 0.327, s/b : 0.231
Steps : 2525, Gen Loss Total : 985.744, Amplitude Loss : 3.472, Instantaneous Phase Loss : 1.569, Group Delay Loss : 0.510, Phase Time Difference Loss : 0.752, STFT Consistency Loss : 0.001, Real Part Loss : 0.156, Imaginary Part Loss : 0.141, Mel Spectrogram Loss : 1.465, Mel Spectrogram L2 Loss : 4.150, Commit Loss : 0.302, s/b : 0.231
Steps : 2530, Gen Loss Total : 1020.751, Amplitude Loss : 3.955, Instantaneous Phase Loss : 1.576, Group Delay Loss : 0.504, Phase Time Difference Loss : 0.747, STFT Consistency Loss : 0.002, Real Part Loss : 0.130, Imaginary Part Loss : 0.120, Mel Spectrogram Loss : 1.678, Mel Spectrogram L2 Loss : 5.311, Commit Loss : 0.326, s/b : 0.235
Steps : 2535, Gen Loss Total : 903.926, Amplitude Loss : 3.270, Instantaneous Phase Loss : 1.569, Group Delay Loss : 0.500, Phase Time Difference Loss : 0.739, STFT Consistency Loss : 0.001, Real Part Loss : 0.111, Imaginary Part Loss : 0.102, Mel Spectrogram Loss : 1.443, Mel Spectrogram L2 Loss : 3.914, Commit Loss : 0.332, s/b : 0.222
Steps : 2540, Gen Loss Total : 884.411, Amplitude Loss : 3.548, Instantaneous Phase Loss : 1.571, Group Delay Loss : 0.502, Phase Time Difference Loss : 0.744, STFT Consistency Loss : 0.001, Real Part Loss : 0.105, Imaginary Part Loss : 0.098, Mel Spectrogram Loss : 1.578, Mel Spectrogram L2 Loss : 4.568, Commit Loss : 0.314, s/b : 0.218
Steps : 2545, Gen Loss Total : 1013.376, Amplitude Loss : 3.321, Instantaneous Phase Loss : 1.571, Group Delay Loss : 0.508, Phase Time Difference Loss : 0.751, STFT Consistency Loss : 0.001, Real Part Loss : 0.186, Imaginary Part Loss : 0.174, Mel Spectrogram Loss : 1.560, Mel Spectrogram L2 Loss : 4.569, Commit Loss : 0.308, s/b : 0.223
Steps : 2550, Gen Loss Total : 901.453, Amplitude Loss : 3.033, Instantaneous Phase Loss : 1.568, Group Delay Loss : 0.504, Phase Time Difference Loss : 0.747, STFT Consistency Loss : 0.004, Real Part Loss : 0.158, Imaginary Part Loss : 0.148, Mel Spectrogram Loss : 1.407, Mel Spectrogram L2 Loss : 3.722, Commit Loss : 0.323, s/b : 0.206
Steps : 2555, Gen Loss Total : 889.398, Amplitude Loss : 3.582, Instantaneous Phase Loss : 1.570, Group Delay Loss : 0.497, Phase Time Difference Loss : 0.739, STFT Consistency Loss : 0.002, Real Part Loss : 0.080, Imaginary Part Loss : 0.073, Mel Spectrogram Loss : 1.711, Mel Spectrogram L2 Loss : 5.074, Commit Loss : 0.304, s/b : 0.225
Steps : 2560, Gen Loss Total : 929.288, Amplitude Loss : 3.484, Instantaneous Phase Loss : 1.572, Group Delay Loss : 0.503, Phase Time Difference Loss : 0.746, STFT Consistency Loss : 0.001, Real Part Loss : 0.126, Imaginary Part Loss : 0.114, Mel Spectrogram Loss : 1.604, Mel Spectrogram L2 Loss : 4.857, Commit Loss : 0.313, s/b : 0.208
Steps : 2565, Gen Loss Total : 803.208, Amplitude Loss : 2.819, Instantaneous Phase Loss : 1.574, Group Delay Loss : 0.500, Phase Time Difference Loss : 0.741, STFT Consistency Loss : 0.001, Real Part Loss : 0.114, Imaginary Part Loss : 0.101, Mel Spectrogram Loss : 1.369, Mel Spectrogram L2 Loss : 3.551, Commit Loss : 0.298, s/b : 0.235
Steps : 2570, Gen Loss Total : 885.170, Amplitude Loss : 3.157, Instantaneous Phase Loss : 1.567, Group Delay Loss : 0.503, Phase Time Difference Loss : 0.746, STFT Consistency Loss : 0.002, Real Part Loss : 0.131, Imaginary Part Loss : 0.118, Mel Spectrogram Loss : 1.496, Mel Spectrogram L2 Loss : 4.177, Commit Loss : 0.296, s/b : 0.236
Steps : 2575, Gen Loss Total : 1006.427, Amplitude Loss : 3.154, Instantaneous Phase Loss : 1.572, Group Delay Loss : 0.503, Phase Time Difference Loss : 0.742, STFT Consistency Loss : 0.001, Real Part Loss : 0.161, Imaginary Part Loss : 0.147, Mel Spectrogram Loss : 1.616, Mel Spectrogram L2 Loss : 4.771, Commit Loss : 0.296, s/b : 0.188
Steps : 2580, Gen Loss Total : 1002.110, Amplitude Loss : 4.081, Instantaneous Phase Loss : 1.565, Group Delay Loss : 0.498, Phase Time Difference Loss : 0.742, STFT Consistency Loss : 0.001, Real Part Loss : 0.103, Imaginary Part Loss : 0.092, Mel Spectrogram Loss : 1.833, Mel Spectrogram L2 Loss : 5.966, Commit Loss : 0.292, s/b : 0.267
Steps : 2585, Gen Loss Total : 936.111, Amplitude Loss : 2.546, Instantaneous Phase Loss : 1.571, Group Delay Loss : 0.501, Phase Time Difference Loss : 0.742, STFT Consistency Loss : 0.001, Real Part Loss : 0.146, Imaginary Part Loss : 0.130, Mel Spectrogram Loss : 1.354, Mel Spectrogram L2 Loss : 3.503, Commit Loss : 0.311, s/b : 0.227
Steps : 2590, Gen Loss Total : 853.088, Amplitude Loss : 2.721, Instantaneous Phase Loss : 1.572, Group Delay Loss : 0.501, Phase Time Difference Loss : 0.743, STFT Consistency Loss : 0.002, Real Part Loss : 0.119, Imaginary Part Loss : 0.107, Mel Spectrogram Loss : 1.319, Mel Spectrogram L2 Loss : 3.451, Commit Loss : 0.273, s/b : 0.228
Steps : 2595, Gen Loss Total : 948.376, Amplitude Loss : 3.644, Instantaneous Phase Loss : 1.572, Group Delay Loss : 0.504, Phase Time Difference Loss : 0.748, STFT Consistency Loss : 0.003, Real Part Loss : 0.113, Imaginary Part Loss : 0.105, Mel Spectrogram Loss : 1.714, Mel Spectrogram L2 Loss : 5.353, Commit Loss : 0.297, s/b : 0.283
Steps : 2600, Gen Loss Total : 949.750, Amplitude Loss : 2.878, Instantaneous Phase Loss : 1.572, Group Delay Loss : 0.500, Phase Time Difference Loss : 0.740, STFT Consistency Loss : 0.001, Real Part Loss : 0.143, Imaginary Part Loss : 0.133, Mel Spectrogram Loss : 1.622, Mel Spectrogram L2 Loss : 4.790, Commit Loss : 0.266, s/b : 0.246
Steps : 2605, Gen Loss Total : 850.394, Amplitude Loss : 2.988, Instantaneous Phase Loss : 1.573, Group Delay Loss : 0.495, Phase Time Difference Loss : 0.735, STFT Consistency Loss : 0.001, Real Part Loss : 0.077, Imaginary Part Loss : 0.072, Mel Spectrogram Loss : 1.578, Mel Spectrogram L2 Loss : 4.402, Commit Loss : 0.277, s/b : 0.223
Steps : 2610, Gen Loss Total : 986.540, Amplitude Loss : 3.329, Instantaneous Phase Loss : 1.568, Group Delay Loss : 0.502, Phase Time Difference Loss : 0.745, STFT Consistency Loss : 0.000, Real Part Loss : 0.121, Imaginary Part Loss : 0.112, Mel Spectrogram Loss : 1.650, Mel Spectrogram L2 Loss : 5.140, Commit Loss : 0.272, s/b : 0.228
Steps : 2615, Gen Loss Total : 984.411, Amplitude Loss : 2.821, Instantaneous Phase Loss : 1.574, Group Delay Loss : 0.498, Phase Time Difference Loss : 0.738, STFT Consistency Loss : 0.001, Real Part Loss : 0.131, Imaginary Part Loss : 0.118, Mel Spectrogram Loss : 1.588, Mel Spectrogram L2 Loss : 4.718, Commit Loss : 0.262, s/b : 0.242
Steps : 2620, Gen Loss Total : 975.402, Amplitude Loss : 2.850, Instantaneous Phase Loss : 1.571, Group Delay Loss : 0.497, Phase Time Difference Loss : 0.739, STFT Consistency Loss : 0.001, Real Part Loss : 0.134, Imaginary Part Loss : 0.121, Mel Spectrogram Loss : 1.597, Mel Spectrogram L2 Loss : 4.696, Commit Loss : 0.258, s/b : 0.117
Time taken for epoch 21 is 27 sec

Epoch: 22
Steps : 2625, Gen Loss Total : 970.501, Amplitude Loss : 3.183, Instantaneous Phase Loss : 1.574, Group Delay Loss : 0.501, Phase Time Difference Loss : 0.742, STFT Consistency Loss : 0.001, Real Part Loss : 0.131, Imaginary Part Loss : 0.120, Mel Spectrogram Loss : 1.708, Mel Spectrogram L2 Loss : 5.246, Commit Loss : 0.282, s/b : 0.383
Steps : 2630, Gen Loss Total : 843.336, Amplitude Loss : 2.646, Instantaneous Phase Loss : 1.576, Group Delay Loss : 0.502, Phase Time Difference Loss : 0.741, STFT Consistency Loss : 0.001, Real Part Loss : 0.108, Imaginary Part Loss : 0.097, Mel Spectrogram Loss : 1.429, Mel Spectrogram L2 Loss : 3.901, Commit Loss : 0.247, s/b : 0.223
Steps : 2635, Gen Loss Total : 968.184, Amplitude Loss : 2.669, Instantaneous Phase Loss : 1.566, Group Delay Loss : 0.509, Phase Time Difference Loss : 0.752, STFT Consistency Loss : 0.003, Real Part Loss : 0.180, Imaginary Part Loss : 0.168, Mel Spectrogram Loss : 1.462, Mel Spectrogram L2 Loss : 4.048, Commit Loss : 0.239, s/b : 0.237
Steps : 2640, Gen Loss Total : 1063.470, Amplitude Loss : 2.988, Instantaneous Phase Loss : 1.568, Group Delay Loss : 0.502, Phase Time Difference Loss : 0.741, STFT Consistency Loss : 0.003, Real Part Loss : 0.179, Imaginary Part Loss : 0.168, Mel Spectrogram Loss : 1.660, Mel Spectrogram L2 Loss : 5.205, Commit Loss : 0.257, s/b : 0.256
Steps : 2645, Gen Loss Total : 930.901, Amplitude Loss : 3.151, Instantaneous Phase Loss : 1.570, Group Delay Loss : 0.496, Phase Time Difference Loss : 0.735, STFT Consistency Loss : 0.001, Real Part Loss : 0.098, Imaginary Part Loss : 0.091, Mel Spectrogram Loss : 1.724, Mel Spectrogram L2 Loss : 5.364, Commit Loss : 0.262, s/b : 0.228
Steps : 2650, Gen Loss Total : 1071.554, Amplitude Loss : 3.000, Instantaneous Phase Loss : 1.573, Group Delay Loss : 0.502, Phase Time Difference Loss : 0.740, STFT Consistency Loss : 0.000, Real Part Loss : 0.169, Imaginary Part Loss : 0.152, Mel Spectrogram Loss : 1.769, Mel Spectrogram L2 Loss : 5.613, Commit Loss : 0.252, s/b : 0.221
Steps : 2655, Gen Loss Total : 887.156, Amplitude Loss : 2.264, Instantaneous Phase Loss : 1.570, Group Delay Loss : 0.496, Phase Time Difference Loss : 0.733, STFT Consistency Loss : 0.001, Real Part Loss : 0.134, Imaginary Part Loss : 0.123, Mel Spectrogram Loss : 1.462, Mel Spectrogram L2 Loss : 3.921, Commit Loss : 0.241, s/b : 0.216
Steps : 2660, Gen Loss Total : 851.942, Amplitude Loss : 2.144, Instantaneous Phase Loss : 1.573, Group Delay Loss : 0.499, Phase Time Difference Loss : 0.736, STFT Consistency Loss : 0.001, Real Part Loss : 0.139, Imaginary Part Loss : 0.128, Mel Spectrogram Loss : 1.380, Mel Spectrogram L2 Loss : 3.583, Commit Loss : 0.238, s/b : 0.213
Steps : 2665, Gen Loss Total : 916.575, Amplitude Loss : 2.483, Instantaneous Phase Loss : 1.571, Group Delay Loss : 0.498, Phase Time Difference Loss : 0.733, STFT Consistency Loss : 0.000, Real Part Loss : 0.139, Imaginary Part Loss : 0.130, Mel Spectrogram Loss : 1.589, Mel Spectrogram L2 Loss : 4.700, Commit Loss : 0.243, s/b : 0.211
Steps : 2670, Gen Loss Total : 888.619, Amplitude Loss : 2.674, Instantaneous Phase Loss : 1.569, Group Delay Loss : 0.496, Phase Time Difference Loss : 0.734, STFT Consistency Loss : 0.000, Real Part Loss : 0.105, Imaginary Part Loss : 0.097, Mel Spectrogram Loss : 1.592, Mel Spectrogram L2 Loss : 4.813, Commit Loss : 0.224, s/b : 0.215
Steps : 2675, Gen Loss Total : 1074.417, Amplitude Loss : 2.740, Instantaneous Phase Loss : 1.572, Group Delay Loss : 0.503, Phase Time Difference Loss : 0.742, STFT Consistency Loss : 0.002, Real Part Loss : 0.185, Imaginary Part Loss : 0.174, Mel Spectrogram Loss : 1.715, Mel Spectrogram L2 Loss : 5.281, Commit Loss : 0.235, s/b : 0.217
Steps : 2680, Gen Loss Total : 909.991, Amplitude Loss : 2.557, Instantaneous Phase Loss : 1.573, Group Delay Loss : 0.497, Phase Time Difference Loss : 0.736, STFT Consistency Loss : 0.005, Real Part Loss : 0.126, Imaginary Part Loss : 0.117, Mel Spectrogram Loss : 1.586, Mel Spectrogram L2 Loss : 4.658, Commit Loss : 0.245, s/b : 0.246
Steps : 2685, Gen Loss Total : 967.130, Amplitude Loss : 2.484, Instantaneous Phase Loss : 1.574, Group Delay Loss : 0.507, Phase Time Difference Loss : 0.748, STFT Consistency Loss : 0.002, Real Part Loss : 0.166, Imaginary Part Loss : 0.151, Mel Spectrogram Loss : 1.474, Mel Spectrogram L2 Loss : 4.235, Commit Loss : 0.226, s/b : 0.231
Steps : 2690, Gen Loss Total : 974.771, Amplitude Loss : 2.220, Instantaneous Phase Loss : 1.570, Group Delay Loss : 0.498, Phase Time Difference Loss : 0.736, STFT Consistency Loss : 0.001, Real Part Loss : 0.150, Imaginary Part Loss : 0.137, Mel Spectrogram Loss : 1.483, Mel Spectrogram L2 Loss : 4.385, Commit Loss : 0.219, s/b : 0.222
Steps : 2695, Gen Loss Total : 1039.496, Amplitude Loss : 2.406, Instantaneous Phase Loss : 1.567, Group Delay Loss : 0.499, Phase Time Difference Loss : 0.738, STFT Consistency Loss : 0.001, Real Part Loss : 0.159, Imaginary Part Loss : 0.143, Mel Spectrogram Loss : 1.588, Mel Spectrogram L2 Loss : 4.805, Commit Loss : 0.212, s/b : 0.226
Steps : 2700, Gen Loss Total : 888.418, Amplitude Loss : 2.375, Instantaneous Phase Loss : 1.569, Group Delay Loss : 0.494, Phase Time Difference Loss : 0.732, STFT Consistency Loss : 0.003, Real Part Loss : 0.121, Imaginary Part Loss : 0.112, Mel Spectrogram Loss : 1.609, Mel Spectrogram L2 Loss : 4.675, Commit Loss : 0.229, s/b : 0.231
Steps : 2705, Gen Loss Total : 946.883, Amplitude Loss : 1.992, Instantaneous Phase Loss : 1.573, Group Delay Loss : 0.497, Phase Time Difference Loss : 0.735, STFT Consistency Loss : 0.004, Real Part Loss : 0.160, Imaginary Part Loss : 0.139, Mel Spectrogram Loss : 1.420, Mel Spectrogram L2 Loss : 3.762, Commit Loss : 0.201, s/b : 0.224
Steps : 2710, Gen Loss Total : 790.404, Amplitude Loss : 2.068, Instantaneous Phase Loss : 1.572, Group Delay Loss : 0.499, Phase Time Difference Loss : 0.738, STFT Consistency Loss : 0.013, Real Part Loss : 0.122, Imaginary Part Loss : 0.110, Mel Spectrogram Loss : 1.388, Mel Spectrogram L2 Loss : 3.635, Commit Loss : 0.231, s/b : 0.220
Steps : 2715, Gen Loss Total : 767.905, Amplitude Loss : 2.381, Instantaneous Phase Loss : 1.570, Group Delay Loss : 0.498, Phase Time Difference Loss : 0.738, STFT Consistency Loss : 0.001, Real Part Loss : 0.102, Imaginary Part Loss : 0.094, Mel Spectrogram Loss : 1.426, Mel Spectrogram L2 Loss : 4.102, Commit Loss : 0.210, s/b : 0.222
Steps : 2720, Gen Loss Total : 950.732, Amplitude Loss : 2.578, Instantaneous Phase Loss : 1.569, Group Delay Loss : 0.499, Phase Time Difference Loss : 0.738, STFT Consistency Loss : 0.001, Real Part Loss : 0.147, Imaginary Part Loss : 0.135, Mel Spectrogram Loss : 1.626, Mel Spectrogram L2 Loss : 4.995, Commit Loss : 0.210, s/b : 0.302
Steps : 2725, Gen Loss Total : 717.527, Amplitude Loss : 1.997, Instantaneous Phase Loss : 1.573, Group Delay Loss : 0.496, Phase Time Difference Loss : 0.737, STFT Consistency Loss : 0.001, Real Part Loss : 0.085, Imaginary Part Loss : 0.079, Mel Spectrogram Loss : 1.360, Mel Spectrogram L2 Loss : 3.479, Commit Loss : 0.220, s/b : 0.235
Steps : 2730, Gen Loss Total : 891.672, Amplitude Loss : 2.405, Instantaneous Phase Loss : 1.576, Group Delay Loss : 0.491, Phase Time Difference Loss : 0.731, STFT Consistency Loss : 0.002, Real Part Loss : 0.117, Imaginary Part Loss : 0.108, Mel Spectrogram Loss : 1.609, Mel Spectrogram L2 Loss : 4.798, Commit Loss : 0.229, s/b : 0.220
Steps : 2735, Gen Loss Total : 917.194, Amplitude Loss : 2.694, Instantaneous Phase Loss : 1.572, Group Delay Loss : 0.494, Phase Time Difference Loss : 0.735, STFT Consistency Loss : 0.001, Real Part Loss : 0.112, Imaginary Part Loss : 0.106, Mel Spectrogram Loss : 1.722, Mel Spectrogram L2 Loss : 5.517, Commit Loss : 0.229, s/b : 0.233
Steps : 2740, Gen Loss Total : 989.586, Amplitude Loss : 2.448, Instantaneous Phase Loss : 1.568, Group Delay Loss : 0.497, Phase Time Difference Loss : 0.734, STFT Consistency Loss : 0.000, Real Part Loss : 0.151, Imaginary Part Loss : 0.135, Mel Spectrogram Loss : 1.681, Mel Spectrogram L2 Loss : 5.165, Commit Loss : 0.218, s/b : 0.219
Steps : 2745, Gen Loss Total : 923.883, Amplitude Loss : 2.023, Instantaneous Phase Loss : 1.573, Group Delay Loss : 0.499, Phase Time Difference Loss : 0.738, STFT Consistency Loss : 0.001, Real Part Loss : 0.151, Imaginary Part Loss : 0.137, Mel Spectrogram Loss : 1.415, Mel Spectrogram L2 Loss : 3.805, Commit Loss : 0.206, s/b : 0.113
Time taken for epoch 22 is 28 sec

Epoch: 23
Steps : 2750, Gen Loss Total : 907.940, Amplitude Loss : 2.541, Instantaneous Phase Loss : 1.569, Group Delay Loss : 0.495, Phase Time Difference Loss : 0.736, STFT Consistency Loss : 0.001, Real Part Loss : 0.114, Imaginary Part Loss : 0.102, Mel Spectrogram Loss : 1.604, Mel Spectrogram L2 Loss : 4.913, Commit Loss : 0.204, s/b : 0.364
Steps : 2755, Gen Loss Total : 966.720, Amplitude Loss : 2.087, Instantaneous Phase Loss : 1.570, Group Delay Loss : 0.495, Phase Time Difference Loss : 0.733, STFT Consistency Loss : 0.000, Real Part Loss : 0.151, Imaginary Part Loss : 0.139, Mel Spectrogram Loss : 1.620, Mel Spectrogram L2 Loss : 4.795, Commit Loss : 0.195, s/b : 0.188
Steps : 2760, Gen Loss Total : 877.012, Amplitude Loss : 2.092, Instantaneous Phase Loss : 1.567, Group Delay Loss : 0.494, Phase Time Difference Loss : 0.734, STFT Consistency Loss : 0.001, Real Part Loss : 0.140, Imaginary Part Loss : 0.129, Mel Spectrogram Loss : 1.514, Mel Spectrogram L2 Loss : 4.192, Commit Loss : 0.212, s/b : 0.224
Steps : 2765, Gen Loss Total : 842.223, Amplitude Loss : 1.999, Instantaneous Phase Loss : 1.566, Group Delay Loss : 0.493, Phase Time Difference Loss : 0.732, STFT Consistency Loss : 0.001, Real Part Loss : 0.116, Imaginary Part Loss : 0.106, Mel Spectrogram Loss : 1.428, Mel Spectrogram L2 Loss : 4.082, Commit Loss : 0.219, s/b : 0.228
Steps : 2770, Gen Loss Total : 885.440, Amplitude Loss : 2.380, Instantaneous Phase Loss : 1.571, Group Delay Loss : 0.491, Phase Time Difference Loss : 0.731, STFT Consistency Loss : 0.001, Real Part Loss : 0.099, Imaginary Part Loss : 0.087, Mel Spectrogram Loss : 1.605, Mel Spectrogram L2 Loss : 4.808, Commit Loss : 0.212, s/b : 0.223
Steps : 2775, Gen Loss Total : 981.149, Amplitude Loss : 2.321, Instantaneous Phase Loss : 1.568, Group Delay Loss : 0.497, Phase Time Difference Loss : 0.737, STFT Consistency Loss : 0.001, Real Part Loss : 0.138, Imaginary Part Loss : 0.126, Mel Spectrogram Loss : 1.476, Mel Spectrogram L2 Loss : 4.502, Commit Loss : 0.210, s/b : 0.228
Steps : 2780, Gen Loss Total : 753.161, Amplitude Loss : 1.616, Instantaneous Phase Loss : 1.570, Group Delay Loss : 0.492, Phase Time Difference Loss : 0.730, STFT Consistency Loss : 0.001, Real Part Loss : 0.109, Imaginary Part Loss : 0.100, Mel Spectrogram Loss : 1.215, Mel Spectrogram L2 Loss : 2.847, Commit Loss : 0.191, s/b : 0.216
Steps : 2785, Gen Loss Total : 865.507, Amplitude Loss : 1.580, Instantaneous Phase Loss : 1.567, Group Delay Loss : 0.493, Phase Time Difference Loss : 0.728, STFT Consistency Loss : 0.001, Real Part Loss : 0.149, Imaginary Part Loss : 0.137, Mel Spectrogram Loss : 1.343, Mel Spectrogram L2 Loss : 3.451, Commit Loss : 0.182, s/b : 0.298
Steps : 2790, Gen Loss Total : 1080.005, Amplitude Loss : 2.249, Instantaneous Phase Loss : 1.571, Group Delay Loss : 0.503, Phase Time Difference Loss : 0.745, STFT Consistency Loss : 0.001, Real Part Loss : 0.219, Imaginary Part Loss : 0.207, Mel Spectrogram Loss : 1.602, Mel Spectrogram L2 Loss : 4.817, Commit Loss : 0.183, s/b : 0.205
Steps : 2795, Gen Loss Total : 1053.881, Amplitude Loss : 2.270, Instantaneous Phase Loss : 1.568, Group Delay Loss : 0.502, Phase Time Difference Loss : 0.744, STFT Consistency Loss : 0.001, Real Part Loss : 0.196, Imaginary Part Loss : 0.180, Mel Spectrogram Loss : 1.561, Mel Spectrogram L2 Loss : 4.685, Commit Loss : 0.182, s/b : 0.204
Steps : 2800, Gen Loss Total : 936.654, Amplitude Loss : 2.525, Instantaneous Phase Loss : 1.567, Group Delay Loss : 0.492, Phase Time Difference Loss : 0.730, STFT Consistency Loss : 0.002, Real Part Loss : 0.107, Imaginary Part Loss : 0.099, Mel Spectrogram Loss : 1.769, Mel Spectrogram L2 Loss : 5.439, Commit Loss : 0.184, s/b : 0.215
Steps : 2805, Gen Loss Total : 880.599, Amplitude Loss : 2.532, Instantaneous Phase Loss : 1.572, Group Delay Loss : 0.492, Phase Time Difference Loss : 0.731, STFT Consistency Loss : 0.003, Real Part Loss : 0.097, Imaginary Part Loss : 0.090, Mel Spectrogram Loss : 1.741, Mel Spectrogram L2 Loss : 5.424, Commit Loss : 0.185, s/b : 0.235
Steps : 2810, Gen Loss Total : 769.595, Amplitude Loss : 1.877, Instantaneous Phase Loss : 1.568, Group Delay Loss : 0.491, Phase Time Difference Loss : 0.728, STFT Consistency Loss : 0.001, Real Part Loss : 0.099, Imaginary Part Loss : 0.090, Mel Spectrogram Loss : 1.380, Mel Spectrogram L2 Loss : 3.572, Commit Loss : 0.178, s/b : 0.239
Steps : 2815, Gen Loss Total : 902.564, Amplitude Loss : 1.940, Instantaneous Phase Loss : 1.570, Group Delay Loss : 0.496, Phase Time Difference Loss : 0.734, STFT Consistency Loss : 0.000, Real Part Loss : 0.150, Imaginary Part Loss : 0.139, Mel Spectrogram Loss : 1.484, Mel Spectrogram L2 Loss : 4.197, Commit Loss : 0.196, s/b : 0.223
Steps : 2820, Gen Loss Total : 999.616, Amplitude Loss : 2.693, Instantaneous Phase Loss : 1.566, Group Delay Loss : 0.493, Phase Time Difference Loss : 0.735, STFT Consistency Loss : 0.001, Real Part Loss : 0.113, Imaginary Part Loss : 0.105, Mel Spectrogram Loss : 1.697, Mel Spectrogram L2 Loss : 5.398, Commit Loss : 0.183, s/b : 0.222
Steps : 2825, Gen Loss Total : 929.794, Amplitude Loss : 1.974, Instantaneous Phase Loss : 1.573, Group Delay Loss : 0.492, Phase Time Difference Loss : 0.728, STFT Consistency Loss : 0.000, Real Part Loss : 0.124, Imaginary Part Loss : 0.116, Mel Spectrogram Loss : 1.502, Mel Spectrogram L2 Loss : 4.169, Commit Loss : 0.181, s/b : 0.284
Steps : 2830, Gen Loss Total : 941.730, Amplitude Loss : 2.218, Instantaneous Phase Loss : 1.579, Group Delay Loss : 0.494, Phase Time Difference Loss : 0.734, STFT Consistency Loss : 0.000, Real Part Loss : 0.122, Imaginary Part Loss : 0.108, Mel Spectrogram Loss : 1.526, Mel Spectrogram L2 Loss : 4.347, Commit Loss : 0.194, s/b : 0.223
Steps : 2835, Gen Loss Total : 946.222, Amplitude Loss : 1.721, Instantaneous Phase Loss : 1.570, Group Delay Loss : 0.491, Phase Time Difference Loss : 0.729, STFT Consistency Loss : 0.001, Real Part Loss : 0.136, Imaginary Part Loss : 0.125, Mel Spectrogram Loss : 1.400, Mel Spectrogram L2 Loss : 3.774, Commit Loss : 0.192, s/b : 0.348
Steps : 2840, Gen Loss Total : 1000.253, Amplitude Loss : 1.573, Instantaneous Phase Loss : 1.564, Group Delay Loss : 0.496, Phase Time Difference Loss : 0.736, STFT Consistency Loss : 0.001, Real Part Loss : 0.175, Imaginary Part Loss : 0.158, Mel Spectrogram Loss : 1.279, Mel Spectrogram L2 Loss : 3.201, Commit Loss : 0.172, s/b : 0.225
Steps : 2845, Gen Loss Total : 828.309, Amplitude Loss : 2.064, Instantaneous Phase Loss : 1.571, Group Delay Loss : 0.489, Phase Time Difference Loss : 0.728, STFT Consistency Loss : 0.002, Real Part Loss : 0.098, Imaginary Part Loss : 0.092, Mel Spectrogram Loss : 1.506, Mel Spectrogram L2 Loss : 4.202, Commit Loss : 0.181, s/b : 0.216
Steps : 2850, Gen Loss Total : 826.096, Amplitude Loss : 1.915, Instantaneous Phase Loss : 1.571, Group Delay Loss : 0.493, Phase Time Difference Loss : 0.731, STFT Consistency Loss : 0.001, Real Part Loss : 0.114, Imaginary Part Loss : 0.109, Mel Spectrogram Loss : 1.396, Mel Spectrogram L2 Loss : 3.699, Commit Loss : 0.179, s/b : 0.221
Steps : 2855, Gen Loss Total : 919.315, Amplitude Loss : 2.199, Instantaneous Phase Loss : 1.571, Group Delay Loss : 0.491, Phase Time Difference Loss : 0.729, STFT Consistency Loss : 0.001, Real Part Loss : 0.119, Imaginary Part Loss : 0.113, Mel Spectrogram Loss : 1.658, Mel Spectrogram L2 Loss : 4.797, Commit Loss : 0.193, s/b : 0.222
Steps : 2860, Gen Loss Total : 927.193, Amplitude Loss : 2.077, Instantaneous Phase Loss : 1.571, Group Delay Loss : 0.492, Phase Time Difference Loss : 0.733, STFT Consistency Loss : 0.001, Real Part Loss : 0.127, Imaginary Part Loss : 0.118, Mel Spectrogram Loss : 1.543, Mel Spectrogram L2 Loss : 4.374, Commit Loss : 0.183, s/b : 0.233
Steps : 2865, Gen Loss Total : 966.405, Amplitude Loss : 2.215, Instantaneous Phase Loss : 1.574, Group Delay Loss : 0.492, Phase Time Difference Loss : 0.731, STFT Consistency Loss : 0.001, Real Part Loss : 0.125, Imaginary Part Loss : 0.109, Mel Spectrogram Loss : 1.562, Mel Spectrogram L2 Loss : 4.680, Commit Loss : 0.170, s/b : 0.216
Steps : 2870, Gen Loss Total : 965.321, Amplitude Loss : 1.904, Instantaneous Phase Loss : 1.570, Group Delay Loss : 0.498, Phase Time Difference Loss : 0.737, STFT Consistency Loss : 0.001, Real Part Loss : 0.172, Imaginary Part Loss : 0.162, Mel Spectrogram Loss : 1.440, Mel Spectrogram L2 Loss : 3.933, Commit Loss : 0.169, s/b : 0.112
Time taken for epoch 23 is 28 sec

Epoch: 24
Steps : 2875, Gen Loss Total : 978.724, Amplitude Loss : 2.922, Instantaneous Phase Loss : 1.571, Group Delay Loss : 0.492, Phase Time Difference Loss : 0.734, STFT Consistency Loss : 0.002, Real Part Loss : 0.116, Imaginary Part Loss : 0.106, Mel Spectrogram Loss : 1.835, Mel Spectrogram L2 Loss : 6.257, Commit Loss : 0.177, s/b : 0.365
Steps : 2880, Gen Loss Total : 936.482, Amplitude Loss : 1.994, Instantaneous Phase Loss : 1.568, Group Delay Loss : 0.492, Phase Time Difference Loss : 0.729, STFT Consistency Loss : 0.001, Real Part Loss : 0.137, Imaginary Part Loss : 0.124, Mel Spectrogram Loss : 1.477, Mel Spectrogram L2 Loss : 4.193, Commit Loss : 0.172, s/b : 0.220
Steps : 2885, Gen Loss Total : 970.346, Amplitude Loss : 2.181, Instantaneous Phase Loss : 1.569, Group Delay Loss : 0.495, Phase Time Difference Loss : 0.734, STFT Consistency Loss : 0.001, Real Part Loss : 0.138, Imaginary Part Loss : 0.126, Mel Spectrogram Loss : 1.579, Mel Spectrogram L2 Loss : 4.601, Commit Loss : 0.177, s/b : 0.233
Steps : 2890, Gen Loss Total : 797.023, Amplitude Loss : 2.032, Instantaneous Phase Loss : 1.571, Group Delay Loss : 0.492, Phase Time Difference Loss : 0.733, STFT Consistency Loss : 0.001, Real Part Loss : 0.091, Imaginary Part Loss : 0.086, Mel Spectrogram Loss : 1.381, Mel Spectrogram L2 Loss : 3.740, Commit Loss : 0.167, s/b : 0.228
Steps : 2895, Gen Loss Total : 908.123, Amplitude Loss : 1.934, Instantaneous Phase Loss : 1.570, Group Delay Loss : 0.489, Phase Time Difference Loss : 0.728, STFT Consistency Loss : 0.001, Real Part Loss : 0.115, Imaginary Part Loss : 0.104, Mel Spectrogram Loss : 1.494, Mel Spectrogram L2 Loss : 4.077, Commit Loss : 0.187, s/b : 0.211
Steps : 2900, Gen Loss Total : 1041.677, Amplitude Loss : 2.616, Instantaneous Phase Loss : 1.567, Group Delay Loss : 0.493, Phase Time Difference Loss : 0.733, STFT Consistency Loss : 0.001, Real Part Loss : 0.124, Imaginary Part Loss : 0.115, Mel Spectrogram Loss : 1.736, Mel Spectrogram L2 Loss : 5.612, Commit Loss : 0.151, s/b : 0.227
Steps : 2905, Gen Loss Total : 1144.978, Amplitude Loss : 2.025, Instantaneous Phase Loss : 1.566, Group Delay Loss : 0.492, Phase Time Difference Loss : 0.731, STFT Consistency Loss : 0.002, Real Part Loss : 0.168, Imaginary Part Loss : 0.152, Mel Spectrogram Loss : 1.579, Mel Spectrogram L2 Loss : 4.553, Commit Loss : 0.175, s/b : 0.311
Steps : 2910, Gen Loss Total : 864.257, Amplitude Loss : 1.740, Instantaneous Phase Loss : 1.569, Group Delay Loss : 0.490, Phase Time Difference Loss : 0.726, STFT Consistency Loss : 0.018, Real Part Loss : 0.142, Imaginary Part Loss : 0.133, Mel Spectrogram Loss : 1.328, Mel Spectrogram L2 Loss : 3.502, Commit Loss : 0.165, s/b : 0.231
Steps : 2915, Gen Loss Total : 723.791, Amplitude Loss : 1.574, Instantaneous Phase Loss : 1.573, Group Delay Loss : 0.491, Phase Time Difference Loss : 0.727, STFT Consistency Loss : 0.059, Real Part Loss : 0.161, Imaginary Part Loss : 0.150, Mel Spectrogram Loss : 1.367, Mel Spectrogram L2 Loss : 3.642, Commit Loss : 0.158, s/b : 0.221
Steps : 2920, Gen Loss Total : 666.168, Amplitude Loss : 1.618, Instantaneous Phase Loss : 1.568, Group Delay Loss : 0.489, Phase Time Difference Loss : 0.726, STFT Consistency Loss : 0.087, Real Part Loss : 0.123, Imaginary Part Loss : 0.103, Mel Spectrogram Loss : 1.342, Mel Spectrogram L2 Loss : 3.413, Commit Loss : 0.155, s/b : 0.249
Steps : 2925, Gen Loss Total : 691.456, Amplitude Loss : 1.841, Instantaneous Phase Loss : 1.575, Group Delay Loss : 0.494, Phase Time Difference Loss : 0.733, STFT Consistency Loss : 0.004, Real Part Loss : 0.135, Imaginary Part Loss : 0.126, Mel Spectrogram Loss : 1.420, Mel Spectrogram L2 Loss : 3.847, Commit Loss : 0.158, s/b : 0.249
Steps : 2930, Gen Loss Total : 781.828, Amplitude Loss : 2.477, Instantaneous Phase Loss : 1.566, Group Delay Loss : 0.488, Phase Time Difference Loss : 0.728, STFT Consistency Loss : 0.005, Real Part Loss : 0.082, Imaginary Part Loss : 0.076, Mel Spectrogram Loss : 1.682, Mel Spectrogram L2 Loss : 5.296, Commit Loss : 0.158, s/b : 0.242
Steps : 2935, Gen Loss Total : 806.469, Amplitude Loss : 2.362, Instantaneous Phase Loss : 1.569, Group Delay Loss : 0.494, Phase Time Difference Loss : 0.734, STFT Consistency Loss : 0.002, Real Part Loss : 0.119, Imaginary Part Loss : 0.111, Mel Spectrogram Loss : 1.577, Mel Spectrogram L2 Loss : 4.881, Commit Loss : 0.164, s/b : 0.255
Steps : 2940, Gen Loss Total : 813.108, Amplitude Loss : 2.307, Instantaneous Phase Loss : 1.575, Group Delay Loss : 0.498, Phase Time Difference Loss : 0.740, STFT Consistency Loss : 0.002, Real Part Loss : 0.139, Imaginary Part Loss : 0.130, Mel Spectrogram Loss : 1.547, Mel Spectrogram L2 Loss : 4.491, Commit Loss : 0.155, s/b : 0.232
Steps : 2945, Gen Loss Total : 906.361, Amplitude Loss : 2.588, Instantaneous Phase Loss : 1.569, Group Delay Loss : 0.493, Phase Time Difference Loss : 0.735, STFT Consistency Loss : 0.004, Real Part Loss : 0.128, Imaginary Part Loss : 0.115, Mel Spectrogram Loss : 1.717, Mel Spectrogram L2 Loss : 5.594, Commit Loss : 0.160, s/b : 0.223
Steps : 2950, Gen Loss Total : 847.629, Amplitude Loss : 2.012, Instantaneous Phase Loss : 1.572, Group Delay Loss : 0.498, Phase Time Difference Loss : 0.740, STFT Consistency Loss : 0.002, Real Part Loss : 0.163, Imaginary Part Loss : 0.153, Mel Spectrogram Loss : 1.448, Mel Spectrogram L2 Loss : 3.997, Commit Loss : 0.145, s/b : 0.230
Steps : 2955, Gen Loss Total : 848.054, Amplitude Loss : 1.977, Instantaneous Phase Loss : 1.569, Group Delay Loss : 0.491, Phase Time Difference Loss : 0.730, STFT Consistency Loss : 0.002, Real Part Loss : 0.138, Imaginary Part Loss : 0.123, Mel Spectrogram Loss : 1.462, Mel Spectrogram L2 Loss : 4.039, Commit Loss : 0.150, s/b : 0.229
Steps : 2960, Gen Loss Total : 843.250, Amplitude Loss : 1.758, Instantaneous Phase Loss : 1.572, Group Delay Loss : 0.493, Phase Time Difference Loss : 0.733, STFT Consistency Loss : 0.003, Real Part Loss : 0.145, Imaginary Part Loss : 0.133, Mel Spectrogram Loss : 1.415, Mel Spectrogram L2 Loss : 3.688, Commit Loss : 0.141, s/b : 0.237
Steps : 2965, Gen Loss Total : 846.204, Amplitude Loss : 2.066, Instantaneous Phase Loss : 1.574, Group Delay Loss : 0.497, Phase Time Difference Loss : 0.738, STFT Consistency Loss : 0.002, Real Part Loss : 0.171, Imaginary Part Loss : 0.159, Mel Spectrogram Loss : 1.501, Mel Spectrogram L2 Loss : 4.190, Commit Loss : 0.152, s/b : 0.232
Steps : 2970, Gen Loss Total : 958.761, Amplitude Loss : 2.398, Instantaneous Phase Loss : 1.572, Group Delay Loss : 0.494, Phase Time Difference Loss : 0.734, STFT Consistency Loss : 0.002, Real Part Loss : 0.152, Imaginary Part Loss : 0.140, Mel Spectrogram Loss : 1.650, Mel Spectrogram L2 Loss : 5.050, Commit Loss : 0.145, s/b : 0.227
Steps : 2975, Gen Loss Total : 852.872, Amplitude Loss : 2.017, Instantaneous Phase Loss : 1.564, Group Delay Loss : 0.491, Phase Time Difference Loss : 0.728, STFT Consistency Loss : 0.001, Real Part Loss : 0.118, Imaginary Part Loss : 0.110, Mel Spectrogram Loss : 1.516, Mel Spectrogram L2 Loss : 4.234, Commit Loss : 0.137, s/b : 0.221
Steps : 2980, Gen Loss Total : 842.606, Amplitude Loss : 2.139, Instantaneous Phase Loss : 1.576, Group Delay Loss : 0.488, Phase Time Difference Loss : 0.727, STFT Consistency Loss : 0.002, Real Part Loss : 0.118, Imaginary Part Loss : 0.113, Mel Spectrogram Loss : 1.578, Mel Spectrogram L2 Loss : 4.573, Commit Loss : 0.143, s/b : 0.223
Steps : 2985, Gen Loss Total : 880.871, Amplitude Loss : 2.176, Instantaneous Phase Loss : 1.572, Group Delay Loss : 0.496, Phase Time Difference Loss : 0.738, STFT Consistency Loss : 0.001, Real Part Loss : 0.131, Imaginary Part Loss : 0.123, Mel Spectrogram Loss : 1.462, Mel Spectrogram L2 Loss : 4.264, Commit Loss : 0.139, s/b : 0.228
Steps : 2990, Gen Loss Total : 1040.961, Amplitude Loss : 2.177, Instantaneous Phase Loss : 1.565, Group Delay Loss : 0.493, Phase Time Difference Loss : 0.732, STFT Consistency Loss : 0.001, Real Part Loss : 0.144, Imaginary Part Loss : 0.132, Mel Spectrogram Loss : 1.626, Mel Spectrogram L2 Loss : 4.942, Commit Loss : 0.141, s/b : 0.256
Steps : 2995, Gen Loss Total : 871.652, Amplitude Loss : 2.012, Instantaneous Phase Loss : 1.566, Group Delay Loss : 0.492, Phase Time Difference Loss : 0.731, STFT Consistency Loss : 0.001, Real Part Loss : 0.127, Imaginary Part Loss : 0.118, Mel Spectrogram Loss : 1.488, Mel Spectrogram L2 Loss : 4.147, Commit Loss : 0.137, s/b : 0.116
Time taken for epoch 24 is 29 sec

Epoch: 25
Steps : 3000, Gen Loss Total : 991.816, Amplitude Loss : 2.426, Instantaneous Phase Loss : 1.569, Group Delay Loss : 0.499, Phase Time Difference Loss : 0.744, STFT Consistency Loss : 0.002, Real Part Loss : 0.151, Imaginary Part Loss : 0.140, Mel Spectrogram Loss : 1.601, Mel Spectrogram L2 Loss : 4.873, Commit Loss : 0.139, s/b : 0.356
Steps : 3005, Gen Loss Total : 849.605, Amplitude Loss : 2.110, Instantaneous Phase Loss : 1.565, Group Delay Loss : 0.488, Phase Time Difference Loss : 0.725, STFT Consistency Loss : 0.002, Real Part Loss : 0.105, Imaginary Part Loss : 0.100, Mel Spectrogram Loss : 1.584, Mel Spectrogram L2 Loss : 4.485, Commit Loss : 0.155, s/b : 0.230
Steps : 3010, Gen Loss Total : 1096.458, Amplitude Loss : 2.530, Instantaneous Phase Loss : 1.572, Group Delay Loss : 0.491, Phase Time Difference Loss : 0.730, STFT Consistency Loss : 0.001, Real Part Loss : 0.144, Imaginary Part Loss : 0.137, Mel Spectrogram Loss : 1.795, Mel Spectrogram L2 Loss : 5.773, Commit Loss : 0.148, s/b : 0.251
Steps : 3015, Gen Loss Total : 991.099, Amplitude Loss : 1.942, Instantaneous Phase Loss : 1.578, Group Delay Loss : 0.492, Phase Time Difference Loss : 0.731, STFT Consistency Loss : 0.000, Real Part Loss : 0.142, Imaginary Part Loss : 0.133, Mel Spectrogram Loss : 1.498, Mel Spectrogram L2 Loss : 4.245, Commit Loss : 0.133, s/b : 0.231
Steps : 3020, Gen Loss Total : 899.288, Amplitude Loss : 2.023, Instantaneous Phase Loss : 1.573, Group Delay Loss : 0.493, Phase Time Difference Loss : 0.731, STFT Consistency Loss : 0.001, Real Part Loss : 0.127, Imaginary Part Loss : 0.113, Mel Spectrogram Loss : 1.426, Mel Spectrogram L2 Loss : 3.902, Commit Loss : 0.130, s/b : 0.234
Steps : 3025, Gen Loss Total : 1025.323, Amplitude Loss : 2.644, Instantaneous Phase Loss : 1.572, Group Delay Loss : 0.491, Phase Time Difference Loss : 0.733, STFT Consistency Loss : 0.003, Real Part Loss : 0.127, Imaginary Part Loss : 0.116, Mel Spectrogram Loss : 1.592, Mel Spectrogram L2 Loss : 5.208, Commit Loss : 0.127, s/b : 0.167
Steps : 3030, Gen Loss Total : 910.450, Amplitude Loss : 1.985, Instantaneous Phase Loss : 1.566, Group Delay Loss : 0.490, Phase Time Difference Loss : 0.728, STFT Consistency Loss : 0.003, Real Part Loss : 0.122, Imaginary Part Loss : 0.112, Mel Spectrogram Loss : 1.364, Mel Spectrogram L2 Loss : 3.783, Commit Loss : 0.128, s/b : 0.213
Steps : 3035, Gen Loss Total : 967.100, Amplitude Loss : 2.395, Instantaneous Phase Loss : 1.567, Group Delay Loss : 0.490, Phase Time Difference Loss : 0.728, STFT Consistency Loss : 0.002, Real Part Loss : 0.123, Imaginary Part Loss : 0.114, Mel Spectrogram Loss : 1.592, Mel Spectrogram L2 Loss : 4.745, Commit Loss : 0.134, s/b : 0.218
Steps : 3040, Gen Loss Total : 963.391, Amplitude Loss : 2.298, Instantaneous Phase Loss : 1.566, Group Delay Loss : 0.494, Phase Time Difference Loss : 0.732, STFT Consistency Loss : 0.001, Real Part Loss : 0.140, Imaginary Part Loss : 0.135, Mel Spectrogram Loss : 1.609, Mel Spectrogram L2 Loss : 4.756, Commit Loss : 0.127, s/b : 0.213
Steps : 3045, Gen Loss Total : 824.764, Amplitude Loss : 2.114, Instantaneous Phase Loss : 1.573, Group Delay Loss : 0.487, Phase Time Difference Loss : 0.723, STFT Consistency Loss : 0.001, Real Part Loss : 0.091, Imaginary Part Loss : 0.083, Mel Spectrogram Loss : 1.543, Mel Spectrogram L2 Loss : 4.402, Commit Loss : 0.130, s/b : 0.216
Steps : 3050, Gen Loss Total : 1067.415, Amplitude Loss : 2.264, Instantaneous Phase Loss : 1.570, Group Delay Loss : 0.494, Phase Time Difference Loss : 0.733, STFT Consistency Loss : 0.001, Real Part Loss : 0.150, Imaginary Part Loss : 0.144, Mel Spectrogram Loss : 1.655, Mel Spectrogram L2 Loss : 4.924, Commit Loss : 0.120, s/b : 0.217
Steps : 3055, Gen Loss Total : 1094.169, Amplitude Loss : 2.419, Instantaneous Phase Loss : 1.571, Group Delay Loss : 0.492, Phase Time Difference Loss : 0.733, STFT Consistency Loss : 0.001, Real Part Loss : 0.162, Imaginary Part Loss : 0.155, Mel Spectrogram Loss : 1.738, Mel Spectrogram L2 Loss : 5.333, Commit Loss : 0.124, s/b : 0.240
Steps : 3060, Gen Loss Total : 1028.385, Amplitude Loss : 2.214, Instantaneous Phase Loss : 1.571, Group Delay Loss : 0.496, Phase Time Difference Loss : 0.734, STFT Consistency Loss : 0.001, Real Part Loss : 0.162, Imaginary Part Loss : 0.148, Mel Spectrogram Loss : 1.543, Mel Spectrogram L2 Loss : 4.613, Commit Loss : 0.114, s/b : 0.221
Steps : 3065, Gen Loss Total : 1155.490, Amplitude Loss : 1.906, Instantaneous Phase Loss : 1.571, Group Delay Loss : 0.494, Phase Time Difference Loss : 0.733, STFT Consistency Loss : 0.001, Real Part Loss : 0.185, Imaginary Part Loss : 0.173, Mel Spectrogram Loss : 1.489, Mel Spectrogram L2 Loss : 4.179, Commit Loss : 0.111, s/b : 0.231
Steps : 3070, Gen Loss Total : 1012.210, Amplitude Loss : 2.086, Instantaneous Phase Loss : 1.569, Group Delay Loss : 0.490, Phase Time Difference Loss : 0.730, STFT Consistency Loss : 0.001, Real Part Loss : 0.137, Imaginary Part Loss : 0.124, Mel Spectrogram Loss : 1.545, Mel Spectrogram L2 Loss : 4.335, Commit Loss : 0.121, s/b : 0.257
Steps : 3075, Gen Loss Total : 825.317, Amplitude Loss : 1.840, Instantaneous Phase Loss : 1.572, Group Delay Loss : 0.486, Phase Time Difference Loss : 0.722, STFT Consistency Loss : 0.001, Real Part Loss : 0.108, Imaginary Part Loss : 0.100, Mel Spectrogram Loss : 1.451, Mel Spectrogram L2 Loss : 3.979, Commit Loss : 0.120, s/b : 0.230
Steps : 3080, Gen Loss Total : 873.864, Amplitude Loss : 2.267, Instantaneous Phase Loss : 1.569, Group Delay Loss : 0.484, Phase Time Difference Loss : 0.721, STFT Consistency Loss : 0.001, Real Part Loss : 0.091, Imaginary Part Loss : 0.081, Mel Spectrogram Loss : 1.544, Mel Spectrogram L2 Loss : 4.441, Commit Loss : 0.127, s/b : 0.254
Steps : 3085, Gen Loss Total : 1011.732, Amplitude Loss : 1.885, Instantaneous Phase Loss : 1.576, Group Delay Loss : 0.490, Phase Time Difference Loss : 0.728, STFT Consistency Loss : 0.001, Real Part Loss : 0.137, Imaginary Part Loss : 0.124, Mel Spectrogram Loss : 1.481, Mel Spectrogram L2 Loss : 4.125, Commit Loss : 0.111, s/b : 0.228
Steps : 3090, Gen Loss Total : 1206.686, Amplitude Loss : 2.285, Instantaneous Phase Loss : 1.574, Group Delay Loss : 0.496, Phase Time Difference Loss : 0.738, STFT Consistency Loss : 0.001, Real Part Loss : 0.195, Imaginary Part Loss : 0.175, Mel Spectrogram Loss : 1.591, Mel Spectrogram L2 Loss : 4.755, Commit Loss : 0.109, s/b : 0.285
Steps : 3095, Gen Loss Total : 827.856, Amplitude Loss : 2.069, Instantaneous Phase Loss : 1.570, Group Delay Loss : 0.490, Phase Time Difference Loss : 0.731, STFT Consistency Loss : 0.001, Real Part Loss : 0.093, Imaginary Part Loss : 0.085, Mel Spectrogram Loss : 1.404, Mel Spectrogram L2 Loss : 3.724, Commit Loss : 0.116, s/b : 0.224
Steps : 3100, Gen Loss Total : 1055.125, Amplitude Loss : 2.235, Instantaneous Phase Loss : 1.571, Group Delay Loss : 0.490, Phase Time Difference Loss : 0.729, STFT Consistency Loss : 0.001, Real Part Loss : 0.141, Imaginary Part Loss : 0.134, Mel Spectrogram Loss : 1.609, Mel Spectrogram L2 Loss : 4.763, Commit Loss : 0.112, s/b : 0.227
Steps : 3105, Gen Loss Total : 838.665, Amplitude Loss : 1.950, Instantaneous Phase Loss : 1.573, Group Delay Loss : 0.486, Phase Time Difference Loss : 0.725, STFT Consistency Loss : 0.001, Real Part Loss : 0.094, Imaginary Part Loss : 0.091, Mel Spectrogram Loss : 1.470, Mel Spectrogram L2 Loss : 3.902, Commit Loss : 0.113, s/b : 0.256
Steps : 3110, Gen Loss Total : 989.172, Amplitude Loss : 2.429, Instantaneous Phase Loss : 1.572, Group Delay Loss : 0.493, Phase Time Difference Loss : 0.734, STFT Consistency Loss : 0.001, Real Part Loss : 0.129, Imaginary Part Loss : 0.120, Mel Spectrogram Loss : 1.567, Mel Spectrogram L2 Loss : 4.850, Commit Loss : 0.102, s/b : 0.199
Steps : 3115, Gen Loss Total : 919.344, Amplitude Loss : 2.150, Instantaneous Phase Loss : 1.576, Group Delay Loss : 0.489, Phase Time Difference Loss : 0.729, STFT Consistency Loss : 0.001, Real Part Loss : 0.123, Imaginary Part Loss : 0.113, Mel Spectrogram Loss : 1.458, Mel Spectrogram L2 Loss : 4.120, Commit Loss : 0.111, s/b : 0.257
Steps : 3120, Gen Loss Total : 1005.455, Amplitude Loss : 1.888, Instantaneous Phase Loss : 1.569, Group Delay Loss : 0.490, Phase Time Difference Loss : 0.728, STFT Consistency Loss : 0.001, Real Part Loss : 0.137, Imaginary Part Loss : 0.128, Mel Spectrogram Loss : 1.432, Mel Spectrogram L2 Loss : 3.853, Commit Loss : 0.106, s/b : 0.116
Time taken for epoch 25 is 27 sec

Epoch: 26
Steps : 3125, Gen Loss Total : 1135.913, Amplitude Loss : 2.125, Instantaneous Phase Loss : 1.570, Group Delay Loss : 0.493, Phase Time Difference Loss : 0.735, STFT Consistency Loss : 0.001, Real Part Loss : 0.183, Imaginary Part Loss : 0.174, Mel Spectrogram Loss : 1.591, Mel Spectrogram L2 Loss : 4.686, Commit Loss : 0.108, s/b : 0.472
Steps : 3130, Gen Loss Total : 872.603, Amplitude Loss : 2.178, Instantaneous Phase Loss : 1.572, Group Delay Loss : 0.487, Phase Time Difference Loss : 0.728, STFT Consistency Loss : 0.002, Real Part Loss : 0.100, Imaginary Part Loss : 0.095, Mel Spectrogram Loss : 1.515, Mel Spectrogram L2 Loss : 4.230, Commit Loss : 0.107, s/b : 0.227
Steps : 3135, Gen Loss Total : 1095.262, Amplitude Loss : 2.478, Instantaneous Phase Loss : 1.569, Group Delay Loss : 0.493, Phase Time Difference Loss : 0.734, STFT Consistency Loss : 0.002, Real Part Loss : 0.152, Imaginary Part Loss : 0.143, Mel Spectrogram Loss : 1.658, Mel Spectrogram L2 Loss : 5.258, Commit Loss : 0.103, s/b : 0.235
Steps : 3140, Gen Loss Total : 941.723, Amplitude Loss : 2.140, Instantaneous Phase Loss : 1.572, Group Delay Loss : 0.490, Phase Time Difference Loss : 0.730, STFT Consistency Loss : 0.001, Real Part Loss : 0.130, Imaginary Part Loss : 0.126, Mel Spectrogram Loss : 1.513, Mel Spectrogram L2 Loss : 4.320, Commit Loss : 0.104, s/b : 0.250
Steps : 3145, Gen Loss Total : 1029.932, Amplitude Loss : 1.783, Instantaneous Phase Loss : 1.568, Group Delay Loss : 0.491, Phase Time Difference Loss : 0.731, STFT Consistency Loss : 0.001, Real Part Loss : 0.147, Imaginary Part Loss : 0.132, Mel Spectrogram Loss : 1.388, Mel Spectrogram L2 Loss : 3.629, Commit Loss : 0.104, s/b : 0.211
Steps : 3150, Gen Loss Total : 1029.786, Amplitude Loss : 1.870, Instantaneous Phase Loss : 1.569, Group Delay Loss : 0.493, Phase Time Difference Loss : 0.731, STFT Consistency Loss : 0.002, Real Part Loss : 0.143, Imaginary Part Loss : 0.127, Mel Spectrogram Loss : 1.329, Mel Spectrogram L2 Loss : 3.510, Commit Loss : 0.091, s/b : 0.205
Steps : 3155, Gen Loss Total : 1079.771, Amplitude Loss : 1.781, Instantaneous Phase Loss : 1.572, Group Delay Loss : 0.489, Phase Time Difference Loss : 0.727, STFT Consistency Loss : 0.001, Real Part Loss : 0.149, Imaginary Part Loss : 0.136, Mel Spectrogram Loss : 1.446, Mel Spectrogram L2 Loss : 3.827, Commit Loss : 0.104, s/b : 0.222
Steps : 3160, Gen Loss Total : 1071.370, Amplitude Loss : 1.869, Instantaneous Phase Loss : 1.567, Group Delay Loss : 0.489, Phase Time Difference Loss : 0.727, STFT Consistency Loss : 0.001, Real Part Loss : 0.147, Imaginary Part Loss : 0.135, Mel Spectrogram Loss : 1.453, Mel Spectrogram L2 Loss : 3.947, Commit Loss : 0.092, s/b : 0.260
Steps : 3165, Gen Loss Total : 1210.742, Amplitude Loss : 2.212, Instantaneous Phase Loss : 1.574, Group Delay Loss : 0.489, Phase Time Difference Loss : 0.729, STFT Consistency Loss : 0.000, Real Part Loss : 0.161, Imaginary Part Loss : 0.148, Mel Spectrogram Loss : 1.633, Mel Spectrogram L2 Loss : 5.067, Commit Loss : 0.096, s/b : 0.241
Steps : 3170, Gen Loss Total : 1168.495, Amplitude Loss : 2.323, Instantaneous Phase Loss : 1.570, Group Delay Loss : 0.489, Phase Time Difference Loss : 0.728, STFT Consistency Loss : 0.001, Real Part Loss : 0.147, Imaginary Part Loss : 0.136, Mel Spectrogram Loss : 1.602, Mel Spectrogram L2 Loss : 4.962, Commit Loss : 0.099, s/b : 0.188
Steps : 3175, Gen Loss Total : 1001.586, Amplitude Loss : 1.910, Instantaneous Phase Loss : 1.572, Group Delay Loss : 0.489, Phase Time Difference Loss : 0.729, STFT Consistency Loss : 0.001, Real Part Loss : 0.125, Imaginary Part Loss : 0.117, Mel Spectrogram Loss : 1.446, Mel Spectrogram L2 Loss : 3.914, Commit Loss : 0.093, s/b : 0.224
Steps : 3180, Gen Loss Total : 948.472, Amplitude Loss : 2.296, Instantaneous Phase Loss : 1.572, Group Delay Loss : 0.484, Phase Time Difference Loss : 0.722, STFT Consistency Loss : 0.001, Real Part Loss : 0.087, Imaginary Part Loss : 0.083, Mel Spectrogram Loss : 1.611, Mel Spectrogram L2 Loss : 4.708, Commit Loss : 0.097, s/b : 0.238
Steps : 3185, Gen Loss Total : 1477.074, Amplitude Loss : 2.668, Instantaneous Phase Loss : 1.572, Group Delay Loss : 0.496, Phase Time Difference Loss : 0.736, STFT Consistency Loss : 0.001, Real Part Loss : 0.228, Imaginary Part Loss : 0.208, Mel Spectrogram Loss : 1.779, Mel Spectrogram L2 Loss : 5.889, Commit Loss : 0.091, s/b : 0.217
Steps : 3190, Gen Loss Total : 1313.284, Amplitude Loss : 2.659, Instantaneous Phase Loss : 1.572, Group Delay Loss : 0.488, Phase Time Difference Loss : 0.727, STFT Consistency Loss : 0.001, Real Part Loss : 0.164, Imaginary Part Loss : 0.156, Mel Spectrogram Loss : 1.771, Mel Spectrogram L2 Loss : 5.751, Commit Loss : 0.098, s/b : 0.224
Steps : 3195, Gen Loss Total : 1098.957, Amplitude Loss : 2.019, Instantaneous Phase Loss : 1.567, Group Delay Loss : 0.488, Phase Time Difference Loss : 0.727, STFT Consistency Loss : 0.001, Real Part Loss : 0.138, Imaginary Part Loss : 0.125, Mel Spectrogram Loss : 1.480, Mel Spectrogram L2 Loss : 4.198, Commit Loss : 0.087, s/b : 0.225
Steps : 3200, Gen Loss Total : 1107.897, Amplitude Loss : 1.804, Instantaneous Phase Loss : 1.571, Group Delay Loss : 0.487, Phase Time Difference Loss : 0.725, STFT Consistency Loss : 0.000, Real Part Loss : 0.129, Imaginary Part Loss : 0.117, Mel Spectrogram Loss : 1.424, Mel Spectrogram L2 Loss : 3.953, Commit Loss : 0.088, s/b : 0.222
Steps : 3205, Gen Loss Total : 1253.869, Amplitude Loss : 2.233, Instantaneous Phase Loss : 1.571, Group Delay Loss : 0.489, Phase Time Difference Loss : 0.729, STFT Consistency Loss : 0.000, Real Part Loss : 0.143, Imaginary Part Loss : 0.125, Mel Spectrogram Loss : 1.603, Mel Spectrogram L2 Loss : 4.788, Commit Loss : 0.085, s/b : 0.229
Steps : 3210, Gen Loss Total : 1117.020, Amplitude Loss : 1.452, Instantaneous Phase Loss : 1.568, Group Delay Loss : 0.488, Phase Time Difference Loss : 0.727, STFT Consistency Loss : 0.001, Real Part Loss : 0.140, Imaginary Part Loss : 0.124, Mel Spectrogram Loss : 1.243, Mel Spectrogram L2 Loss : 2.972, Commit Loss : 0.090, s/b : 0.229
Steps : 3215, Gen Loss Total : 975.219, Amplitude Loss : 2.443, Instantaneous Phase Loss : 1.569, Group Delay Loss : 0.487, Phase Time Difference Loss : 0.729, STFT Consistency Loss : 0.004, Real Part Loss : 0.109, Imaginary Part Loss : 0.105, Mel Spectrogram Loss : 1.632, Mel Spectrogram L2 Loss : 4.976, Commit Loss : 0.095, s/b : 0.216
Steps : 3220, Gen Loss Total : 1148.195, Amplitude Loss : 2.775, Instantaneous Phase Loss : 1.571, Group Delay Loss : 0.490, Phase Time Difference Loss : 0.730, STFT Consistency Loss : 0.002, Real Part Loss : 0.129, Imaginary Part Loss : 0.122, Mel Spectrogram Loss : 1.812, Mel Spectrogram L2 Loss : 5.900, Commit Loss : 0.098, s/b : 0.225
Steps : 3225, Gen Loss Total : 1236.286, Amplitude Loss : 1.947, Instantaneous Phase Loss : 1.571, Group Delay Loss : 0.494, Phase Time Difference Loss : 0.734, STFT Consistency Loss : 0.001, Real Part Loss : 0.157, Imaginary Part Loss : 0.148, Mel Spectrogram Loss : 1.534, Mel Spectrogram L2 Loss : 4.373, Commit Loss : 0.086, s/b : 0.222
Steps : 3230, Gen Loss Total : 1163.359, Amplitude Loss : 1.747, Instantaneous Phase Loss : 1.574, Group Delay Loss : 0.492, Phase Time Difference Loss : 0.732, STFT Consistency Loss : 0.001, Real Part Loss : 0.160, Imaginary Part Loss : 0.149, Mel Spectrogram Loss : 1.336, Mel Spectrogram L2 Loss : 3.465, Commit Loss : 0.077, s/b : 0.250
Steps : 3235, Gen Loss Total : 1086.767, Amplitude Loss : 2.623, Instantaneous Phase Loss : 1.569, Group Delay Loss : 0.488, Phase Time Difference Loss : 0.727, STFT Consistency Loss : 0.002, Real Part Loss : 0.101, Imaginary Part Loss : 0.094, Mel Spectrogram Loss : 1.675, Mel Spectrogram L2 Loss : 5.410, Commit Loss : 0.100, s/b : 0.192
Steps : 3240, Gen Loss Total : 1315.299, Amplitude Loss : 2.935, Instantaneous Phase Loss : 1.567, Group Delay Loss : 0.491, Phase Time Difference Loss : 0.728, STFT Consistency Loss : 0.001, Real Part Loss : 0.147, Imaginary Part Loss : 0.138, Mel Spectrogram Loss : 1.957, Mel Spectrogram L2 Loss : 6.678, Commit Loss : 0.100, s/b : 0.273
Steps : 3245, Gen Loss Total : 1126.687, Amplitude Loss : 1.928, Instantaneous Phase Loss : 1.568, Group Delay Loss : 0.488, Phase Time Difference Loss : 0.723, STFT Consistency Loss : 0.001, Real Part Loss : 0.138, Imaginary Part Loss : 0.129, Mel Spectrogram Loss : 1.559, Mel Spectrogram L2 Loss : 4.333, Commit Loss : 0.083, s/b : 0.116
Time taken for epoch 26 is 28 sec

Epoch: 27
Steps : 3250, Gen Loss Total : 1079.852, Amplitude Loss : 2.376, Instantaneous Phase Loss : 1.570, Group Delay Loss : 0.484, Phase Time Difference Loss : 0.723, STFT Consistency Loss : 0.002, Real Part Loss : 0.108, Imaginary Part Loss : 0.104, Mel Spectrogram Loss : 1.646, Mel Spectrogram L2 Loss : 5.109, Commit Loss : 0.095, s/b : 0.367
Steps : 3255, Gen Loss Total : 982.720, Amplitude Loss : 1.959, Instantaneous Phase Loss : 1.569, Group Delay Loss : 0.492, Phase Time Difference Loss : 0.730, STFT Consistency Loss : 0.001, Real Part Loss : 0.119, Imaginary Part Loss : 0.113, Mel Spectrogram Loss : 1.385, Mel Spectrogram L2 Loss : 3.708, Commit Loss : 0.087, s/b : 0.224
Steps : 3260, Gen Loss Total : 1139.912, Amplitude Loss : 2.613, Instantaneous Phase Loss : 1.575, Group Delay Loss : 0.492, Phase Time Difference Loss : 0.732, STFT Consistency Loss : 0.001, Real Part Loss : 0.120, Imaginary Part Loss : 0.115, Mel Spectrogram Loss : 1.674, Mel Spectrogram L2 Loss : 5.219, Commit Loss : 0.085, s/b : 0.231
Steps : 3265, Gen Loss Total : 1171.618, Amplitude Loss : 2.185, Instantaneous Phase Loss : 1.571, Group Delay Loss : 0.491, Phase Time Difference Loss : 0.729, STFT Consistency Loss : 0.001, Real Part Loss : 0.133, Imaginary Part Loss : 0.121, Mel Spectrogram Loss : 1.564, Mel Spectrogram L2 Loss : 4.592, Commit Loss : 0.083, s/b : 0.230
Steps : 3270, Gen Loss Total : 1041.960, Amplitude Loss : 2.146, Instantaneous Phase Loss : 1.569, Group Delay Loss : 0.488, Phase Time Difference Loss : 0.726, STFT Consistency Loss : 0.001, Real Part Loss : 0.096, Imaginary Part Loss : 0.089, Mel Spectrogram Loss : 1.531, Mel Spectrogram L2 Loss : 4.231, Commit Loss : 0.080, s/b : 0.217
Steps : 3275, Gen Loss Total : 1372.278, Amplitude Loss : 1.956, Instantaneous Phase Loss : 1.569, Group Delay Loss : 0.489, Phase Time Difference Loss : 0.725, STFT Consistency Loss : 0.001, Real Part Loss : 0.174, Imaginary Part Loss : 0.157, Mel Spectrogram Loss : 1.562, Mel Spectrogram L2 Loss : 4.674, Commit Loss : 0.087, s/b : 0.220
Steps : 3280, Gen Loss Total : 1063.471, Amplitude Loss : 1.817, Instantaneous Phase Loss : 1.569, Group Delay Loss : 0.493, Phase Time Difference Loss : 0.733, STFT Consistency Loss : 0.001, Real Part Loss : 0.143, Imaginary Part Loss : 0.132, Mel Spectrogram Loss : 1.357, Mel Spectrogram L2 Loss : 3.676, Commit Loss : 0.079, s/b : 0.222
Steps : 3285, Gen Loss Total : 1028.977, Amplitude Loss : 1.492, Instantaneous Phase Loss : 1.569, Group Delay Loss : 0.488, Phase Time Difference Loss : 0.724, STFT Consistency Loss : 0.002, Real Part Loss : 0.151, Imaginary Part Loss : 0.142, Mel Spectrogram Loss : 1.235, Mel Spectrogram L2 Loss : 3.000, Commit Loss : 0.073, s/b : 0.209
Steps : 3290, Gen Loss Total : 1049.840, Amplitude Loss : 2.071, Instantaneous Phase Loss : 1.572, Group Delay Loss : 0.491, Phase Time Difference Loss : 0.729, STFT Consistency Loss : 0.002, Real Part Loss : 0.145, Imaginary Part Loss : 0.135, Mel Spectrogram Loss : 1.493, Mel Spectrogram L2 Loss : 4.041, Commit Loss : 0.080, s/b : 0.216
Steps : 3295, Gen Loss Total : 1224.773, Amplitude Loss : 2.018, Instantaneous Phase Loss : 1.567, Group Delay Loss : 0.486, Phase Time Difference Loss : 0.719, STFT Consistency Loss : 0.001, Real Part Loss : 0.150, Imaginary Part Loss : 0.136, Mel Spectrogram Loss : 1.542, Mel Spectrogram L2 Loss : 4.592, Commit Loss : 0.078, s/b : 0.215
Steps : 3300, Gen Loss Total : 1110.865, Amplitude Loss : 1.857, Instantaneous Phase Loss : 1.568, Group Delay Loss : 0.490, Phase Time Difference Loss : 0.730, STFT Consistency Loss : 0.001, Real Part Loss : 0.138, Imaginary Part Loss : 0.130, Mel Spectrogram Loss : 1.428, Mel Spectrogram L2 Loss : 3.842, Commit Loss : 0.083, s/b : 0.215
Steps : 3305, Gen Loss Total : 906.530, Amplitude Loss : 2.154, Instantaneous Phase Loss : 1.573, Group Delay Loss : 0.488, Phase Time Difference Loss : 0.729, STFT Consistency Loss : 0.001, Real Part Loss : 0.104, Imaginary Part Loss : 0.098, Mel Spectrogram Loss : 1.507, Mel Spectrogram L2 Loss : 4.130, Commit Loss : 0.083, s/b : 0.267
Steps : 3310, Gen Loss Total : 1218.619, Amplitude Loss : 2.617, Instantaneous Phase Loss : 1.569, Group Delay Loss : 0.493, Phase Time Difference Loss : 0.735, STFT Consistency Loss : 0.000, Real Part Loss : 0.164, Imaginary Part Loss : 0.151, Mel Spectrogram Loss : 1.708, Mel Spectrogram L2 Loss : 5.628, Commit Loss : 0.074, s/b : 0.290
Steps : 3315, Gen Loss Total : 1168.698, Amplitude Loss : 3.287, Instantaneous Phase Loss : 1.571, Group Delay Loss : 0.497, Phase Time Difference Loss : 0.728, STFT Consistency Loss : 0.001, Real Part Loss : 0.108, Imaginary Part Loss : 0.103, Mel Spectrogram Loss : 1.824, Mel Spectrogram L2 Loss : 6.118, Commit Loss : 0.083, s/b : 0.226
Steps : 3320, Gen Loss Total : 1279.742, Amplitude Loss : 2.413, Instantaneous Phase Loss : 1.570, Group Delay Loss : 0.486, Phase Time Difference Loss : 0.724, STFT Consistency Loss : 0.002, Real Part Loss : 0.158, Imaginary Part Loss : 0.145, Mel Spectrogram Loss : 1.631, Mel Spectrogram L2 Loss : 5.159, Commit Loss : 0.079, s/b : 0.242
Steps : 3325, Gen Loss Total : 1031.707, Amplitude Loss : 1.911, Instantaneous Phase Loss : 1.570, Group Delay Loss : 0.485, Phase Time Difference Loss : 0.720, STFT Consistency Loss : 0.001, Real Part Loss : 0.139, Imaginary Part Loss : 0.129, Mel Spectrogram Loss : 1.559, Mel Spectrogram L2 Loss : 4.466, Commit Loss : 0.080, s/b : 0.240
Steps : 3330, Gen Loss Total : 1160.241, Amplitude Loss : 2.692, Instantaneous Phase Loss : 1.572, Group Delay Loss : 0.484, Phase Time Difference Loss : 0.723, STFT Consistency Loss : 0.001, Real Part Loss : 0.117, Imaginary Part Loss : 0.102, Mel Spectrogram Loss : 1.744, Mel Spectrogram L2 Loss : 5.550, Commit Loss : 0.080, s/b : 0.254
Steps : 3335, Gen Loss Total : 1093.418, Amplitude Loss : 1.755, Instantaneous Phase Loss : 1.571, Group Delay Loss : 0.487, Phase Time Difference Loss : 0.725, STFT Consistency Loss : 0.001, Real Part Loss : 0.138, Imaginary Part Loss : 0.123, Mel Spectrogram Loss : 1.410, Mel Spectrogram L2 Loss : 3.940, Commit Loss : 0.076, s/b : 0.248
Steps : 3340, Gen Loss Total : 1006.734, Amplitude Loss : 2.255, Instantaneous Phase Loss : 1.571, Group Delay Loss : 0.485, Phase Time Difference Loss : 0.723, STFT Consistency Loss : 0.002, Real Part Loss : 0.101, Imaginary Part Loss : 0.093, Mel Spectrogram Loss : 1.549, Mel Spectrogram L2 Loss : 4.879, Commit Loss : 0.080, s/b : 0.231
Steps : 3345, Gen Loss Total : 1249.805, Amplitude Loss : 1.892, Instantaneous Phase Loss : 1.569, Group Delay Loss : 0.486, Phase Time Difference Loss : 0.721, STFT Consistency Loss : 0.001, Real Part Loss : 0.162, Imaginary Part Loss : 0.148, Mel Spectrogram Loss : 1.479, Mel Spectrogram L2 Loss : 4.169, Commit Loss : 0.071, s/b : 0.220
Steps : 3350, Gen Loss Total : 1186.499, Amplitude Loss : 2.214, Instantaneous Phase Loss : 1.569, Group Delay Loss : 0.486, Phase Time Difference Loss : 0.726, STFT Consistency Loss : 0.002, Real Part Loss : 0.126, Imaginary Part Loss : 0.120, Mel Spectrogram Loss : 1.593, Mel Spectrogram L2 Loss : 4.783, Commit Loss : 0.073, s/b : 0.223
Steps : 3355, Gen Loss Total : 1038.469, Amplitude Loss : 2.356, Instantaneous Phase Loss : 1.567, Group Delay Loss : 0.482, Phase Time Difference Loss : 0.720, STFT Consistency Loss : 0.001, Real Part Loss : 0.103, Imaginary Part Loss : 0.100, Mel Spectrogram Loss : 1.739, Mel Spectrogram L2 Loss : 5.073, Commit Loss : 0.092, s/b : 0.221
Steps : 3360, Gen Loss Total : 875.253, Amplitude Loss : 2.143, Instantaneous Phase Loss : 1.570, Group Delay Loss : 0.484, Phase Time Difference Loss : 0.720, STFT Consistency Loss : 0.000, Real Part Loss : 0.066, Imaginary Part Loss : 0.060, Mel Spectrogram Loss : 1.483, Mel Spectrogram L2 Loss : 4.239, Commit Loss : 0.081, s/b : 0.237
Steps : 3365, Gen Loss Total : 1113.585, Amplitude Loss : 2.515, Instantaneous Phase Loss : 1.575, Group Delay Loss : 0.490, Phase Time Difference Loss : 0.730, STFT Consistency Loss : 0.001, Real Part Loss : 0.122, Imaginary Part Loss : 0.110, Mel Spectrogram Loss : 1.632, Mel Spectrogram L2 Loss : 5.056, Commit Loss : 0.087, s/b : 0.217
Steps : 3370, Gen Loss Total : 1105.725, Amplitude Loss : 2.178, Instantaneous Phase Loss : 1.570, Group Delay Loss : 0.484, Phase Time Difference Loss : 0.721, STFT Consistency Loss : 0.001, Real Part Loss : 0.124, Imaginary Part Loss : 0.115, Mel Spectrogram Loss : 1.591, Mel Spectrogram L2 Loss : 4.956, Commit Loss : 0.084, s/b : 0.112
Time taken for epoch 27 is 28 sec

Epoch: 28
Steps : 3375, Gen Loss Total : 1086.801, Amplitude Loss : 1.972, Instantaneous Phase Loss : 1.570, Group Delay Loss : 0.489, Phase Time Difference Loss : 0.729, STFT Consistency Loss : 0.002, Real Part Loss : 0.158, Imaginary Part Loss : 0.152, Mel Spectrogram Loss : 1.484, Mel Spectrogram L2 Loss : 4.203, Commit Loss : 0.081, s/b : 0.362
Steps : 3380, Gen Loss Total : 1007.027, Amplitude Loss : 1.848, Instantaneous Phase Loss : 1.574, Group Delay Loss : 0.487, Phase Time Difference Loss : 0.727, STFT Consistency Loss : 0.001, Real Part Loss : 0.120, Imaginary Part Loss : 0.111, Mel Spectrogram Loss : 1.396, Mel Spectrogram L2 Loss : 3.634, Commit Loss : 0.079, s/b : 0.226
Steps : 3385, Gen Loss Total : 1331.920, Amplitude Loss : 2.011, Instantaneous Phase Loss : 1.566, Group Delay Loss : 0.491, Phase Time Difference Loss : 0.729, STFT Consistency Loss : 0.001, Real Part Loss : 0.183, Imaginary Part Loss : 0.171, Mel Spectrogram Loss : 1.560, Mel Spectrogram L2 Loss : 4.504, Commit Loss : 0.079, s/b : 0.232
Steps : 3390, Gen Loss Total : 1148.693, Amplitude Loss : 1.857, Instantaneous Phase Loss : 1.564, Group Delay Loss : 0.488, Phase Time Difference Loss : 0.726, STFT Consistency Loss : 0.001, Real Part Loss : 0.157, Imaginary Part Loss : 0.147, Mel Spectrogram Loss : 1.462, Mel Spectrogram L2 Loss : 4.070, Commit Loss : 0.079, s/b : 0.235
Steps : 3395, Gen Loss Total : 858.332, Amplitude Loss : 2.109, Instantaneous Phase Loss : 1.567, Group Delay Loss : 0.486, Phase Time Difference Loss : 0.725, STFT Consistency Loss : 0.002, Real Part Loss : 0.093, Imaginary Part Loss : 0.083, Mel Spectrogram Loss : 1.440, Mel Spectrogram L2 Loss : 3.964, Commit Loss : 0.077, s/b : 0.222
Steps : 3400, Gen Loss Total : 1019.615, Amplitude Loss : 2.495, Instantaneous Phase Loss : 1.570, Group Delay Loss : 0.482, Phase Time Difference Loss : 0.722, STFT Consistency Loss : 0.001, Real Part Loss : 0.099, Imaginary Part Loss : 0.091, Mel Spectrogram Loss : 1.640, Mel Spectrogram L2 Loss : 5.256, Commit Loss : 0.084, s/b : 0.209
Steps : 3405, Gen Loss Total : 1066.108, Amplitude Loss : 1.726, Instantaneous Phase Loss : 1.573, Group Delay Loss : 0.485, Phase Time Difference Loss : 0.725, STFT Consistency Loss : 0.002, Real Part Loss : 0.131, Imaginary Part Loss : 0.120, Mel Spectrogram Loss : 1.378, Mel Spectrogram L2 Loss : 3.538, Commit Loss : 0.085, s/b : 0.193
Steps : 3410, Gen Loss Total : 1229.333, Amplitude Loss : 2.061, Instantaneous Phase Loss : 1.574, Group Delay Loss : 0.488, Phase Time Difference Loss : 0.729, STFT Consistency Loss : 0.004, Real Part Loss : 0.155, Imaginary Part Loss : 0.142, Mel Spectrogram Loss : 1.573, Mel Spectrogram L2 Loss : 4.561, Commit Loss : 0.094, s/b : 0.223
Steps : 3415, Gen Loss Total : 1208.114, Amplitude Loss : 2.059, Instantaneous Phase Loss : 1.568, Group Delay Loss : 0.496, Phase Time Difference Loss : 0.732, STFT Consistency Loss : 0.002, Real Part Loss : 0.162, Imaginary Part Loss : 0.149, Mel Spectrogram Loss : 1.610, Mel Spectrogram L2 Loss : 4.723, Commit Loss : 0.108, s/b : 0.216
Steps : 3420, Gen Loss Total : 1095.917, Amplitude Loss : 2.136, Instantaneous Phase Loss : 1.572, Group Delay Loss : 0.488, Phase Time Difference Loss : 0.727, STFT Consistency Loss : 0.002, Real Part Loss : 0.116, Imaginary Part Loss : 0.103, Mel Spectrogram Loss : 1.578, Mel Spectrogram L2 Loss : 4.479, Commit Loss : 0.200, s/b : 0.204
Steps : 3425, Gen Loss Total : 1323.485, Amplitude Loss : 1.808, Instantaneous Phase Loss : 1.566, Group Delay Loss : 0.489, Phase Time Difference Loss : 0.730, STFT Consistency Loss : 0.003, Real Part Loss : 0.169, Imaginary Part Loss : 0.161, Mel Spectrogram Loss : 1.498, Mel Spectrogram L2 Loss : 4.191, Commit Loss : 0.157, s/b : 0.215
Steps : 3430, Gen Loss Total : 983.105, Amplitude Loss : 2.735, Instantaneous Phase Loss : 1.571, Group Delay Loss : 0.480, Phase Time Difference Loss : 0.719, STFT Consistency Loss : 0.002, Real Part Loss : 0.061, Imaginary Part Loss : 0.058, Mel Spectrogram Loss : 1.755, Mel Spectrogram L2 Loss : 5.793, Commit Loss : 0.177, s/b : 0.228
Steps : 3435, Gen Loss Total : 1618.887, Amplitude Loss : 2.127, Instantaneous Phase Loss : 1.570, Group Delay Loss : 0.490, Phase Time Difference Loss : 0.732, STFT Consistency Loss : 0.002, Real Part Loss : 0.210, Imaginary Part Loss : 0.188, Mel Spectrogram Loss : 1.677, Mel Spectrogram L2 Loss : 5.325, Commit Loss : 0.293, s/b : 0.218
Steps : 3440, Gen Loss Total : 955.331, Amplitude Loss : 1.658, Instantaneous Phase Loss : 1.570, Group Delay Loss : 0.488, Phase Time Difference Loss : 0.725, STFT Consistency Loss : 0.004, Real Part Loss : 0.117, Imaginary Part Loss : 0.106, Mel Spectrogram Loss : 1.339, Mel Spectrogram L2 Loss : 3.406, Commit Loss : 0.190, s/b : 0.223
Steps : 3445, Gen Loss Total : 1305.403, Amplitude Loss : 2.213, Instantaneous Phase Loss : 1.574, Group Delay Loss : 0.489, Phase Time Difference Loss : 0.731, STFT Consistency Loss : 0.002, Real Part Loss : 0.147, Imaginary Part Loss : 0.128, Mel Spectrogram Loss : 1.595, Mel Spectrogram L2 Loss : 4.632, Commit Loss : 0.231, s/b : 0.241
Steps : 3450, Gen Loss Total : 1252.892, Amplitude Loss : 2.305, Instantaneous Phase Loss : 1.571, Group Delay Loss : 0.492, Phase Time Difference Loss : 0.732, STFT Consistency Loss : 0.001, Real Part Loss : 0.165, Imaginary Part Loss : 0.153, Mel Spectrogram Loss : 1.629, Mel Spectrogram L2 Loss : 4.959, Commit Loss : 0.344, s/b : 0.219
Steps : 3455, Gen Loss Total : 1282.411, Amplitude Loss : 2.261, Instantaneous Phase Loss : 1.572, Group Delay Loss : 0.488, Phase Time Difference Loss : 0.728, STFT Consistency Loss : 0.001, Real Part Loss : 0.140, Imaginary Part Loss : 0.118, Mel Spectrogram Loss : 1.593, Mel Spectrogram L2 Loss : 4.696, Commit Loss : 0.281, s/b : 0.231
Steps : 3460, Gen Loss Total : 1268.982, Amplitude Loss : 1.865, Instantaneous Phase Loss : 1.572, Group Delay Loss : 0.490, Phase Time Difference Loss : 0.730, STFT Consistency Loss : 0.001, Real Part Loss : 0.137, Imaginary Part Loss : 0.128, Mel Spectrogram Loss : 1.385, Mel Spectrogram L2 Loss : 3.752, Commit Loss : 0.234, s/b : 0.213
Steps : 3465, Gen Loss Total : 1328.232, Amplitude Loss : 2.124, Instantaneous Phase Loss : 1.571, Group Delay Loss : 0.486, Phase Time Difference Loss : 0.726, STFT Consistency Loss : 0.001, Real Part Loss : 0.145, Imaginary Part Loss : 0.135, Mel Spectrogram Loss : 1.572, Mel Spectrogram L2 Loss : 4.852, Commit Loss : 0.269, s/b : 0.210
Steps : 3470, Gen Loss Total : 1367.547, Amplitude Loss : 2.478, Instantaneous Phase Loss : 1.569, Group Delay Loss : 0.485, Phase Time Difference Loss : 0.724, STFT Consistency Loss : 0.000, Real Part Loss : 0.142, Imaginary Part Loss : 0.128, Mel Spectrogram Loss : 1.764, Mel Spectrogram L2 Loss : 5.778, Commit Loss : 0.325, s/b : 0.241
Steps : 3475, Gen Loss Total : 1425.004, Amplitude Loss : 1.783, Instantaneous Phase Loss : 1.573, Group Delay Loss : 0.489, Phase Time Difference Loss : 0.731, STFT Consistency Loss : 0.001, Real Part Loss : 0.169, Imaginary Part Loss : 0.157, Mel Spectrogram Loss : 1.445, Mel Spectrogram L2 Loss : 3.969, Commit Loss : 0.252, s/b : 0.216
Steps : 3480, Gen Loss Total : 1365.129, Amplitude Loss : 2.119, Instantaneous Phase Loss : 1.568, Group Delay Loss : 0.487, Phase Time Difference Loss : 0.727, STFT Consistency Loss : 0.002, Real Part Loss : 0.155, Imaginary Part Loss : 0.145, Mel Spectrogram Loss : 1.568, Mel Spectrogram L2 Loss : 4.541, Commit Loss : 0.256, s/b : 0.263
Steps : 3485, Gen Loss Total : 1012.772, Amplitude Loss : 2.031, Instantaneous Phase Loss : 1.571, Group Delay Loss : 0.485, Phase Time Difference Loss : 0.721, STFT Consistency Loss : 0.001, Real Part Loss : 0.082, Imaginary Part Loss : 0.075, Mel Spectrogram Loss : 1.531, Mel Spectrogram L2 Loss : 4.351, Commit Loss : 0.210, s/b : 0.226
Steps : 3490, Gen Loss Total : 1518.996, Amplitude Loss : 2.249, Instantaneous Phase Loss : 1.576, Group Delay Loss : 0.487, Phase Time Difference Loss : 0.727, STFT Consistency Loss : 0.001, Real Part Loss : 0.158, Imaginary Part Loss : 0.140, Mel Spectrogram Loss : 1.649, Mel Spectrogram L2 Loss : 4.958, Commit Loss : 0.224, s/b : 0.212
Steps : 3495, Gen Loss Total : 1446.019, Amplitude Loss : 1.741, Instantaneous Phase Loss : 1.568, Group Delay Loss : 0.488, Phase Time Difference Loss : 0.727, STFT Consistency Loss : 0.001, Real Part Loss : 0.167, Imaginary Part Loss : 0.155, Mel Spectrogram Loss : 1.414, Mel Spectrogram L2 Loss : 3.821, Commit Loss : 0.205, s/b : 0.112
Time taken for epoch 28 is 28 sec

Epoch: 29
Steps : 3500, Gen Loss Total : 1209.695, Amplitude Loss : 2.655, Instantaneous Phase Loss : 1.571, Group Delay Loss : 0.493, Phase Time Difference Loss : 0.739, STFT Consistency Loss : 0.001, Real Part Loss : 0.122, Imaginary Part Loss : 0.110, Mel Spectrogram Loss : 1.586, Mel Spectrogram L2 Loss : 4.938, Commit Loss : 0.235, s/b : 0.430
Steps : 3505, Gen Loss Total : 1303.434, Amplitude Loss : 1.650, Instantaneous Phase Loss : 1.565, Group Delay Loss : 0.484, Phase Time Difference Loss : 0.721, STFT Consistency Loss : 0.001, Real Part Loss : 0.132, Imaginary Part Loss : 0.119, Mel Spectrogram Loss : 1.366, Mel Spectrogram L2 Loss : 3.517, Commit Loss : 0.264, s/b : 0.224
Steps : 3510, Gen Loss Total : 1505.531, Amplitude Loss : 2.138, Instantaneous Phase Loss : 1.570, Group Delay Loss : 0.494, Phase Time Difference Loss : 0.734, STFT Consistency Loss : 0.002, Real Part Loss : 0.184, Imaginary Part Loss : 0.170, Mel Spectrogram Loss : 1.548, Mel Spectrogram L2 Loss : 4.625, Commit Loss : 0.396, s/b : 0.209
Steps : 3515, Gen Loss Total : 1245.164, Amplitude Loss : 2.321, Instantaneous Phase Loss : 1.566, Group Delay Loss : 0.486, Phase Time Difference Loss : 0.726, STFT Consistency Loss : 0.003, Real Part Loss : 0.127, Imaginary Part Loss : 0.115, Mel Spectrogram Loss : 1.602, Mel Spectrogram L2 Loss : 4.834, Commit Loss : 0.562, s/b : 0.231
Steps : 3520, Gen Loss Total : 1038.756, Amplitude Loss : 1.972, Instantaneous Phase Loss : 1.570, Group Delay Loss : 0.491, Phase Time Difference Loss : 0.731, STFT Consistency Loss : 0.003, Real Part Loss : 0.123, Imaginary Part Loss : 0.112, Mel Spectrogram Loss : 1.395, Mel Spectrogram L2 Loss : 3.703, Commit Loss : 0.539, s/b : 0.233
Steps : 3525, Gen Loss Total : 956.883, Amplitude Loss : 1.838, Instantaneous Phase Loss : 1.576, Group Delay Loss : 0.486, Phase Time Difference Loss : 0.724, STFT Consistency Loss : 0.002, Real Part Loss : 0.106, Imaginary Part Loss : 0.095, Mel Spectrogram Loss : 1.321, Mel Spectrogram L2 Loss : 3.555, Commit Loss : 0.827, s/b : 0.224
Steps : 3530, Gen Loss Total : 1293.511, Amplitude Loss : 1.737, Instantaneous Phase Loss : 1.565, Group Delay Loss : 0.491, Phase Time Difference Loss : 0.729, STFT Consistency Loss : 0.001, Real Part Loss : 0.167, Imaginary Part Loss : 0.148, Mel Spectrogram Loss : 1.447, Mel Spectrogram L2 Loss : 3.941, Commit Loss : 1.406, s/b : 0.230
Steps : 3535, Gen Loss Total : 1138.659, Amplitude Loss : 2.040, Instantaneous Phase Loss : 1.570, Group Delay Loss : 0.492, Phase Time Difference Loss : 0.725, STFT Consistency Loss : 0.001, Real Part Loss : 0.108, Imaginary Part Loss : 0.098, Mel Spectrogram Loss : 1.460, Mel Spectrogram L2 Loss : 4.125, Commit Loss : 1.800, s/b : 0.222
Steps : 3540, Gen Loss Total : 891.926, Amplitude Loss : 1.870, Instantaneous Phase Loss : 1.571, Group Delay Loss : 0.547, Phase Time Difference Loss : 0.816, STFT Consistency Loss : 0.002, Real Part Loss : 0.094, Imaginary Part Loss : 0.086, Mel Spectrogram Loss : 1.251, Mel Spectrogram L2 Loss : 3.239, Commit Loss : 3.291, s/b : 0.224
Steps : 3545, Gen Loss Total : 1332.001, Amplitude Loss : 1.875, Instantaneous Phase Loss : 1.572, Group Delay Loss : 0.506, Phase Time Difference Loss : 0.751, STFT Consistency Loss : 0.006, Real Part Loss : 0.184, Imaginary Part Loss : 0.168, Mel Spectrogram Loss : 1.334, Mel Spectrogram L2 Loss : 3.324, Commit Loss : 4.445, s/b : 0.215
Steps : 3550, Gen Loss Total : 1243.456, Amplitude Loss : 2.238, Instantaneous Phase Loss : 1.568, Group Delay Loss : 0.534, Phase Time Difference Loss : 0.805, STFT Consistency Loss : 0.083, Real Part Loss : 0.169, Imaginary Part Loss : 0.157, Mel Spectrogram Loss : 1.180, Mel Spectrogram L2 Loss : 2.697, Commit Loss : 3.202, s/b : 0.229
Steps : 3555, Gen Loss Total : 956.967, Amplitude Loss : 2.253, Instantaneous Phase Loss : 1.572, Group Delay Loss : 0.549, Phase Time Difference Loss : 0.833, STFT Consistency Loss : 0.182, Real Part Loss : 0.136, Imaginary Part Loss : 0.123, Mel Spectrogram Loss : 0.975, Mel Spectrogram L2 Loss : 1.976, Commit Loss : 2.609, s/b : 0.219
Steps : 3560, Gen Loss Total : 843.760, Amplitude Loss : 1.759, Instantaneous Phase Loss : 1.576, Group Delay Loss : 0.545, Phase Time Difference Loss : 0.841, STFT Consistency Loss : 0.022, Real Part Loss : 0.118, Imaginary Part Loss : 0.107, Mel Spectrogram Loss : 1.077, Mel Spectrogram L2 Loss : 2.514, Commit Loss : 2.508, s/b : 0.223
Steps : 3565, Gen Loss Total : 836.533, Amplitude Loss : 1.621, Instantaneous Phase Loss : 1.572, Group Delay Loss : 0.506, Phase Time Difference Loss : 0.765, STFT Consistency Loss : 0.007, Real Part Loss : 0.151, Imaginary Part Loss : 0.137, Mel Spectrogram Loss : 1.005, Mel Spectrogram L2 Loss : 2.092, Commit Loss : 2.297, s/b : 0.233
Steps : 3570, Gen Loss Total : 891.492, Amplitude Loss : 1.664, Instantaneous Phase Loss : 1.565, Group Delay Loss : 0.526, Phase Time Difference Loss : 0.815, STFT Consistency Loss : 0.025, Real Part Loss : 0.114, Imaginary Part Loss : 0.104, Mel Spectrogram Loss : 0.979, Mel Spectrogram L2 Loss : 2.070, Commit Loss : 2.352, s/b : 0.284
Steps : 3575, Gen Loss Total : 956.056, Amplitude Loss : 1.345, Instantaneous Phase Loss : 1.574, Group Delay Loss : 0.502, Phase Time Difference Loss : 0.765, STFT Consistency Loss : 0.063, Real Part Loss : 0.161, Imaginary Part Loss : 0.149, Mel Spectrogram Loss : 0.977, Mel Spectrogram L2 Loss : 1.939, Commit Loss : 2.285, s/b : 0.321
Steps : 3580, Gen Loss Total : 999.031, Amplitude Loss : 1.520, Instantaneous Phase Loss : 1.576, Group Delay Loss : 0.505, Phase Time Difference Loss : 0.775, STFT Consistency Loss : 0.123, Real Part Loss : 0.166, Imaginary Part Loss : 0.146, Mel Spectrogram Loss : 0.971, Mel Spectrogram L2 Loss : 1.893, Commit Loss : 4.689, s/b : 0.235
Steps : 3585, Gen Loss Total : 713.397, Amplitude Loss : 1.135, Instantaneous Phase Loss : 1.571, Group Delay Loss : 0.507, Phase Time Difference Loss : 0.780, STFT Consistency Loss : 0.903, Real Part Loss : 0.173, Imaginary Part Loss : 0.158, Mel Spectrogram Loss : 0.970, Mel Spectrogram L2 Loss : 1.970, Commit Loss : 6.020, s/b : 0.215
Steps : 3590, Gen Loss Total : 711.272, Amplitude Loss : 1.772, Instantaneous Phase Loss : 1.569, Group Delay Loss : 0.508, Phase Time Difference Loss : 0.767, STFT Consistency Loss : 0.018, Real Part Loss : 0.142, Imaginary Part Loss : 0.130, Mel Spectrogram Loss : 1.151, Mel Spectrogram L2 Loss : 2.711, Commit Loss : 6.118, s/b : 0.221
Steps : 3595, Gen Loss Total : 795.319, Amplitude Loss : 1.292, Instantaneous Phase Loss : 1.568, Group Delay Loss : 0.508, Phase Time Difference Loss : 0.765, STFT Consistency Loss : 0.009, Real Part Loss : 0.129, Imaginary Part Loss : 0.119, Mel Spectrogram Loss : 0.961, Mel Spectrogram L2 Loss : 1.855, Commit Loss : 16.532, s/b : 0.235
Steps : 3600, Gen Loss Total : 771.650, Amplitude Loss : 1.276, Instantaneous Phase Loss : 1.570, Group Delay Loss : 0.496, Phase Time Difference Loss : 0.747, STFT Consistency Loss : 0.022, Real Part Loss : 0.180, Imaginary Part Loss : 0.171, Mel Spectrogram Loss : 0.976, Mel Spectrogram L2 Loss : 1.888, Commit Loss : 9.524, s/b : 0.225
Steps : 3605, Gen Loss Total : 720.090, Amplitude Loss : 1.205, Instantaneous Phase Loss : 1.573, Group Delay Loss : 0.496, Phase Time Difference Loss : 0.748, STFT Consistency Loss : 0.031, Real Part Loss : 0.173, Imaginary Part Loss : 0.165, Mel Spectrogram Loss : 0.903, Mel Spectrogram L2 Loss : 1.734, Commit Loss : 9.459, s/b : 0.237
Steps : 3610, Gen Loss Total : 691.470, Amplitude Loss : 1.100, Instantaneous Phase Loss : 1.573, Group Delay Loss : 0.491, Phase Time Difference Loss : 0.743, STFT Consistency Loss : 0.025, Real Part Loss : 0.146, Imaginary Part Loss : 0.137, Mel Spectrogram Loss : 0.915, Mel Spectrogram L2 Loss : 1.677, Commit Loss : 7.596, s/b : 0.277
Steps : 3615, Gen Loss Total : 613.722, Amplitude Loss : 1.367, Instantaneous Phase Loss : 1.569, Group Delay Loss : 0.496, Phase Time Difference Loss : 0.744, STFT Consistency Loss : 0.008, Real Part Loss : 0.091, Imaginary Part Loss : 0.082, Mel Spectrogram Loss : 0.971, Mel Spectrogram L2 Loss : 1.973, Commit Loss : 7.003, s/b : 0.223
Steps : 3620, Gen Loss Total : 721.665, Amplitude Loss : 1.041, Instantaneous Phase Loss : 1.571, Group Delay Loss : 0.498, Phase Time Difference Loss : 0.749, STFT Consistency Loss : 0.023, Real Part Loss : 0.138, Imaginary Part Loss : 0.129, Mel Spectrogram Loss : 0.888, Mel Spectrogram L2 Loss : 1.555, Commit Loss : 12.373, s/b : 0.112
Time taken for epoch 29 is 28 sec

Epoch: 30
Steps : 3625, Gen Loss Total : 733.609, Amplitude Loss : 1.202, Instantaneous Phase Loss : 1.568, Group Delay Loss : 0.488, Phase Time Difference Loss : 0.735, STFT Consistency Loss : 0.032, Real Part Loss : 0.141, Imaginary Part Loss : 0.132, Mel Spectrogram Loss : 0.908, Mel Spectrogram L2 Loss : 1.666, Commit Loss : 14.824, s/b : 0.349
Steps : 3630, Gen Loss Total : 636.693, Amplitude Loss : 0.949, Instantaneous Phase Loss : 1.575, Group Delay Loss : 0.487, Phase Time Difference Loss : 0.732, STFT Consistency Loss : 0.016, Real Part Loss : 0.135, Imaginary Part Loss : 0.126, Mel Spectrogram Loss : 0.803, Mel Spectrogram L2 Loss : 1.395, Commit Loss : 9.628, s/b : 0.218
Steps : 3635, Gen Loss Total : 665.818, Amplitude Loss : 1.002, Instantaneous Phase Loss : 1.569, Group Delay Loss : 0.491, Phase Time Difference Loss : 0.737, STFT Consistency Loss : 0.017, Real Part Loss : 0.153, Imaginary Part Loss : 0.143, Mel Spectrogram Loss : 0.837, Mel Spectrogram L2 Loss : 1.466, Commit Loss : 9.467, s/b : 0.232
Steps : 3640, Gen Loss Total : 635.618, Amplitude Loss : 1.019, Instantaneous Phase Loss : 1.571, Group Delay Loss : 0.493, Phase Time Difference Loss : 0.738, STFT Consistency Loss : 0.019, Real Part Loss : 0.097, Imaginary Part Loss : 0.088, Mel Spectrogram Loss : 0.817, Mel Spectrogram L2 Loss : 1.496, Commit Loss : 12.441, s/b : 0.241
Steps : 3645, Gen Loss Total : 586.294, Amplitude Loss : 1.132, Instantaneous Phase Loss : 1.571, Group Delay Loss : 0.490, Phase Time Difference Loss : 0.736, STFT Consistency Loss : 0.073, Real Part Loss : 0.155, Imaginary Part Loss : 0.144, Mel Spectrogram Loss : 0.835, Mel Spectrogram L2 Loss : 1.582, Commit Loss : 5.422, s/b : 0.244
Steps : 3650, Gen Loss Total : 582.720, Amplitude Loss : 1.106, Instantaneous Phase Loss : 1.571, Group Delay Loss : 0.488, Phase Time Difference Loss : 0.731, STFT Consistency Loss : 0.012, Real Part Loss : 0.155, Imaginary Part Loss : 0.137, Mel Spectrogram Loss : 0.916, Mel Spectrogram L2 Loss : 1.713, Commit Loss : 6.187, s/b : 0.288
Steps : 3655, Gen Loss Total : 605.310, Amplitude Loss : 0.983, Instantaneous Phase Loss : 1.567, Group Delay Loss : 0.484, Phase Time Difference Loss : 0.725, STFT Consistency Loss : 0.016, Real Part Loss : 0.119, Imaginary Part Loss : 0.110, Mel Spectrogram Loss : 0.793, Mel Spectrogram L2 Loss : 1.308, Commit Loss : 10.897, s/b : 0.250
Steps : 3660, Gen Loss Total : 592.474, Amplitude Loss : 0.961, Instantaneous Phase Loss : 1.573, Group Delay Loss : 0.483, Phase Time Difference Loss : 0.723, STFT Consistency Loss : 0.051, Real Part Loss : 0.196, Imaginary Part Loss : 0.180, Mel Spectrogram Loss : 0.793, Mel Spectrogram L2 Loss : 1.302, Commit Loss : 8.519, s/b : 0.211
Steps : 3665, Gen Loss Total : 573.931, Amplitude Loss : 0.874, Instantaneous Phase Loss : 1.571, Group Delay Loss : 0.488, Phase Time Difference Loss : 0.730, STFT Consistency Loss : 0.006, Real Part Loss : 0.079, Imaginary Part Loss : 0.072, Mel Spectrogram Loss : 0.706, Mel Spectrogram L2 Loss : 1.167, Commit Loss : 11.462, s/b : 0.223
Steps : 3670, Gen Loss Total : 550.585, Amplitude Loss : 0.949, Instantaneous Phase Loss : 1.566, Group Delay Loss : 0.484, Phase Time Difference Loss : 0.725, STFT Consistency Loss : 0.012, Real Part Loss : 0.099, Imaginary Part Loss : 0.088, Mel Spectrogram Loss : 0.742, Mel Spectrogram L2 Loss : 1.223, Commit Loss : 8.157, s/b : 0.223
Steps : 3675, Gen Loss Total : 532.295, Amplitude Loss : 0.811, Instantaneous Phase Loss : 1.571, Group Delay Loss : 0.482, Phase Time Difference Loss : 0.722, STFT Consistency Loss : 0.012, Real Part Loss : 0.134, Imaginary Part Loss : 0.124, Mel Spectrogram Loss : 0.754, Mel Spectrogram L2 Loss : 1.271, Commit Loss : 6.049, s/b : 0.220
Steps : 3680, Gen Loss Total : 559.612, Amplitude Loss : 0.829, Instantaneous Phase Loss : 1.573, Group Delay Loss : 0.488, Phase Time Difference Loss : 0.728, STFT Consistency Loss : 0.011, Real Part Loss : 0.093, Imaginary Part Loss : 0.088, Mel Spectrogram Loss : 0.688, Mel Spectrogram L2 Loss : 1.055, Commit Loss : 9.521, s/b : 0.231
Steps : 3685, Gen Loss Total : 582.046, Amplitude Loss : 1.008, Instantaneous Phase Loss : 1.568, Group Delay Loss : 0.492, Phase Time Difference Loss : 0.733, STFT Consistency Loss : 0.037, Real Part Loss : 0.200, Imaginary Part Loss : 0.182, Mel Spectrogram Loss : 0.802, Mel Spectrogram L2 Loss : 1.412, Commit Loss : 6.546, s/b : 0.221
Steps : 3690, Gen Loss Total : 569.614, Amplitude Loss : 1.156, Instantaneous Phase Loss : 1.571, Group Delay Loss : 0.493, Phase Time Difference Loss : 0.734, STFT Consistency Loss : 0.086, Real Part Loss : 0.208, Imaginary Part Loss : 0.192, Mel Spectrogram Loss : 0.838, Mel Spectrogram L2 Loss : 1.525, Commit Loss : 5.570, s/b : 0.223
Steps : 3695, Gen Loss Total : 542.743, Amplitude Loss : 0.910, Instantaneous Phase Loss : 1.571, Group Delay Loss : 0.489, Phase Time Difference Loss : 0.729, STFT Consistency Loss : 0.028, Real Part Loss : 0.185, Imaginary Part Loss : 0.172, Mel Spectrogram Loss : 0.762, Mel Spectrogram L2 Loss : 1.231, Commit Loss : 5.351, s/b : 0.241
Steps : 3700, Gen Loss Total : 529.752, Amplitude Loss : 0.877, Instantaneous Phase Loss : 1.574, Group Delay Loss : 0.494, Phase Time Difference Loss : 0.732, STFT Consistency Loss : 0.022, Real Part Loss : 0.172, Imaginary Part Loss : 0.156, Mel Spectrogram Loss : 0.695, Mel Spectrogram L2 Loss : 1.053, Commit Loss : 5.357, s/b : 0.236
Steps : 3705, Gen Loss Total : 533.118, Amplitude Loss : 0.962, Instantaneous Phase Loss : 1.566, Group Delay Loss : 0.485, Phase Time Difference Loss : 0.727, STFT Consistency Loss : 0.007, Real Part Loss : 0.136, Imaginary Part Loss : 0.124, Mel Spectrogram Loss : 0.833, Mel Spectrogram L2 Loss : 1.481, Commit Loss : 3.240, s/b : 0.236
Steps : 3710, Gen Loss Total : 528.504, Amplitude Loss : 0.911, Instantaneous Phase Loss : 1.569, Group Delay Loss : 0.488, Phase Time Difference Loss : 0.730, STFT Consistency Loss : 0.022, Real Part Loss : 0.179, Imaginary Part Loss : 0.165, Mel Spectrogram Loss : 0.760, Mel Spectrogram L2 Loss : 1.307, Commit Loss : 3.304, s/b : 0.219
Steps : 3715, Gen Loss Total : 490.300, Amplitude Loss : 0.783, Instantaneous Phase Loss : 1.569, Group Delay Loss : 0.489, Phase Time Difference Loss : 0.728, STFT Consistency Loss : 0.050, Real Part Loss : 0.142, Imaginary Part Loss : 0.129, Mel Spectrogram Loss : 0.640, Mel Spectrogram L2 Loss : 0.947, Commit Loss : 4.267, s/b : 0.231
Steps : 3720, Gen Loss Total : 540.545, Amplitude Loss : 1.047, Instantaneous Phase Loss : 1.569, Group Delay Loss : 0.491, Phase Time Difference Loss : 0.733, STFT Consistency Loss : 0.053, Real Part Loss : 0.193, Imaginary Part Loss : 0.183, Mel Spectrogram Loss : 0.753, Mel Spectrogram L2 Loss : 1.321, Commit Loss : 3.997, s/b : 0.228
Steps : 3725, Gen Loss Total : 495.762, Amplitude Loss : 0.737, Instantaneous Phase Loss : 1.568, Group Delay Loss : 0.485, Phase Time Difference Loss : 0.725, STFT Consistency Loss : 0.042, Real Part Loss : 0.159, Imaginary Part Loss : 0.146, Mel Spectrogram Loss : 0.655, Mel Spectrogram L2 Loss : 0.954, Commit Loss : 4.057, s/b : 0.281
Steps : 3730, Gen Loss Total : 538.213, Amplitude Loss : 0.964, Instantaneous Phase Loss : 1.574, Group Delay Loss : 0.490, Phase Time Difference Loss : 0.731, STFT Consistency Loss : 0.035, Real Part Loss : 0.214, Imaginary Part Loss : 0.203, Mel Spectrogram Loss : 0.765, Mel Spectrogram L2 Loss : 1.317, Commit Loss : 3.078, s/b : 0.228
Steps : 3735, Gen Loss Total : 511.496, Amplitude Loss : 0.900, Instantaneous Phase Loss : 1.570, Group Delay Loss : 0.492, Phase Time Difference Loss : 0.734, STFT Consistency Loss : 0.013, Real Part Loss : 0.119, Imaginary Part Loss : 0.109, Mel Spectrogram Loss : 0.735, Mel Spectrogram L2 Loss : 1.250, Commit Loss : 4.452, s/b : 0.208
Steps : 3740, Gen Loss Total : 510.826, Amplitude Loss : 0.879, Instantaneous Phase Loss : 1.570, Group Delay Loss : 0.484, Phase Time Difference Loss : 0.724, STFT Consistency Loss : 0.030, Real Part Loss : 0.135, Imaginary Part Loss : 0.124, Mel Spectrogram Loss : 0.718, Mel Spectrogram L2 Loss : 1.207, Commit Loss : 4.613, s/b : 0.258
Steps : 3745, Gen Loss Total : 506.219, Amplitude Loss : 0.914, Instantaneous Phase Loss : 1.567, Group Delay Loss : 0.486, Phase Time Difference Loss : 0.722, STFT Consistency Loss : 0.016, Real Part Loss : 0.122, Imaginary Part Loss : 0.110, Mel Spectrogram Loss : 0.777, Mel Spectrogram L2 Loss : 1.320, Commit Loss : 3.161, s/b : 0.117
Time taken for epoch 30 is 28 sec

Epoch: 31
Steps : 3750, Gen Loss Total : 527.029, Amplitude Loss : 1.021, Instantaneous Phase Loss : 1.567, Group Delay Loss : 0.489, Phase Time Difference Loss : 0.730, STFT Consistency Loss : 0.062, Real Part Loss : 0.165, Imaginary Part Loss : 0.157, Mel Spectrogram Loss : 0.780, Mel Spectrogram L2 Loss : 1.381, Commit Loss : 3.947, s/b : 0.363
Steps : 3755, Gen Loss Total : 493.329, Amplitude Loss : 0.959, Instantaneous Phase Loss : 1.571, Group Delay Loss : 0.484, Phase Time Difference Loss : 0.721, STFT Consistency Loss : 0.016, Real Part Loss : 0.144, Imaginary Part Loss : 0.134, Mel Spectrogram Loss : 0.765, Mel Spectrogram L2 Loss : 1.304, Commit Loss : 2.471, s/b : 0.223
Steps : 3760, Gen Loss Total : 516.102, Amplitude Loss : 0.915, Instantaneous Phase Loss : 1.572, Group Delay Loss : 0.491, Phase Time Difference Loss : 0.729, STFT Consistency Loss : 0.027, Real Part Loss : 0.154, Imaginary Part Loss : 0.147, Mel Spectrogram Loss : 0.750, Mel Spectrogram L2 Loss : 1.312, Commit Loss : 3.716, s/b : 0.184
Steps : 3765, Gen Loss Total : 525.625, Amplitude Loss : 1.108, Instantaneous Phase Loss : 1.572, Group Delay Loss : 0.491, Phase Time Difference Loss : 0.731, STFT Consistency Loss : 0.046, Real Part Loss : 0.151, Imaginary Part Loss : 0.143, Mel Spectrogram Loss : 0.830, Mel Spectrogram L2 Loss : 1.584, Commit Loss : 2.895, s/b : 0.228
Steps : 3770, Gen Loss Total : 482.651, Amplitude Loss : 0.893, Instantaneous Phase Loss : 1.573, Group Delay Loss : 0.489, Phase Time Difference Loss : 0.724, STFT Consistency Loss : 0.034, Real Part Loss : 0.108, Imaginary Part Loss : 0.102, Mel Spectrogram Loss : 0.698, Mel Spectrogram L2 Loss : 1.156, Commit Loss : 3.294, s/b : 0.213
Steps : 3775, Gen Loss Total : 503.092, Amplitude Loss : 0.809, Instantaneous Phase Loss : 1.567, Group Delay Loss : 0.487, Phase Time Difference Loss : 0.725, STFT Consistency Loss : 0.045, Real Part Loss : 0.184, Imaginary Part Loss : 0.163, Mel Spectrogram Loss : 0.756, Mel Spectrogram L2 Loss : 1.221, Commit Loss : 3.075, s/b : 0.230
Steps : 3780, Gen Loss Total : 522.207, Amplitude Loss : 0.997, Instantaneous Phase Loss : 1.569, Group Delay Loss : 0.492, Phase Time Difference Loss : 0.732, STFT Consistency Loss : 0.042, Real Part Loss : 0.191, Imaginary Part Loss : 0.176, Mel Spectrogram Loss : 0.767, Mel Spectrogram L2 Loss : 1.308, Commit Loss : 2.556, s/b : 0.239
Steps : 3785, Gen Loss Total : 484.670, Amplitude Loss : 0.906, Instantaneous Phase Loss : 1.569, Group Delay Loss : 0.485, Phase Time Difference Loss : 0.723, STFT Consistency Loss : 0.038, Real Part Loss : 0.141, Imaginary Part Loss : 0.135, Mel Spectrogram Loss : 0.721, Mel Spectrogram L2 Loss : 1.170, Commit Loss : 2.734, s/b : 0.300
Steps : 3790, Gen Loss Total : 462.138, Amplitude Loss : 0.674, Instantaneous Phase Loss : 1.573, Group Delay Loss : 0.485, Phase Time Difference Loss : 0.723, STFT Consistency Loss : 0.063, Real Part Loss : 0.142, Imaginary Part Loss : 0.136, Mel Spectrogram Loss : 0.630, Mel Spectrogram L2 Loss : 0.895, Commit Loss : 3.278, s/b : 0.227
Steps : 3795, Gen Loss Total : 504.084, Amplitude Loss : 0.996, Instantaneous Phase Loss : 1.574, Group Delay Loss : 0.488, Phase Time Difference Loss : 0.728, STFT Consistency Loss : 0.059, Real Part Loss : 0.179, Imaginary Part Loss : 0.168, Mel Spectrogram Loss : 0.763, Mel Spectrogram L2 Loss : 1.303, Commit Loss : 2.762, s/b : 0.222
Steps : 3800, Gen Loss Total : 459.118, Amplitude Loss : 0.689, Instantaneous Phase Loss : 1.566, Group Delay Loss : 0.479, Phase Time Difference Loss : 0.716, STFT Consistency Loss : 0.035, Real Part Loss : 0.110, Imaginary Part Loss : 0.104, Mel Spectrogram Loss : 0.638, Mel Spectrogram L2 Loss : 0.896, Commit Loss : 3.411, s/b : 0.229
Steps : 3805, Gen Loss Total : 482.242, Amplitude Loss : 0.903, Instantaneous Phase Loss : 1.568, Group Delay Loss : 0.485, Phase Time Difference Loss : 0.725, STFT Consistency Loss : 0.019, Real Part Loss : 0.110, Imaginary Part Loss : 0.104, Mel Spectrogram Loss : 0.735, Mel Spectrogram L2 Loss : 1.251, Commit Loss : 3.001, s/b : 0.234
Steps : 3810, Gen Loss Total : 512.710, Amplitude Loss : 1.058, Instantaneous Phase Loss : 1.566, Group Delay Loss : 0.491, Phase Time Difference Loss : 0.733, STFT Consistency Loss : 0.050, Real Part Loss : 0.171, Imaginary Part Loss : 0.154, Mel Spectrogram Loss : 0.792, Mel Spectrogram L2 Loss : 1.385, Commit Loss : 2.527, s/b : 0.224
Steps : 3815, Gen Loss Total : 516.862, Amplitude Loss : 1.169, Instantaneous Phase Loss : 1.573, Group Delay Loss : 0.493, Phase Time Difference Loss : 0.734, STFT Consistency Loss : 0.025, Real Part Loss : 0.148, Imaginary Part Loss : 0.138, Mel Spectrogram Loss : 0.812, Mel Spectrogram L2 Loss : 1.533, Commit Loss : 2.494, s/b : 0.223
Steps : 3820, Gen Loss Total : 475.245, Amplitude Loss : 0.863, Instantaneous Phase Loss : 1.576, Group Delay Loss : 0.483, Phase Time Difference Loss : 0.723, STFT Consistency Loss : 0.031, Real Part Loss : 0.115, Imaginary Part Loss : 0.106, Mel Spectrogram Loss : 0.719, Mel Spectrogram L2 Loss : 1.146, Commit Loss : 3.013, s/b : 0.224
Steps : 3825, Gen Loss Total : 492.146, Amplitude Loss : 0.832, Instantaneous Phase Loss : 1.568, Group Delay Loss : 0.488, Phase Time Difference Loss : 0.726, STFT Consistency Loss : 0.058, Real Part Loss : 0.183, Imaginary Part Loss : 0.174, Mel Spectrogram Loss : 0.720, Mel Spectrogram L2 Loss : 1.129, Commit Loss : 3.286, s/b : 0.268
Steps : 3830, Gen Loss Total : 480.417, Amplitude Loss : 0.888, Instantaneous Phase Loss : 1.569, Group Delay Loss : 0.486, Phase Time Difference Loss : 0.724, STFT Consistency Loss : 0.007, Real Part Loss : 0.108, Imaginary Part Loss : 0.095, Mel Spectrogram Loss : 0.712, Mel Spectrogram L2 Loss : 1.151, Commit Loss : 2.645, s/b : 0.221
Steps : 3835, Gen Loss Total : 525.595, Amplitude Loss : 0.960, Instantaneous Phase Loss : 1.571, Group Delay Loss : 0.490, Phase Time Difference Loss : 0.730, STFT Consistency Loss : 0.039, Real Part Loss : 0.209, Imaginary Part Loss : 0.192, Mel Spectrogram Loss : 0.776, Mel Spectrogram L2 Loss : 1.313, Commit Loss : 2.714, s/b : 0.217
Steps : 3840, Gen Loss Total : 471.197, Amplitude Loss : 0.800, Instantaneous Phase Loss : 1.573, Group Delay Loss : 0.485, Phase Time Difference Loss : 0.724, STFT Consistency Loss : 0.052, Real Part Loss : 0.139, Imaginary Part Loss : 0.131, Mel Spectrogram Loss : 0.659, Mel Spectrogram L2 Loss : 0.996, Commit Loss : 2.936, s/b : 0.219
Steps : 3845, Gen Loss Total : 482.638, Amplitude Loss : 0.810, Instantaneous Phase Loss : 1.571, Group Delay Loss : 0.485, Phase Time Difference Loss : 0.725, STFT Consistency Loss : 0.046, Real Part Loss : 0.153, Imaginary Part Loss : 0.144, Mel Spectrogram Loss : 0.690, Mel Spectrogram L2 Loss : 1.069, Commit Loss : 3.360, s/b : 0.217
Steps : 3850, Gen Loss Total : 471.542, Amplitude Loss : 0.806, Instantaneous Phase Loss : 1.566, Group Delay Loss : 0.483, Phase Time Difference Loss : 0.720, STFT Consistency Loss : 0.046, Real Part Loss : 0.141, Imaginary Part Loss : 0.133, Mel Spectrogram Loss : 0.677, Mel Spectrogram L2 Loss : 1.052, Commit Loss : 2.915, s/b : 0.303
Steps : 3855, Gen Loss Total : 432.524, Amplitude Loss : 0.693, Instantaneous Phase Loss : 1.572, Group Delay Loss : 0.478, Phase Time Difference Loss : 0.716, STFT Consistency Loss : 0.022, Real Part Loss : 0.065, Imaginary Part Loss : 0.061, Mel Spectrogram Loss : 0.619, Mel Spectrogram L2 Loss : 0.874, Commit Loss : 2.534, s/b : 0.216
Steps : 3860, Gen Loss Total : 512.899, Amplitude Loss : 0.991, Instantaneous Phase Loss : 1.568, Group Delay Loss : 0.492, Phase Time Difference Loss : 0.738, STFT Consistency Loss : 0.107, Real Part Loss : 0.208, Imaginary Part Loss : 0.197, Mel Spectrogram Loss : 0.801, Mel Spectrogram L2 Loss : 1.348, Commit Loss : 2.651, s/b : 0.223
Steps : 3865, Gen Loss Total : 485.564, Amplitude Loss : 0.937, Instantaneous Phase Loss : 1.570, Group Delay Loss : 0.486, Phase Time Difference Loss : 0.726, STFT Consistency Loss : 0.042, Real Part Loss : 0.147, Imaginary Part Loss : 0.133, Mel Spectrogram Loss : 0.751, Mel Spectrogram L2 Loss : 1.282, Commit Loss : 2.176, s/b : 0.218
Steps : 3870, Gen Loss Total : 471.361, Amplitude Loss : 0.762, Instantaneous Phase Loss : 1.574, Group Delay Loss : 0.484, Phase Time Difference Loss : 0.721, STFT Consistency Loss : 0.066, Real Part Loss : 0.182, Imaginary Part Loss : 0.171, Mel Spectrogram Loss : 0.665, Mel Spectrogram L2 Loss : 0.996, Commit Loss : 2.929, s/b : 0.113
Time taken for epoch 31 is 28 sec

Epoch: 32
Steps : 3875, Gen Loss Total : 496.522, Amplitude Loss : 1.005, Instantaneous Phase Loss : 1.572, Group Delay Loss : 0.486, Phase Time Difference Loss : 0.727, STFT Consistency Loss : 0.034, Real Part Loss : 0.144, Imaginary Part Loss : 0.136, Mel Spectrogram Loss : 0.793, Mel Spectrogram L2 Loss : 1.402, Commit Loss : 2.487, s/b : 0.394
Steps : 3880, Gen Loss Total : 484.208, Amplitude Loss : 0.929, Instantaneous Phase Loss : 1.568, Group Delay Loss : 0.485, Phase Time Difference Loss : 0.724, STFT Consistency Loss : 0.045, Real Part Loss : 0.145, Imaginary Part Loss : 0.137, Mel Spectrogram Loss : 0.754, Mel Spectrogram L2 Loss : 1.290, Commit Loss : 2.296, s/b : 0.228
Steps : 3885, Gen Loss Total : 505.668, Amplitude Loss : 0.935, Instantaneous Phase Loss : 1.571, Group Delay Loss : 0.490, Phase Time Difference Loss : 0.733, STFT Consistency Loss : 0.091, Real Part Loss : 0.219, Imaginary Part Loss : 0.207, Mel Spectrogram Loss : 0.772, Mel Spectrogram L2 Loss : 1.294, Commit Loss : 2.595, s/b : 0.257
Steps : 3890, Gen Loss Total : 501.497, Amplitude Loss : 0.970, Instantaneous Phase Loss : 1.565, Group Delay Loss : 0.485, Phase Time Difference Loss : 0.723, STFT Consistency Loss : 0.044, Real Part Loss : 0.180, Imaginary Part Loss : 0.166, Mel Spectrogram Loss : 0.827, Mel Spectrogram L2 Loss : 1.413, Commit Loss : 1.897, s/b : 0.237
Steps : 3895, Gen Loss Total : 468.872, Amplitude Loss : 0.881, Instantaneous Phase Loss : 1.569, Group Delay Loss : 0.482, Phase Time Difference Loss : 0.720, STFT Consistency Loss : 0.039, Real Part Loss : 0.114, Imaginary Part Loss : 0.103, Mel Spectrogram Loss : 0.722, Mel Spectrogram L2 Loss : 1.186, Commit Loss : 2.037, s/b : 0.225
Steps : 3900, Gen Loss Total : 522.723, Amplitude Loss : 0.970, Instantaneous Phase Loss : 1.566, Group Delay Loss : 0.491, Phase Time Difference Loss : 0.734, STFT Consistency Loss : 0.110, Real Part Loss : 0.219, Imaginary Part Loss : 0.210, Mel Spectrogram Loss : 0.752, Mel Spectrogram L2 Loss : 1.281, Commit Loss : 2.496, s/b : 0.227
Steps : 3905, Gen Loss Total : 475.124, Amplitude Loss : 0.865, Instantaneous Phase Loss : 1.571, Group Delay Loss : 0.484, Phase Time Difference Loss : 0.723, STFT Consistency Loss : 0.043, Real Part Loss : 0.158, Imaginary Part Loss : 0.147, Mel Spectrogram Loss : 0.715, Mel Spectrogram L2 Loss : 1.106, Commit Loss : 2.152, s/b : 0.262
Steps : 3910, Gen Loss Total : 489.671, Amplitude Loss : 0.950, Instantaneous Phase Loss : 1.577, Group Delay Loss : 0.485, Phase Time Difference Loss : 0.723, STFT Consistency Loss : 0.055, Real Part Loss : 0.167, Imaginary Part Loss : 0.158, Mel Spectrogram Loss : 0.761, Mel Spectrogram L2 Loss : 1.194, Commit Loss : 2.408, s/b : 0.211
Steps : 3915, Gen Loss Total : 451.882, Amplitude Loss : 0.792, Instantaneous Phase Loss : 1.570, Group Delay Loss : 0.483, Phase Time Difference Loss : 0.718, STFT Consistency Loss : 0.024, Real Part Loss : 0.098, Imaginary Part Loss : 0.092, Mel Spectrogram Loss : 0.649, Mel Spectrogram L2 Loss : 0.994, Commit Loss : 2.348, s/b : 0.208
Steps : 3920, Gen Loss Total : 513.410, Amplitude Loss : 0.849, Instantaneous Phase Loss : 1.569, Group Delay Loss : 0.490, Phase Time Difference Loss : 0.728, STFT Consistency Loss : 0.042, Real Part Loss : 0.214, Imaginary Part Loss : 0.197, Mel Spectrogram Loss : 0.795, Mel Spectrogram L2 Loss : 1.303, Commit Loss : 2.507, s/b : 0.219
Steps : 3925, Gen Loss Total : 497.987, Amplitude Loss : 0.918, Instantaneous Phase Loss : 1.571, Group Delay Loss : 0.489, Phase Time Difference Loss : 0.723, STFT Consistency Loss : 0.073, Real Part Loss : 0.180, Imaginary Part Loss : 0.171, Mel Spectrogram Loss : 0.765, Mel Spectrogram L2 Loss : 1.242, Commit Loss : 2.683, s/b : 0.214
Steps : 3930, Gen Loss Total : 485.466, Amplitude Loss : 0.897, Instantaneous Phase Loss : 1.568, Group Delay Loss : 0.488, Phase Time Difference Loss : 0.729, STFT Consistency Loss : 0.065, Real Part Loss : 0.141, Imaginary Part Loss : 0.137, Mel Spectrogram Loss : 0.727, Mel Spectrogram L2 Loss : 1.165, Commit Loss : 2.828, s/b : 0.246
Steps : 3935, Gen Loss Total : 518.005, Amplitude Loss : 0.881, Instantaneous Phase Loss : 1.576, Group Delay Loss : 0.489, Phase Time Difference Loss : 0.728, STFT Consistency Loss : 0.066, Real Part Loss : 0.235, Imaginary Part Loss : 0.216, Mel Spectrogram Loss : 0.792, Mel Spectrogram L2 Loss : 1.298, Commit Loss : 2.406, s/b : 0.205
Steps : 3940, Gen Loss Total : 486.681, Amplitude Loss : 0.935, Instantaneous Phase Loss : 1.571, Group Delay Loss : 0.488, Phase Time Difference Loss : 0.726, STFT Consistency Loss : 0.051, Real Part Loss : 0.170, Imaginary Part Loss : 0.158, Mel Spectrogram Loss : 0.774, Mel Spectrogram L2 Loss : 1.277, Commit Loss : 1.802, s/b : 0.229
Steps : 3945, Gen Loss Total : 512.025, Amplitude Loss : 0.934, Instantaneous Phase Loss : 1.565, Group Delay Loss : 0.488, Phase Time Difference Loss : 0.728, STFT Consistency Loss : 0.043, Real Part Loss : 0.196, Imaginary Part Loss : 0.181, Mel Spectrogram Loss : 0.802, Mel Spectrogram L2 Loss : 1.367, Commit Loss : 2.468, s/b : 0.230
Steps : 3950, Gen Loss Total : 465.935, Amplitude Loss : 0.801, Instantaneous Phase Loss : 1.575, Group Delay Loss : 0.483, Phase Time Difference Loss : 0.721, STFT Consistency Loss : 0.034, Real Part Loss : 0.125, Imaginary Part Loss : 0.117, Mel Spectrogram Loss : 0.674, Mel Spectrogram L2 Loss : 1.038, Commit Loss : 2.644, s/b : 0.227
Steps : 3955, Gen Loss Total : 489.231, Amplitude Loss : 0.965, Instantaneous Phase Loss : 1.570, Group Delay Loss : 0.486, Phase Time Difference Loss : 0.726, STFT Consistency Loss : 0.021, Real Part Loss : 0.134, Imaginary Part Loss : 0.116, Mel Spectrogram Loss : 0.756, Mel Spectrogram L2 Loss : 1.274, Commit Loss : 2.173, s/b : 0.222
Steps : 3960, Gen Loss Total : 446.372, Amplitude Loss : 0.741, Instantaneous Phase Loss : 1.569, Group Delay Loss : 0.483, Phase Time Difference Loss : 0.719, STFT Consistency Loss : 0.042, Real Part Loss : 0.104, Imaginary Part Loss : 0.091, Mel Spectrogram Loss : 0.634, Mel Spectrogram L2 Loss : 0.941, Commit Loss : 2.553, s/b : 0.212
Steps : 3965, Gen Loss Total : 472.112, Amplitude Loss : 0.879, Instantaneous Phase Loss : 1.572, Group Delay Loss : 0.487, Phase Time Difference Loss : 0.725, STFT Consistency Loss : 0.041, Real Part Loss : 0.151, Imaginary Part Loss : 0.133, Mel Spectrogram Loss : 0.674, Mel Spectrogram L2 Loss : 1.065, Commit Loss : 2.613, s/b : 0.228
Steps : 3970, Gen Loss Total : 471.847, Amplitude Loss : 0.885, Instantaneous Phase Loss : 1.567, Group Delay Loss : 0.486, Phase Time Difference Loss : 0.725, STFT Consistency Loss : 0.015, Real Part Loss : 0.112, Imaginary Part Loss : 0.105, Mel Spectrogram Loss : 0.719, Mel Spectrogram L2 Loss : 1.197, Commit Loss : 2.451, s/b : 0.228
Steps : 3975, Gen Loss Total : 469.429, Amplitude Loss : 0.785, Instantaneous Phase Loss : 1.570, Group Delay Loss : 0.485, Phase Time Difference Loss : 0.721, STFT Consistency Loss : 0.049, Real Part Loss : 0.148, Imaginary Part Loss : 0.137, Mel Spectrogram Loss : 0.690, Mel Spectrogram L2 Loss : 1.075, Commit Loss : 2.653, s/b : 0.228
Steps : 3980, Gen Loss Total : 470.042, Amplitude Loss : 0.820, Instantaneous Phase Loss : 1.569, Group Delay Loss : 0.484, Phase Time Difference Loss : 0.720, STFT Consistency Loss : 0.039, Real Part Loss : 0.157, Imaginary Part Loss : 0.149, Mel Spectrogram Loss : 0.670, Mel Spectrogram L2 Loss : 1.023, Commit Loss : 2.574, s/b : 0.217
Steps : 3985, Gen Loss Total : 472.437, Amplitude Loss : 0.927, Instantaneous Phase Loss : 1.568, Group Delay Loss : 0.487, Phase Time Difference Loss : 0.725, STFT Consistency Loss : 0.019, Real Part Loss : 0.101, Imaginary Part Loss : 0.093, Mel Spectrogram Loss : 0.742, Mel Spectrogram L2 Loss : 1.240, Commit Loss : 2.521, s/b : 0.222
Steps : 3990, Gen Loss Total : 486.033, Amplitude Loss : 0.916, Instantaneous Phase Loss : 1.567, Group Delay Loss : 0.487, Phase Time Difference Loss : 0.721, STFT Consistency Loss : 0.033, Real Part Loss : 0.125, Imaginary Part Loss : 0.117, Mel Spectrogram Loss : 0.725, Mel Spectrogram L2 Loss : 1.248, Commit Loss : 2.953, s/b : 0.228
Steps : 3995, Gen Loss Total : 500.407, Amplitude Loss : 0.872, Instantaneous Phase Loss : 1.569, Group Delay Loss : 0.489, Phase Time Difference Loss : 0.724, STFT Consistency Loss : 0.094, Real Part Loss : 0.180, Imaginary Part Loss : 0.180, Mel Spectrogram Loss : 0.720, Mel Spectrogram L2 Loss : 1.173, Commit Loss : 3.517, s/b : 0.112
Time taken for epoch 32 is 28 sec

Epoch: 33
Steps : 4000, Gen Loss Total : 487.519, Amplitude Loss : 0.813, Instantaneous Phase Loss : 1.571, Group Delay Loss : 0.489, Phase Time Difference Loss : 0.726, STFT Consistency Loss : 0.061, Real Part Loss : 0.189, Imaginary Part Loss : 0.186, Mel Spectrogram Loss : 0.719, Mel Spectrogram L2 Loss : 1.148, Commit Loss : 2.947, s/b : 0.369
Steps : 4005, Gen Loss Total : 457.881, Amplitude Loss : 0.731, Instantaneous Phase Loss : 1.570, Group Delay Loss : 0.486, Phase Time Difference Loss : 0.719, STFT Consistency Loss : 0.034, Real Part Loss : 0.111, Imaginary Part Loss : 0.112, Mel Spectrogram Loss : 0.666, Mel Spectrogram L2 Loss : 1.000, Commit Loss : 3.266, s/b : 0.236
Steps : 4010, Gen Loss Total : 494.428, Amplitude Loss : 0.896, Instantaneous Phase Loss : 1.568, Group Delay Loss : 0.490, Phase Time Difference Loss : 0.727, STFT Consistency Loss : 0.059, Real Part Loss : 0.138, Imaginary Part Loss : 0.139, Mel Spectrogram Loss : 0.691, Mel Spectrogram L2 Loss : 1.116, Commit Loss : 4.010, s/b : 0.237
Steps : 4015, Gen Loss Total : 480.584, Amplitude Loss : 0.775, Instantaneous Phase Loss : 1.568, Group Delay Loss : 0.485, Phase Time Difference Loss : 0.719, STFT Consistency Loss : 0.047, Real Part Loss : 0.122, Imaginary Part Loss : 0.123, Mel Spectrogram Loss : 0.704, Mel Spectrogram L2 Loss : 1.065, Commit Loss : 4.102, s/b : 0.192
Steps : 4020, Gen Loss Total : 462.505, Amplitude Loss : 0.744, Instantaneous Phase Loss : 1.572, Group Delay Loss : 0.481, Phase Time Difference Loss : 0.719, STFT Consistency Loss : 0.025, Real Part Loss : 0.087, Imaginary Part Loss : 0.083, Mel Spectrogram Loss : 0.666, Mel Spectrogram L2 Loss : 1.009, Commit Loss : 3.751, s/b : 0.222
Steps : 4025, Gen Loss Total : 521.063, Amplitude Loss : 0.876, Instantaneous Phase Loss : 1.572, Group Delay Loss : 0.490, Phase Time Difference Loss : 0.728, STFT Consistency Loss : 0.088, Real Part Loss : 0.150, Imaginary Part Loss : 0.166, Mel Spectrogram Loss : 0.751, Mel Spectrogram L2 Loss : 1.220, Commit Loss : 5.627, s/b : 0.212
Steps : 4030, Gen Loss Total : 486.996, Amplitude Loss : 0.722, Instantaneous Phase Loss : 1.571, Group Delay Loss : 0.485, Phase Time Difference Loss : 0.722, STFT Consistency Loss : 0.024, Real Part Loss : 0.125, Imaginary Part Loss : 0.110, Mel Spectrogram Loss : 0.652, Mel Spectrogram L2 Loss : 0.945, Commit Loss : 5.008, s/b : 0.218
Steps : 4035, Gen Loss Total : 532.909, Amplitude Loss : 0.957, Instantaneous Phase Loss : 1.576, Group Delay Loss : 0.485, Phase Time Difference Loss : 0.722, STFT Consistency Loss : 0.056, Real Part Loss : 0.174, Imaginary Part Loss : 0.163, Mel Spectrogram Loss : 0.747, Mel Spectrogram L2 Loss : 1.180, Commit Loss : 5.951, s/b : 0.215
Steps : 4040, Gen Loss Total : 520.985, Amplitude Loss : 0.794, Instantaneous Phase Loss : 1.573, Group Delay Loss : 0.486, Phase Time Difference Loss : 0.722, STFT Consistency Loss : 0.047, Real Part Loss : 0.171, Imaginary Part Loss : 0.163, Mel Spectrogram Loss : 0.714, Mel Spectrogram L2 Loss : 1.044, Commit Loss : 6.454, s/b : 0.229
Steps : 4045, Gen Loss Total : 481.714, Amplitude Loss : 0.720, Instantaneous Phase Loss : 1.568, Group Delay Loss : 0.480, Phase Time Difference Loss : 0.717, STFT Consistency Loss : 0.032, Real Part Loss : 0.111, Imaginary Part Loss : 0.116, Mel Spectrogram Loss : 0.654, Mel Spectrogram L2 Loss : 0.905, Commit Loss : 5.274, s/b : 0.216
Steps : 4050, Gen Loss Total : 486.811, Amplitude Loss : 0.719, Instantaneous Phase Loss : 1.568, Group Delay Loss : 0.489, Phase Time Difference Loss : 0.724, STFT Consistency Loss : 0.108, Real Part Loss : 0.162, Imaginary Part Loss : 0.167, Mel Spectrogram Loss : 0.666, Mel Spectrogram L2 Loss : 0.950, Commit Loss : 4.861, s/b : 0.235
Steps : 4055, Gen Loss Total : 500.185, Amplitude Loss : 0.652, Instantaneous Phase Loss : 1.570, Group Delay Loss : 0.485, Phase Time Difference Loss : 0.723, STFT Consistency Loss : 0.045, Real Part Loss : 0.119, Imaginary Part Loss : 0.113, Mel Spectrogram Loss : 0.669, Mel Spectrogram L2 Loss : 0.974, Commit Loss : 6.768, s/b : 0.241
Steps : 4060, Gen Loss Total : 506.956, Amplitude Loss : 0.636, Instantaneous Phase Loss : 1.567, Group Delay Loss : 0.486, Phase Time Difference Loss : 0.720, STFT Consistency Loss : 0.082, Real Part Loss : 0.187, Imaginary Part Loss : 0.181, Mel Spectrogram Loss : 0.658, Mel Spectrogram L2 Loss : 0.904, Commit Loss : 6.447, s/b : 0.235
Steps : 4065, Gen Loss Total : 497.147, Amplitude Loss : 0.713, Instantaneous Phase Loss : 1.565, Group Delay Loss : 0.489, Phase Time Difference Loss : 0.723, STFT Consistency Loss : 0.088, Real Part Loss : 0.186, Imaginary Part Loss : 0.187, Mel Spectrogram Loss : 0.677, Mel Spectrogram L2 Loss : 0.959, Commit Loss : 5.660, s/b : 0.221
Steps : 4070, Gen Loss Total : 474.130, Amplitude Loss : 0.580, Instantaneous Phase Loss : 1.572, Group Delay Loss : 0.485, Phase Time Difference Loss : 0.716, STFT Consistency Loss : 0.088, Real Part Loss : 0.139, Imaginary Part Loss : 0.139, Mel Spectrogram Loss : 0.582, Mel Spectrogram L2 Loss : 0.763, Commit Loss : 6.131, s/b : 0.224
Steps : 4075, Gen Loss Total : 491.509, Amplitude Loss : 0.760, Instantaneous Phase Loss : 1.571, Group Delay Loss : 0.490, Phase Time Difference Loss : 0.731, STFT Consistency Loss : 0.026, Real Part Loss : 0.167, Imaginary Part Loss : 0.161, Mel Spectrogram Loss : 0.711, Mel Spectrogram L2 Loss : 1.073, Commit Loss : 4.712, s/b : 0.224
Steps : 4080, Gen Loss Total : 466.857, Amplitude Loss : 0.595, Instantaneous Phase Loss : 1.568, Group Delay Loss : 0.485, Phase Time Difference Loss : 0.719, STFT Consistency Loss : 0.021, Real Part Loss : 0.106, Imaginary Part Loss : 0.095, Mel Spectrogram Loss : 0.622, Mel Spectrogram L2 Loss : 0.843, Commit Loss : 5.009, s/b : 0.324
Steps : 4085, Gen Loss Total : 468.753, Amplitude Loss : 0.668, Instantaneous Phase Loss : 1.571, Group Delay Loss : 0.484, Phase Time Difference Loss : 0.720, STFT Consistency Loss : 0.032, Real Part Loss : 0.157, Imaginary Part Loss : 0.153, Mel Spectrogram Loss : 0.659, Mel Spectrogram L2 Loss : 0.924, Commit Loss : 4.262, s/b : 0.225
Steps : 4090, Gen Loss Total : 459.926, Amplitude Loss : 0.644, Instantaneous Phase Loss : 1.564, Group Delay Loss : 0.484, Phase Time Difference Loss : 0.718, STFT Consistency Loss : 0.018, Real Part Loss : 0.131, Imaginary Part Loss : 0.124, Mel Spectrogram Loss : 0.610, Mel Spectrogram L2 Loss : 0.840, Commit Loss : 4.494, s/b : 0.278
Steps : 4095, Gen Loss Total : 498.401, Amplitude Loss : 0.703, Instantaneous Phase Loss : 1.567, Group Delay Loss : 0.487, Phase Time Difference Loss : 0.722, STFT Consistency Loss : 0.106, Real Part Loss : 0.157, Imaginary Part Loss : 0.172, Mel Spectrogram Loss : 0.642, Mel Spectrogram L2 Loss : 0.905, Commit Loss : 6.507, s/b : 0.227
Steps : 4100, Gen Loss Total : 498.942, Amplitude Loss : 0.629, Instantaneous Phase Loss : 1.571, Group Delay Loss : 0.488, Phase Time Difference Loss : 0.726, STFT Consistency Loss : 0.120, Real Part Loss : 0.230, Imaginary Part Loss : 0.232, Mel Spectrogram Loss : 0.654, Mel Spectrogram L2 Loss : 0.929, Commit Loss : 5.870, s/b : 0.188
Steps : 4105, Gen Loss Total : 489.676, Amplitude Loss : 0.626, Instantaneous Phase Loss : 1.567, Group Delay Loss : 0.486, Phase Time Difference Loss : 0.723, STFT Consistency Loss : 0.066, Real Part Loss : 0.153, Imaginary Part Loss : 0.155, Mel Spectrogram Loss : 0.632, Mel Spectrogram L2 Loss : 0.878, Commit Loss : 6.652, s/b : 0.219
Steps : 4110, Gen Loss Total : 471.731, Amplitude Loss : 0.575, Instantaneous Phase Loss : 1.568, Group Delay Loss : 0.485, Phase Time Difference Loss : 0.721, STFT Consistency Loss : 0.023, Real Part Loss : 0.108, Imaginary Part Loss : 0.110, Mel Spectrogram Loss : 0.606, Mel Spectrogram L2 Loss : 0.794, Commit Loss : 6.187, s/b : 0.307
Steps : 4115, Gen Loss Total : 488.966, Amplitude Loss : 0.616, Instantaneous Phase Loss : 1.562, Group Delay Loss : 0.487, Phase Time Difference Loss : 0.722, STFT Consistency Loss : 0.074, Real Part Loss : 0.196, Imaginary Part Loss : 0.195, Mel Spectrogram Loss : 0.643, Mel Spectrogram L2 Loss : 0.897, Commit Loss : 5.705, s/b : 0.225
Steps : 4120, Gen Loss Total : 460.247, Amplitude Loss : 0.564, Instantaneous Phase Loss : 1.567, Group Delay Loss : 0.485, Phase Time Difference Loss : 0.720, STFT Consistency Loss : 0.115, Real Part Loss : 0.178, Imaginary Part Loss : 0.179, Mel Spectrogram Loss : 0.588, Mel Spectrogram L2 Loss : 0.761, Commit Loss : 4.858, s/b : 0.112
Time taken for epoch 33 is 28 sec

Epoch: 34
Steps : 4125, Gen Loss Total : 492.226, Amplitude Loss : 0.617, Instantaneous Phase Loss : 1.567, Group Delay Loss : 0.489, Phase Time Difference Loss : 0.728, STFT Consistency Loss : 0.049, Real Part Loss : 0.195, Imaginary Part Loss : 0.194, Mel Spectrogram Loss : 0.624, Mel Spectrogram L2 Loss : 0.840, Commit Loss : 6.229, s/b : 0.363
Steps : 4130, Gen Loss Total : 451.328, Amplitude Loss : 0.538, Instantaneous Phase Loss : 1.570, Group Delay Loss : 0.480, Phase Time Difference Loss : 0.714, STFT Consistency Loss : 0.036, Real Part Loss : 0.128, Imaginary Part Loss : 0.135, Mel Spectrogram Loss : 0.580, Mel Spectrogram L2 Loss : 0.744, Commit Loss : 4.787, s/b : 0.238
Steps : 4135, Gen Loss Total : 471.722, Amplitude Loss : 0.567, Instantaneous Phase Loss : 1.563, Group Delay Loss : 0.488, Phase Time Difference Loss : 0.724, STFT Consistency Loss : 0.058, Real Part Loss : 0.146, Imaginary Part Loss : 0.151, Mel Spectrogram Loss : 0.578, Mel Spectrogram L2 Loss : 0.742, Commit Loss : 5.892, s/b : 0.208
Steps : 4140, Gen Loss Total : 453.125, Amplitude Loss : 0.545, Instantaneous Phase Loss : 1.564, Group Delay Loss : 0.482, Phase Time Difference Loss : 0.717, STFT Consistency Loss : 0.038, Real Part Loss : 0.129, Imaginary Part Loss : 0.125, Mel Spectrogram Loss : 0.595, Mel Spectrogram L2 Loss : 0.760, Commit Loss : 4.848, s/b : 0.224
Steps : 4145, Gen Loss Total : 472.904, Amplitude Loss : 0.583, Instantaneous Phase Loss : 1.564, Group Delay Loss : 0.486, Phase Time Difference Loss : 0.721, STFT Consistency Loss : 0.055, Real Part Loss : 0.144, Imaginary Part Loss : 0.142, Mel Spectrogram Loss : 0.595, Mel Spectrogram L2 Loss : 0.793, Commit Loss : 5.526, s/b : 0.234
Steps : 4150, Gen Loss Total : 499.460, Amplitude Loss : 0.621, Instantaneous Phase Loss : 1.570, Group Delay Loss : 0.487, Phase Time Difference Loss : 0.724, STFT Consistency Loss : 0.072, Real Part Loss : 0.167, Imaginary Part Loss : 0.162, Mel Spectrogram Loss : 0.654, Mel Spectrogram L2 Loss : 0.914, Commit Loss : 6.336, s/b : 0.232
Steps : 4155, Gen Loss Total : 477.750, Amplitude Loss : 0.579, Instantaneous Phase Loss : 1.561, Group Delay Loss : 0.490, Phase Time Difference Loss : 0.726, STFT Consistency Loss : 0.111, Real Part Loss : 0.211, Imaginary Part Loss : 0.201, Mel Spectrogram Loss : 0.602, Mel Spectrogram L2 Loss : 0.759, Commit Loss : 5.159, s/b : 0.218
Steps : 4160, Gen Loss Total : 468.199, Amplitude Loss : 0.600, Instantaneous Phase Loss : 1.570, Group Delay Loss : 0.485, Phase Time Difference Loss : 0.722, STFT Consistency Loss : 0.078, Real Part Loss : 0.131, Imaginary Part Loss : 0.128, Mel Spectrogram Loss : 0.592, Mel Spectrogram L2 Loss : 0.782, Commit Loss : 5.633, s/b : 0.221
Steps : 4165, Gen Loss Total : 473.484, Amplitude Loss : 0.624, Instantaneous Phase Loss : 1.562, Group Delay Loss : 0.485, Phase Time Difference Loss : 0.721, STFT Consistency Loss : 0.102, Real Part Loss : 0.159, Imaginary Part Loss : 0.158, Mel Spectrogram Loss : 0.608, Mel Spectrogram L2 Loss : 0.808, Commit Loss : 5.463, s/b : 0.215
Steps : 4170, Gen Loss Total : 488.602, Amplitude Loss : 0.582, Instantaneous Phase Loss : 1.565, Group Delay Loss : 0.491, Phase Time Difference Loss : 0.730, STFT Consistency Loss : 0.117, Real Part Loss : 0.215, Imaginary Part Loss : 0.214, Mel Spectrogram Loss : 0.604, Mel Spectrogram L2 Loss : 0.774, Commit Loss : 5.833, s/b : 0.215
Steps : 4175, Gen Loss Total : 469.560, Amplitude Loss : 0.566, Instantaneous Phase Loss : 1.560, Group Delay Loss : 0.484, Phase Time Difference Loss : 0.719, STFT Consistency Loss : 0.161, Real Part Loss : 0.148, Imaginary Part Loss : 0.143, Mel Spectrogram Loss : 0.629, Mel Spectrogram L2 Loss : 0.839, Commit Loss : 5.541, s/b : 0.244
Steps : 4180, Gen Loss Total : 446.817, Amplitude Loss : 0.511, Instantaneous Phase Loss : 1.567, Group Delay Loss : 0.485, Phase Time Difference Loss : 0.718, STFT Consistency Loss : 0.038, Real Part Loss : 0.095, Imaginary Part Loss : 0.091, Mel Spectrogram Loss : 0.530, Mel Spectrogram L2 Loss : 0.632, Commit Loss : 5.504, s/b : 0.244
Steps : 4185, Gen Loss Total : 519.716, Amplitude Loss : 0.631, Instantaneous Phase Loss : 1.560, Group Delay Loss : 0.495, Phase Time Difference Loss : 0.735, STFT Consistency Loss : 0.102, Real Part Loss : 0.209, Imaginary Part Loss : 0.207, Mel Spectrogram Loss : 0.651, Mel Spectrogram L2 Loss : 0.923, Commit Loss : 7.268, s/b : 0.228
Steps : 4190, Gen Loss Total : 470.224, Amplitude Loss : 0.623, Instantaneous Phase Loss : 1.551, Group Delay Loss : 0.486, Phase Time Difference Loss : 0.717, STFT Consistency Loss : 0.088, Real Part Loss : 0.159, Imaginary Part Loss : 0.151, Mel Spectrogram Loss : 0.625, Mel Spectrogram L2 Loss : 0.851, Commit Loss : 4.938, s/b : 0.230
Steps : 4195, Gen Loss Total : 471.833, Amplitude Loss : 0.585, Instantaneous Phase Loss : 1.565, Group Delay Loss : 0.484, Phase Time Difference Loss : 0.720, STFT Consistency Loss : 0.065, Real Part Loss : 0.141, Imaginary Part Loss : 0.134, Mel Spectrogram Loss : 0.590, Mel Spectrogram L2 Loss : 0.788, Commit Loss : 5.452, s/b : 0.221
Steps : 4200, Gen Loss Total : 488.977, Amplitude Loss : 0.628, Instantaneous Phase Loss : 1.558, Group Delay Loss : 0.488, Phase Time Difference Loss : 0.723, STFT Consistency Loss : 0.063, Real Part Loss : 0.131, Imaginary Part Loss : 0.123, Mel Spectrogram Loss : 0.630, Mel Spectrogram L2 Loss : 0.866, Commit Loss : 6.438, s/b : 0.217
Steps : 4205, Gen Loss Total : 476.474, Amplitude Loss : 0.581, Instantaneous Phase Loss : 1.554, Group Delay Loss : 0.488, Phase Time Difference Loss : 0.722, STFT Consistency Loss : 0.159, Real Part Loss : 0.165, Imaginary Part Loss : 0.152, Mel Spectrogram Loss : 0.590, Mel Spectrogram L2 Loss : 0.760, Commit Loss : 5.561, s/b : 0.230
Steps : 4210, Gen Loss Total : 444.882, Amplitude Loss : 0.545, Instantaneous Phase Loss : 1.567, Group Delay Loss : 0.483, Phase Time Difference Loss : 0.715, STFT Consistency Loss : 0.077, Real Part Loss : 0.125, Imaginary Part Loss : 0.119, Mel Spectrogram Loss : 0.538, Mel Spectrogram L2 Loss : 0.654, Commit Loss : 4.851, s/b : 0.219
Steps : 4215, Gen Loss Total : 481.254, Amplitude Loss : 0.588, Instantaneous Phase Loss : 1.554, Group Delay Loss : 0.489, Phase Time Difference Loss : 0.723, STFT Consistency Loss : 0.111, Real Part Loss : 0.202, Imaginary Part Loss : 0.195, Mel Spectrogram Loss : 0.630, Mel Spectrogram L2 Loss : 0.836, Commit Loss : 4.871, s/b : 0.221
Steps : 4220, Gen Loss Total : 455.885, Amplitude Loss : 0.580, Instantaneous Phase Loss : 1.559, Group Delay Loss : 0.483, Phase Time Difference Loss : 0.717, STFT Consistency Loss : 0.093, Real Part Loss : 0.118, Imaginary Part Loss : 0.113, Mel Spectrogram Loss : 0.564, Mel Spectrogram L2 Loss : 0.716, Commit Loss : 5.233, s/b : 0.224
Steps : 4225, Gen Loss Total : 459.378, Amplitude Loss : 0.539, Instantaneous Phase Loss : 1.555, Group Delay Loss : 0.484, Phase Time Difference Loss : 0.715, STFT Consistency Loss : 0.096, Real Part Loss : 0.116, Imaginary Part Loss : 0.115, Mel Spectrogram Loss : 0.565, Mel Spectrogram L2 Loss : 0.693, Commit Loss : 5.969, s/b : 0.212
Steps : 4230, Gen Loss Total : 436.416, Amplitude Loss : 0.498, Instantaneous Phase Loss : 1.564, Group Delay Loss : 0.481, Phase Time Difference Loss : 0.713, STFT Consistency Loss : 0.042, Real Part Loss : 0.103, Imaginary Part Loss : 0.101, Mel Spectrogram Loss : 0.550, Mel Spectrogram L2 Loss : 0.665, Commit Loss : 4.554, s/b : 0.287
Steps : 4235, Gen Loss Total : 483.728, Amplitude Loss : 0.646, Instantaneous Phase Loss : 1.558, Group Delay Loss : 0.489, Phase Time Difference Loss : 0.725, STFT Consistency Loss : 0.091, Real Part Loss : 0.176, Imaginary Part Loss : 0.171, Mel Spectrogram Loss : 0.637, Mel Spectrogram L2 Loss : 0.900, Commit Loss : 5.136, s/b : 0.227
Steps : 4240, Gen Loss Total : 453.204, Amplitude Loss : 0.536, Instantaneous Phase Loss : 1.553, Group Delay Loss : 0.485, Phase Time Difference Loss : 0.718, STFT Consistency Loss : 0.148, Real Part Loss : 0.173, Imaginary Part Loss : 0.160, Mel Spectrogram Loss : 0.557, Mel Spectrogram L2 Loss : 0.691, Commit Loss : 4.476, s/b : 0.235
Steps : 4245, Gen Loss Total : 455.980, Amplitude Loss : 0.565, Instantaneous Phase Loss : 1.553, Group Delay Loss : 0.488, Phase Time Difference Loss : 0.721, STFT Consistency Loss : 0.135, Real Part Loss : 0.168, Imaginary Part Loss : 0.168, Mel Spectrogram Loss : 0.583, Mel Spectrogram L2 Loss : 0.743, Commit Loss : 4.545, s/b : 0.117
Time taken for epoch 34 is 27 sec

Epoch: 35
Steps : 4250, Gen Loss Total : 471.448, Amplitude Loss : 0.582, Instantaneous Phase Loss : 1.555, Group Delay Loss : 0.489, Phase Time Difference Loss : 0.724, STFT Consistency Loss : 0.173, Real Part Loss : 0.190, Imaginary Part Loss : 0.190, Mel Spectrogram Loss : 0.620, Mel Spectrogram L2 Loss : 0.839, Commit Loss : 4.900, s/b : 0.374
Steps : 4255, Gen Loss Total : 454.916, Amplitude Loss : 0.562, Instantaneous Phase Loss : 1.547, Group Delay Loss : 0.489, Phase Time Difference Loss : 0.718, STFT Consistency Loss : 0.106, Real Part Loss : 0.179, Imaginary Part Loss : 0.176, Mel Spectrogram Loss : 0.592, Mel Spectrogram L2 Loss : 0.756, Commit Loss : 4.338, s/b : 0.238
Steps : 4260, Gen Loss Total : 478.162, Amplitude Loss : 0.597, Instantaneous Phase Loss : 1.558, Group Delay Loss : 0.493, Phase Time Difference Loss : 0.726, STFT Consistency Loss : 0.108, Real Part Loss : 0.201, Imaginary Part Loss : 0.197, Mel Spectrogram Loss : 0.611, Mel Spectrogram L2 Loss : 0.798, Commit Loss : 5.083, s/b : 0.187
Steps : 4265, Gen Loss Total : 462.699, Amplitude Loss : 0.564, Instantaneous Phase Loss : 1.561, Group Delay Loss : 0.487, Phase Time Difference Loss : 0.721, STFT Consistency Loss : 0.056, Real Part Loss : 0.132, Imaginary Part Loss : 0.125, Mel Spectrogram Loss : 0.602, Mel Spectrogram L2 Loss : 0.806, Commit Loss : 5.016, s/b : 0.229
Steps : 4270, Gen Loss Total : 466.928, Amplitude Loss : 0.573, Instantaneous Phase Loss : 1.552, Group Delay Loss : 0.487, Phase Time Difference Loss : 0.718, STFT Consistency Loss : 0.028, Real Part Loss : 0.138, Imaginary Part Loss : 0.128, Mel Spectrogram Loss : 0.614, Mel Spectrogram L2 Loss : 0.823, Commit Loss : 5.227, s/b : 0.232
Steps : 4275, Gen Loss Total : 488.554, Amplitude Loss : 0.598, Instantaneous Phase Loss : 1.549, Group Delay Loss : 0.491, Phase Time Difference Loss : 0.721, STFT Consistency Loss : 0.083, Real Part Loss : 0.195, Imaginary Part Loss : 0.183, Mel Spectrogram Loss : 0.624, Mel Spectrogram L2 Loss : 0.824, Commit Loss : 5.040, s/b : 0.222
Steps : 4280, Gen Loss Total : 470.662, Amplitude Loss : 0.630, Instantaneous Phase Loss : 1.554, Group Delay Loss : 0.488, Phase Time Difference Loss : 0.721, STFT Consistency Loss : 0.135, Real Part Loss : 0.179, Imaginary Part Loss : 0.176, Mel Spectrogram Loss : 0.605, Mel Spectrogram L2 Loss : 0.796, Commit Loss : 4.579, s/b : 0.254
Steps : 4285, Gen Loss Total : 460.658, Amplitude Loss : 0.547, Instantaneous Phase Loss : 1.557, Group Delay Loss : 0.486, Phase Time Difference Loss : 0.718, STFT Consistency Loss : 0.156, Real Part Loss : 0.144, Imaginary Part Loss : 0.145, Mel Spectrogram Loss : 0.556, Mel Spectrogram L2 Loss : 0.663, Commit Loss : 5.834, s/b : 0.259
Steps : 4290, Gen Loss Total : 450.433, Amplitude Loss : 0.540, Instantaneous Phase Loss : 1.557, Group Delay Loss : 0.486, Phase Time Difference Loss : 0.717, STFT Consistency Loss : 0.091, Real Part Loss : 0.135, Imaginary Part Loss : 0.134, Mel Spectrogram Loss : 0.579, Mel Spectrogram L2 Loss : 0.746, Commit Loss : 4.602, s/b : 0.213
Steps : 4295, Gen Loss Total : 460.949, Amplitude Loss : 0.548, Instantaneous Phase Loss : 1.543, Group Delay Loss : 0.490, Phase Time Difference Loss : 0.722, STFT Consistency Loss : 0.077, Real Part Loss : 0.150, Imaginary Part Loss : 0.149, Mel Spectrogram Loss : 0.563, Mel Spectrogram L2 Loss : 0.688, Commit Loss : 5.489, s/b : 0.215
Steps : 4300, Gen Loss Total : 443.932, Amplitude Loss : 0.528, Instantaneous Phase Loss : 1.548, Group Delay Loss : 0.486, Phase Time Difference Loss : 0.718, STFT Consistency Loss : 0.104, Real Part Loss : 0.134, Imaginary Part Loss : 0.132, Mel Spectrogram Loss : 0.558, Mel Spectrogram L2 Loss : 0.692, Commit Loss : 4.591, s/b : 0.208
Steps : 4305, Gen Loss Total : 423.213, Amplitude Loss : 0.517, Instantaneous Phase Loss : 1.559, Group Delay Loss : 0.481, Phase Time Difference Loss : 0.712, STFT Consistency Loss : 0.067, Real Part Loss : 0.095, Imaginary Part Loss : 0.094, Mel Spectrogram Loss : 0.501, Mel Spectrogram L2 Loss : 0.588, Commit Loss : 4.009, s/b : 0.220
Steps : 4310, Gen Loss Total : 468.645, Amplitude Loss : 0.625, Instantaneous Phase Loss : 1.559, Group Delay Loss : 0.489, Phase Time Difference Loss : 0.722, STFT Consistency Loss : 0.095, Real Part Loss : 0.170, Imaginary Part Loss : 0.165, Mel Spectrogram Loss : 0.619, Mel Spectrogram L2 Loss : 0.849, Commit Loss : 4.637, s/b : 0.235
Steps : 4315, Gen Loss Total : 464.258, Amplitude Loss : 0.588, Instantaneous Phase Loss : 1.554, Group Delay Loss : 0.487, Phase Time Difference Loss : 0.720, STFT Consistency Loss : 0.186, Real Part Loss : 0.156, Imaginary Part Loss : 0.148, Mel Spectrogram Loss : 0.628, Mel Spectrogram L2 Loss : 0.847, Commit Loss : 4.647, s/b : 0.221
Steps : 4320, Gen Loss Total : 446.955, Amplitude Loss : 0.519, Instantaneous Phase Loss : 1.555, Group Delay Loss : 0.487, Phase Time Difference Loss : 0.721, STFT Consistency Loss : 0.036, Real Part Loss : 0.112, Imaginary Part Loss : 0.109, Mel Spectrogram Loss : 0.569, Mel Spectrogram L2 Loss : 0.704, Commit Loss : 5.063, s/b : 0.301
Steps : 4325, Gen Loss Total : 441.296, Amplitude Loss : 0.567, Instantaneous Phase Loss : 1.555, Group Delay Loss : 0.483, Phase Time Difference Loss : 0.713, STFT Consistency Loss : 0.049, Real Part Loss : 0.088, Imaginary Part Loss : 0.085, Mel Spectrogram Loss : 0.573, Mel Spectrogram L2 Loss : 0.739, Commit Loss : 4.649, s/b : 0.229
Steps : 4330, Gen Loss Total : 437.585, Amplitude Loss : 0.514, Instantaneous Phase Loss : 1.556, Group Delay Loss : 0.484, Phase Time Difference Loss : 0.714, STFT Consistency Loss : 0.046, Real Part Loss : 0.104, Imaginary Part Loss : 0.097, Mel Spectrogram Loss : 0.555, Mel Spectrogram L2 Loss : 0.686, Commit Loss : 4.253, s/b : 0.231
Steps : 4335, Gen Loss Total : 443.485, Amplitude Loss : 0.510, Instantaneous Phase Loss : 1.552, Group Delay Loss : 0.487, Phase Time Difference Loss : 0.718, STFT Consistency Loss : 0.121, Real Part Loss : 0.150, Imaginary Part Loss : 0.135, Mel Spectrogram Loss : 0.580, Mel Spectrogram L2 Loss : 0.722, Commit Loss : 4.176, s/b : 0.181
Steps : 4340, Gen Loss Total : 459.152, Amplitude Loss : 0.571, Instantaneous Phase Loss : 1.552, Group Delay Loss : 0.495, Phase Time Difference Loss : 0.727, STFT Consistency Loss : 0.147, Real Part Loss : 0.208, Imaginary Part Loss : 0.195, Mel Spectrogram Loss : 0.597, Mel Spectrogram L2 Loss : 0.764, Commit Loss : 4.125, s/b : 0.302
Steps : 4345, Gen Loss Total : 450.063, Amplitude Loss : 0.545, Instantaneous Phase Loss : 1.555, Group Delay Loss : 0.489, Phase Time Difference Loss : 0.720, STFT Consistency Loss : 0.086, Real Part Loss : 0.159, Imaginary Part Loss : 0.156, Mel Spectrogram Loss : 0.561, Mel Spectrogram L2 Loss : 0.704, Commit Loss : 4.467, s/b : 0.229
Steps : 4350, Gen Loss Total : 424.950, Amplitude Loss : 0.486, Instantaneous Phase Loss : 1.552, Group Delay Loss : 0.483, Phase Time Difference Loss : 0.712, STFT Consistency Loss : 0.063, Real Part Loss : 0.101, Imaginary Part Loss : 0.097, Mel Spectrogram Loss : 0.530, Mel Spectrogram L2 Loss : 0.625, Commit Loss : 3.961, s/b : 0.236
Steps : 4355, Gen Loss Total : 432.789, Amplitude Loss : 0.512, Instantaneous Phase Loss : 1.558, Group Delay Loss : 0.482, Phase Time Difference Loss : 0.713, STFT Consistency Loss : 0.045, Real Part Loss : 0.088, Imaginary Part Loss : 0.082, Mel Spectrogram Loss : 0.580, Mel Spectrogram L2 Loss : 0.718, Commit Loss : 4.323, s/b : 0.225
Steps : 4360, Gen Loss Total : 434.896, Amplitude Loss : 0.559, Instantaneous Phase Loss : 1.552, Group Delay Loss : 0.485, Phase Time Difference Loss : 0.714, STFT Consistency Loss : 0.041, Real Part Loss : 0.105, Imaginary Part Loss : 0.098, Mel Spectrogram Loss : 0.544, Mel Spectrogram L2 Loss : 0.684, Commit Loss : 4.463, s/b : 0.256
Steps : 4365, Gen Loss Total : 453.454, Amplitude Loss : 0.561, Instantaneous Phase Loss : 1.549, Group Delay Loss : 0.488, Phase Time Difference Loss : 0.720, STFT Consistency Loss : 0.060, Real Part Loss : 0.158, Imaginary Part Loss : 0.143, Mel Spectrogram Loss : 0.569, Mel Spectrogram L2 Loss : 0.720, Commit Loss : 4.587, s/b : 0.221
Steps : 4370, Gen Loss Total : 449.227, Amplitude Loss : 0.590, Instantaneous Phase Loss : 1.556, Group Delay Loss : 0.485, Phase Time Difference Loss : 0.715, STFT Consistency Loss : 0.066, Real Part Loss : 0.131, Imaginary Part Loss : 0.120, Mel Spectrogram Loss : 0.606, Mel Spectrogram L2 Loss : 0.785, Commit Loss : 4.365, s/b : 0.114
Time taken for epoch 35 is 28 sec

Epoch: 36
Steps : 4375, Gen Loss Total : 457.374, Amplitude Loss : 0.587, Instantaneous Phase Loss : 1.549, Group Delay Loss : 0.488, Phase Time Difference Loss : 0.719, STFT Consistency Loss : 0.102, Real Part Loss : 0.151, Imaginary Part Loss : 0.137, Mel Spectrogram Loss : 0.594, Mel Spectrogram L2 Loss : 0.793, Commit Loss : 4.629, s/b : 0.362
Steps : 4380, Gen Loss Total : 432.165, Amplitude Loss : 0.525, Instantaneous Phase Loss : 1.548, Group Delay Loss : 0.484, Phase Time Difference Loss : 0.712, STFT Consistency Loss : 0.066, Real Part Loss : 0.113, Imaginary Part Loss : 0.107, Mel Spectrogram Loss : 0.565, Mel Spectrogram L2 Loss : 0.714, Commit Loss : 3.815, s/b : 0.222
Steps : 4385, Gen Loss Total : 466.237, Amplitude Loss : 0.554, Instantaneous Phase Loss : 1.540, Group Delay Loss : 0.493, Phase Time Difference Loss : 0.723, STFT Consistency Loss : 0.168, Real Part Loss : 0.224, Imaginary Part Loss : 0.210, Mel Spectrogram Loss : 0.581, Mel Spectrogram L2 Loss : 0.736, Commit Loss : 4.915, s/b : 0.232
Steps : 4390, Gen Loss Total : 451.370, Amplitude Loss : 0.534, Instantaneous Phase Loss : 1.550, Group Delay Loss : 0.491, Phase Time Difference Loss : 0.723, STFT Consistency Loss : 0.062, Real Part Loss : 0.147, Imaginary Part Loss : 0.137, Mel Spectrogram Loss : 0.597, Mel Spectrogram L2 Loss : 0.754, Commit Loss : 4.741, s/b : 0.186
Steps : 4395, Gen Loss Total : 442.777, Amplitude Loss : 0.552, Instantaneous Phase Loss : 1.555, Group Delay Loss : 0.486, Phase Time Difference Loss : 0.716, STFT Consistency Loss : 0.046, Real Part Loss : 0.116, Imaginary Part Loss : 0.105, Mel Spectrogram Loss : 0.576, Mel Spectrogram L2 Loss : 0.730, Commit Loss : 4.320, s/b : 0.249
Steps : 4400, Gen Loss Total : 440.293, Amplitude Loss : 0.548, Instantaneous Phase Loss : 1.555, Group Delay Loss : 0.488, Phase Time Difference Loss : 0.719, STFT Consistency Loss : 0.069, Real Part Loss : 0.108, Imaginary Part Loss : 0.097, Mel Spectrogram Loss : 0.524, Mel Spectrogram L2 Loss : 0.649, Commit Loss : 4.662, s/b : 0.239
Steps : 4405, Gen Loss Total : 446.995, Amplitude Loss : 0.567, Instantaneous Phase Loss : 1.546, Group Delay Loss : 0.486, Phase Time Difference Loss : 0.713, STFT Consistency Loss : 0.137, Real Part Loss : 0.152, Imaginary Part Loss : 0.139, Mel Spectrogram Loss : 0.558, Mel Spectrogram L2 Loss : 0.702, Commit Loss : 4.616, s/b : 0.253
Steps : 4410, Gen Loss Total : 440.140, Amplitude Loss : 0.529, Instantaneous Phase Loss : 1.552, Group Delay Loss : 0.486, Phase Time Difference Loss : 0.716, STFT Consistency Loss : 0.086, Real Part Loss : 0.114, Imaginary Part Loss : 0.107, Mel Spectrogram Loss : 0.524, Mel Spectrogram L2 Loss : 0.625, Commit Loss : 5.071, s/b : 0.244
Steps : 4415, Gen Loss Total : 429.557, Amplitude Loss : 0.582, Instantaneous Phase Loss : 1.546, Group Delay Loss : 0.482, Phase Time Difference Loss : 0.710, STFT Consistency Loss : 0.060, Real Part Loss : 0.102, Imaginary Part Loss : 0.096, Mel Spectrogram Loss : 0.554, Mel Spectrogram L2 Loss : 0.674, Commit Loss : 4.062, s/b : 0.249
Steps : 4420, Gen Loss Total : 457.988, Amplitude Loss : 0.587, Instantaneous Phase Loss : 1.538, Group Delay Loss : 0.488, Phase Time Difference Loss : 0.717, STFT Consistency Loss : 0.108, Real Part Loss : 0.166, Imaginary Part Loss : 0.152, Mel Spectrogram Loss : 0.545, Mel Spectrogram L2 Loss : 0.661, Commit Loss : 5.279, s/b : 0.216
Steps : 4425, Gen Loss Total : 462.989, Amplitude Loss : 0.620, Instantaneous Phase Loss : 1.544, Group Delay Loss : 0.489, Phase Time Difference Loss : 0.718, STFT Consistency Loss : 0.185, Real Part Loss : 0.212, Imaginary Part Loss : 0.196, Mel Spectrogram Loss : 0.591, Mel Spectrogram L2 Loss : 0.750, Commit Loss : 4.541, s/b : 0.209
Steps : 4430, Gen Loss Total : 431.255, Amplitude Loss : 0.531, Instantaneous Phase Loss : 1.550, Group Delay Loss : 0.485, Phase Time Difference Loss : 0.713, STFT Consistency Loss : 0.067, Real Part Loss : 0.088, Imaginary Part Loss : 0.079, Mel Spectrogram Loss : 0.546, Mel Spectrogram L2 Loss : 0.683, Commit Loss : 4.342, s/b : 0.218
Steps : 4435, Gen Loss Total : 446.998, Amplitude Loss : 0.576, Instantaneous Phase Loss : 1.551, Group Delay Loss : 0.486, Phase Time Difference Loss : 0.715, STFT Consistency Loss : 0.086, Real Part Loss : 0.135, Imaginary Part Loss : 0.123, Mel Spectrogram Loss : 0.585, Mel Spectrogram L2 Loss : 0.750, Commit Loss : 4.219, s/b : 0.278
Steps : 4440, Gen Loss Total : 452.034, Amplitude Loss : 0.579, Instantaneous Phase Loss : 1.543, Group Delay Loss : 0.490, Phase Time Difference Loss : 0.719, STFT Consistency Loss : 0.176, Real Part Loss : 0.163, Imaginary Part Loss : 0.154, Mel Spectrogram Loss : 0.545, Mel Spectrogram L2 Loss : 0.677, Commit Loss : 4.847, s/b : 0.248
Steps : 4445, Gen Loss Total : 439.407, Amplitude Loss : 0.535, Instantaneous Phase Loss : 1.543, Group Delay Loss : 0.485, Phase Time Difference Loss : 0.712, STFT Consistency Loss : 0.067, Real Part Loss : 0.110, Imaginary Part Loss : 0.099, Mel Spectrogram Loss : 0.568, Mel Spectrogram L2 Loss : 0.706, Commit Loss : 4.501, s/b : 0.229
Steps : 4450, Gen Loss Total : 441.230, Amplitude Loss : 0.542, Instantaneous Phase Loss : 1.533, Group Delay Loss : 0.486, Phase Time Difference Loss : 0.713, STFT Consistency Loss : 0.080, Real Part Loss : 0.145, Imaginary Part Loss : 0.136, Mel Spectrogram Loss : 0.537, Mel Spectrogram L2 Loss : 0.655, Commit Loss : 4.605, s/b : 0.289
Steps : 4455, Gen Loss Total : 446.255, Amplitude Loss : 0.550, Instantaneous Phase Loss : 1.541, Group Delay Loss : 0.493, Phase Time Difference Loss : 0.723, STFT Consistency Loss : 0.049, Real Part Loss : 0.127, Imaginary Part Loss : 0.117, Mel Spectrogram Loss : 0.548, Mel Spectrogram L2 Loss : 0.712, Commit Loss : 4.604, s/b : 0.270
Steps : 4460, Gen Loss Total : 464.845, Amplitude Loss : 0.566, Instantaneous Phase Loss : 1.540, Group Delay Loss : 0.490, Phase Time Difference Loss : 0.719, STFT Consistency Loss : 0.120, Real Part Loss : 0.218, Imaginary Part Loss : 0.202, Mel Spectrogram Loss : 0.590, Mel Spectrogram L2 Loss : 0.743, Commit Loss : 4.417, s/b : 0.203
Steps : 4465, Gen Loss Total : 445.721, Amplitude Loss : 0.518, Instantaneous Phase Loss : 1.548, Group Delay Loss : 0.493, Phase Time Difference Loss : 0.724, STFT Consistency Loss : 0.052, Real Part Loss : 0.154, Imaginary Part Loss : 0.142, Mel Spectrogram Loss : 0.535, Mel Spectrogram L2 Loss : 0.634, Commit Loss : 4.530, s/b : 0.222
Steps : 4470, Gen Loss Total : 426.206, Amplitude Loss : 0.523, Instantaneous Phase Loss : 1.558, Group Delay Loss : 0.484, Phase Time Difference Loss : 0.712, STFT Consistency Loss : 0.043, Real Part Loss : 0.097, Imaginary Part Loss : 0.088, Mel Spectrogram Loss : 0.535, Mel Spectrogram L2 Loss : 0.643, Commit Loss : 3.969, s/b : 0.223
Steps : 4475, Gen Loss Total : 450.206, Amplitude Loss : 0.522, Instantaneous Phase Loss : 1.540, Group Delay Loss : 0.489, Phase Time Difference Loss : 0.715, STFT Consistency Loss : 0.080, Real Part Loss : 0.146, Imaginary Part Loss : 0.135, Mel Spectrogram Loss : 0.574, Mel Spectrogram L2 Loss : 0.704, Commit Loss : 4.481, s/b : 0.225
Steps : 4480, Gen Loss Total : 444.152, Amplitude Loss : 0.572, Instantaneous Phase Loss : 1.542, Group Delay Loss : 0.486, Phase Time Difference Loss : 0.716, STFT Consistency Loss : 0.142, Real Part Loss : 0.168, Imaginary Part Loss : 0.154, Mel Spectrogram Loss : 0.570, Mel Spectrogram L2 Loss : 0.712, Commit Loss : 4.153, s/b : 0.230
Steps : 4485, Gen Loss Total : 461.311, Amplitude Loss : 0.605, Instantaneous Phase Loss : 1.549, Group Delay Loss : 0.492, Phase Time Difference Loss : 0.723, STFT Consistency Loss : 0.073, Real Part Loss : 0.172, Imaginary Part Loss : 0.159, Mel Spectrogram Loss : 0.587, Mel Spectrogram L2 Loss : 0.778, Commit Loss : 4.741, s/b : 0.297
Steps : 4490, Gen Loss Total : 442.172, Amplitude Loss : 0.542, Instantaneous Phase Loss : 1.545, Group Delay Loss : 0.488, Phase Time Difference Loss : 0.716, STFT Consistency Loss : 0.070, Real Part Loss : 0.132, Imaginary Part Loss : 0.118, Mel Spectrogram Loss : 0.556, Mel Spectrogram L2 Loss : 0.699, Commit Loss : 4.286, s/b : 0.231
Steps : 4495, Gen Loss Total : 444.273, Amplitude Loss : 0.515, Instantaneous Phase Loss : 1.533, Group Delay Loss : 0.489, Phase Time Difference Loss : 0.715, STFT Consistency Loss : 0.095, Real Part Loss : 0.160, Imaginary Part Loss : 0.150, Mel Spectrogram Loss : 0.552, Mel Spectrogram L2 Loss : 0.661, Commit Loss : 4.473, s/b : 0.112
Time taken for epoch 36 is 28 sec

Epoch: 37
Steps : 4500, Gen Loss Total : 448.769, Amplitude Loss : 0.555, Instantaneous Phase Loss : 1.548, Group Delay Loss : 0.489, Phase Time Difference Loss : 0.720, STFT Consistency Loss : 0.087, Real Part Loss : 0.149, Imaginary Part Loss : 0.136, Mel Spectrogram Loss : 0.577, Mel Spectrogram L2 Loss : 0.738, Commit Loss : 4.334, s/b : 0.344
Steps : 4505, Gen Loss Total : 450.782, Amplitude Loss : 0.555, Instantaneous Phase Loss : 1.532, Group Delay Loss : 0.493, Phase Time Difference Loss : 0.718, STFT Consistency Loss : 0.118, Real Part Loss : 0.181, Imaginary Part Loss : 0.168, Mel Spectrogram Loss : 0.572, Mel Spectrogram L2 Loss : 0.705, Commit Loss : 4.514, s/b : 0.228
Steps : 4510, Gen Loss Total : 430.723, Amplitude Loss : 0.517, Instantaneous Phase Loss : 1.536, Group Delay Loss : 0.485, Phase Time Difference Loss : 0.712, STFT Consistency Loss : 0.064, Real Part Loss : 0.113, Imaginary Part Loss : 0.106, Mel Spectrogram Loss : 0.541, Mel Spectrogram L2 Loss : 0.673, Commit Loss : 4.083, s/b : 0.387
Steps : 4515, Gen Loss Total : 429.880, Amplitude Loss : 0.476, Instantaneous Phase Loss : 1.546, Group Delay Loss : 0.486, Phase Time Difference Loss : 0.714, STFT Consistency Loss : 0.080, Real Part Loss : 0.114, Imaginary Part Loss : 0.107, Mel Spectrogram Loss : 0.512, Mel Spectrogram L2 Loss : 0.574, Commit Loss : 4.631, s/b : 0.222
Steps : 4520, Gen Loss Total : 432.629, Amplitude Loss : 0.529, Instantaneous Phase Loss : 1.547, Group Delay Loss : 0.487, Phase Time Difference Loss : 0.714, STFT Consistency Loss : 0.108, Real Part Loss : 0.119, Imaginary Part Loss : 0.114, Mel Spectrogram Loss : 0.543, Mel Spectrogram L2 Loss : 0.692, Commit Loss : 4.120, s/b : 0.219
Steps : 4525, Gen Loss Total : 447.812, Amplitude Loss : 0.530, Instantaneous Phase Loss : 1.529, Group Delay Loss : 0.489, Phase Time Difference Loss : 0.713, STFT Consistency Loss : 0.071, Real Part Loss : 0.132, Imaginary Part Loss : 0.117, Mel Spectrogram Loss : 0.556, Mel Spectrogram L2 Loss : 0.682, Commit Loss : 4.937, s/b : 0.220
Steps : 4530, Gen Loss Total : 435.620, Amplitude Loss : 0.527, Instantaneous Phase Loss : 1.536, Group Delay Loss : 0.486, Phase Time Difference Loss : 0.714, STFT Consistency Loss : 0.074, Real Part Loss : 0.125, Imaginary Part Loss : 0.114, Mel Spectrogram Loss : 0.529, Mel Spectrogram L2 Loss : 0.644, Commit Loss : 4.519, s/b : 0.229
Steps : 4535, Gen Loss Total : 445.967, Amplitude Loss : 0.564, Instantaneous Phase Loss : 1.529, Group Delay Loss : 0.484, Phase Time Difference Loss : 0.708, STFT Consistency Loss : 0.087, Real Part Loss : 0.124, Imaginary Part Loss : 0.115, Mel Spectrogram Loss : 0.579, Mel Spectrogram L2 Loss : 0.731, Commit Loss : 4.967, s/b : 0.228
Steps : 4540, Gen Loss Total : 439.755, Amplitude Loss : 0.516, Instantaneous Phase Loss : 1.535, Group Delay Loss : 0.484, Phase Time Difference Loss : 0.708, STFT Consistency Loss : 0.059, Real Part Loss : 0.116, Imaginary Part Loss : 0.108, Mel Spectrogram Loss : 0.558, Mel Spectrogram L2 Loss : 0.677, Commit Loss : 4.965, s/b : 0.220
Steps : 4545, Gen Loss Total : 445.231, Amplitude Loss : 0.537, Instantaneous Phase Loss : 1.533, Group Delay Loss : 0.487, Phase Time Difference Loss : 0.714, STFT Consistency Loss : 0.085, Real Part Loss : 0.144, Imaginary Part Loss : 0.129, Mel Spectrogram Loss : 0.559, Mel Spectrogram L2 Loss : 0.678, Commit Loss : 4.953, s/b : 0.209
Steps : 4550, Gen Loss Total : 421.483, Amplitude Loss : 0.466, Instantaneous Phase Loss : 1.525, Group Delay Loss : 0.481, Phase Time Difference Loss : 0.704, STFT Consistency Loss : 0.057, Real Part Loss : 0.098, Imaginary Part Loss : 0.091, Mel Spectrogram Loss : 0.507, Mel Spectrogram L2 Loss : 0.565, Commit Loss : 4.563, s/b : 0.281
Steps : 4555, Gen Loss Total : 448.931, Amplitude Loss : 0.527, Instantaneous Phase Loss : 1.534, Group Delay Loss : 0.489, Phase Time Difference Loss : 0.717, STFT Consistency Loss : 0.185, Real Part Loss : 0.170, Imaginary Part Loss : 0.160, Mel Spectrogram Loss : 0.547, Mel Spectrogram L2 Loss : 0.679, Commit Loss : 4.873, s/b : 0.264
Steps : 4560, Gen Loss Total : 443.335, Amplitude Loss : 0.501, Instantaneous Phase Loss : 1.537, Group Delay Loss : 0.483, Phase Time Difference Loss : 0.710, STFT Consistency Loss : 0.106, Real Part Loss : 0.143, Imaginary Part Loss : 0.136, Mel Spectrogram Loss : 0.556, Mel Spectrogram L2 Loss : 0.678, Commit Loss : 4.972, s/b : 0.240
Steps : 4565, Gen Loss Total : 450.962, Amplitude Loss : 0.546, Instantaneous Phase Loss : 1.529, Group Delay Loss : 0.485, Phase Time Difference Loss : 0.712, STFT Consistency Loss : 0.085, Real Part Loss : 0.155, Imaginary Part Loss : 0.147, Mel Spectrogram Loss : 0.561, Mel Spectrogram L2 Loss : 0.680, Commit Loss : 5.300, s/b : 0.237
Steps : 4570, Gen Loss Total : 442.700, Amplitude Loss : 0.558, Instantaneous Phase Loss : 1.530, Group Delay Loss : 0.484, Phase Time Difference Loss : 0.706, STFT Consistency Loss : 0.109, Real Part Loss : 0.123, Imaginary Part Loss : 0.110, Mel Spectrogram Loss : 0.539, Mel Spectrogram L2 Loss : 0.659, Commit Loss : 5.057, s/b : 0.249
Steps : 4575, Gen Loss Total : 437.430, Amplitude Loss : 0.557, Instantaneous Phase Loss : 1.532, Group Delay Loss : 0.482, Phase Time Difference Loss : 0.707, STFT Consistency Loss : 0.065, Real Part Loss : 0.119, Imaginary Part Loss : 0.113, Mel Spectrogram Loss : 0.524, Mel Spectrogram L2 Loss : 0.646, Commit Loss : 4.931, s/b : 0.221
Steps : 4580, Gen Loss Total : 433.472, Amplitude Loss : 0.493, Instantaneous Phase Loss : 1.539, Group Delay Loss : 0.482, Phase Time Difference Loss : 0.708, STFT Consistency Loss : 0.071, Real Part Loss : 0.101, Imaginary Part Loss : 0.097, Mel Spectrogram Loss : 0.522, Mel Spectrogram L2 Loss : 0.619, Commit Loss : 4.874, s/b : 0.220
Steps : 4585, Gen Loss Total : 458.611, Amplitude Loss : 0.547, Instantaneous Phase Loss : 1.523, Group Delay Loss : 0.489, Phase Time Difference Loss : 0.713, STFT Consistency Loss : 0.154, Real Part Loss : 0.209, Imaginary Part Loss : 0.197, Mel Spectrogram Loss : 0.554, Mel Spectrogram L2 Loss : 0.655, Commit Loss : 5.289, s/b : 0.216
Steps : 4590, Gen Loss Total : 451.186, Amplitude Loss : 0.603, Instantaneous Phase Loss : 1.522, Group Delay Loss : 0.487, Phase Time Difference Loss : 0.709, STFT Consistency Loss : 0.067, Real Part Loss : 0.125, Imaginary Part Loss : 0.114, Mel Spectrogram Loss : 0.540, Mel Spectrogram L2 Loss : 0.681, Commit Loss : 5.516, s/b : 0.284
Steps : 4595, Gen Loss Total : 447.800, Amplitude Loss : 0.571, Instantaneous Phase Loss : 1.542, Group Delay Loss : 0.486, Phase Time Difference Loss : 0.713, STFT Consistency Loss : 0.055, Real Part Loss : 0.120, Imaginary Part Loss : 0.114, Mel Spectrogram Loss : 0.529, Mel Spectrogram L2 Loss : 0.674, Commit Loss : 5.302, s/b : 0.223
Steps : 4600, Gen Loss Total : 440.145, Amplitude Loss : 0.494, Instantaneous Phase Loss : 1.540, Group Delay Loss : 0.486, Phase Time Difference Loss : 0.712, STFT Consistency Loss : 0.051, Real Part Loss : 0.120, Imaginary Part Loss : 0.111, Mel Spectrogram Loss : 0.510, Mel Spectrogram L2 Loss : 0.581, Commit Loss : 5.075, s/b : 0.209
Steps : 4605, Gen Loss Total : 414.466, Amplitude Loss : 0.459, Instantaneous Phase Loss : 1.538, Group Delay Loss : 0.479, Phase Time Difference Loss : 0.702, STFT Consistency Loss : 0.065, Real Part Loss : 0.081, Imaginary Part Loss : 0.076, Mel Spectrogram Loss : 0.483, Mel Spectrogram L2 Loss : 0.536, Commit Loss : 4.362, s/b : 0.221
Steps : 4610, Gen Loss Total : 412.281, Amplitude Loss : 0.505, Instantaneous Phase Loss : 1.551, Group Delay Loss : 0.482, Phase Time Difference Loss : 0.706, STFT Consistency Loss : 0.028, Real Part Loss : 0.080, Imaginary Part Loss : 0.074, Mel Spectrogram Loss : 0.456, Mel Spectrogram L2 Loss : 0.513, Commit Loss : 3.995, s/b : 0.227
Steps : 4615, Gen Loss Total : 430.036, Amplitude Loss : 0.510, Instantaneous Phase Loss : 1.526, Group Delay Loss : 0.484, Phase Time Difference Loss : 0.707, STFT Consistency Loss : 0.064, Real Part Loss : 0.106, Imaginary Part Loss : 0.100, Mel Spectrogram Loss : 0.513, Mel Spectrogram L2 Loss : 0.616, Commit Loss : 4.804, s/b : 0.233
Steps : 4620, Gen Loss Total : 441.382, Amplitude Loss : 0.481, Instantaneous Phase Loss : 1.532, Group Delay Loss : 0.485, Phase Time Difference Loss : 0.709, STFT Consistency Loss : 0.107, Real Part Loss : 0.154, Imaginary Part Loss : 0.145, Mel Spectrogram Loss : 0.523, Mel Spectrogram L2 Loss : 0.588, Commit Loss : 5.242, s/b : 0.117
Time taken for epoch 37 is 28 sec

Epoch: 38
Steps : 4625, Gen Loss Total : 455.385, Amplitude Loss : 0.569, Instantaneous Phase Loss : 1.541, Group Delay Loss : 0.486, Phase Time Difference Loss : 0.716, STFT Consistency Loss : 0.080, Real Part Loss : 0.158, Imaginary Part Loss : 0.149, Mel Spectrogram Loss : 0.601, Mel Spectrogram L2 Loss : 0.783, Commit Loss : 4.780, s/b : 0.367
Steps : 4630, Gen Loss Total : 449.547, Amplitude Loss : 0.542, Instantaneous Phase Loss : 1.530, Group Delay Loss : 0.487, Phase Time Difference Loss : 0.709, STFT Consistency Loss : 0.060, Real Part Loss : 0.114, Imaginary Part Loss : 0.105, Mel Spectrogram Loss : 0.550, Mel Spectrogram L2 Loss : 0.668, Commit Loss : 5.717, s/b : 0.223
Steps : 4635, Gen Loss Total : 458.225, Amplitude Loss : 0.560, Instantaneous Phase Loss : 1.527, Group Delay Loss : 0.487, Phase Time Difference Loss : 0.713, STFT Consistency Loss : 0.170, Real Part Loss : 0.160, Imaginary Part Loss : 0.153, Mel Spectrogram Loss : 0.564, Mel Spectrogram L2 Loss : 0.721, Commit Loss : 5.704, s/b : 0.227
Steps : 4640, Gen Loss Total : 451.353, Amplitude Loss : 0.538, Instantaneous Phase Loss : 1.529, Group Delay Loss : 0.486, Phase Time Difference Loss : 0.714, STFT Consistency Loss : 0.095, Real Part Loss : 0.123, Imaginary Part Loss : 0.115, Mel Spectrogram Loss : 0.561, Mel Spectrogram L2 Loss : 0.693, Commit Loss : 5.718, s/b : 0.243
Steps : 4645, Gen Loss Total : 439.628, Amplitude Loss : 0.576, Instantaneous Phase Loss : 1.534, Group Delay Loss : 0.485, Phase Time Difference Loss : 0.711, STFT Consistency Loss : 0.050, Real Part Loss : 0.097, Imaginary Part Loss : 0.088, Mel Spectrogram Loss : 0.535, Mel Spectrogram L2 Loss : 0.650, Commit Loss : 5.172, s/b : 0.216
Steps : 4650, Gen Loss Total : 463.670, Amplitude Loss : 0.567, Instantaneous Phase Loss : 1.518, Group Delay Loss : 0.486, Phase Time Difference Loss : 0.709, STFT Consistency Loss : 0.114, Real Part Loss : 0.137, Imaginary Part Loss : 0.126, Mel Spectrogram Loss : 0.554, Mel Spectrogram L2 Loss : 0.683, Commit Loss : 6.613, s/b : 0.247
Steps : 4655, Gen Loss Total : 448.984, Amplitude Loss : 0.580, Instantaneous Phase Loss : 1.525, Group Delay Loss : 0.485, Phase Time Difference Loss : 0.707, STFT Consistency Loss : 0.097, Real Part Loss : 0.124, Imaginary Part Loss : 0.120, Mel Spectrogram Loss : 0.496, Mel Spectrogram L2 Loss : 0.590, Commit Loss : 6.134, s/b : 0.214
Steps : 4660, Gen Loss Total : 461.172, Amplitude Loss : 0.559, Instantaneous Phase Loss : 1.529, Group Delay Loss : 0.485, Phase Time Difference Loss : 0.710, STFT Consistency Loss : 0.125, Real Part Loss : 0.162, Imaginary Part Loss : 0.148, Mel Spectrogram Loss : 0.565, Mel Spectrogram L2 Loss : 0.696, Commit Loss : 5.920, s/b : 0.281
Steps : 4665, Gen Loss Total : 447.924, Amplitude Loss : 0.501, Instantaneous Phase Loss : 1.549, Group Delay Loss : 0.488, Phase Time Difference Loss : 0.709, STFT Consistency Loss : 0.063, Real Part Loss : 0.094, Imaginary Part Loss : 0.088, Mel Spectrogram Loss : 0.529, Mel Spectrogram L2 Loss : 0.624, Commit Loss : 6.141, s/b : 0.215
Steps : 4670, Gen Loss Total : 454.654, Amplitude Loss : 0.520, Instantaneous Phase Loss : 1.537, Group Delay Loss : 0.488, Phase Time Difference Loss : 0.712, STFT Consistency Loss : 0.084, Real Part Loss : 0.153, Imaginary Part Loss : 0.147, Mel Spectrogram Loss : 0.547, Mel Spectrogram L2 Loss : 0.645, Commit Loss : 5.842, s/b : 0.267
Steps : 4675, Gen Loss Total : 459.975, Amplitude Loss : 0.553, Instantaneous Phase Loss : 1.533, Group Delay Loss : 0.486, Phase Time Difference Loss : 0.709, STFT Consistency Loss : 0.154, Real Part Loss : 0.143, Imaginary Part Loss : 0.136, Mel Spectrogram Loss : 0.565, Mel Spectrogram L2 Loss : 0.700, Commit Loss : 6.062, s/b : 0.227
Steps : 4680, Gen Loss Total : 422.121, Amplitude Loss : 0.471, Instantaneous Phase Loss : 1.542, Group Delay Loss : 0.481, Phase Time Difference Loss : 0.703, STFT Consistency Loss : 0.032, Real Part Loss : 0.065, Imaginary Part Loss : 0.062, Mel Spectrogram Loss : 0.473, Mel Spectrogram L2 Loss : 0.520, Commit Loss : 5.260, s/b : 0.305
Steps : 4685, Gen Loss Total : 462.526, Amplitude Loss : 0.586, Instantaneous Phase Loss : 1.536, Group Delay Loss : 0.493, Phase Time Difference Loss : 0.720, STFT Consistency Loss : 0.101, Real Part Loss : 0.137, Imaginary Part Loss : 0.126, Mel Spectrogram Loss : 0.512, Mel Spectrogram L2 Loss : 0.584, Commit Loss : 6.762, s/b : 0.230
Steps : 4690, Gen Loss Total : 464.758, Amplitude Loss : 0.537, Instantaneous Phase Loss : 1.528, Group Delay Loss : 0.487, Phase Time Difference Loss : 0.713, STFT Consistency Loss : 0.126, Real Part Loss : 0.166, Imaginary Part Loss : 0.159, Mel Spectrogram Loss : 0.570, Mel Spectrogram L2 Loss : 0.698, Commit Loss : 6.171, s/b : 0.215
Steps : 4695, Gen Loss Total : 444.597, Amplitude Loss : 0.504, Instantaneous Phase Loss : 1.529, Group Delay Loss : 0.486, Phase Time Difference Loss : 0.711, STFT Consistency Loss : 0.070, Real Part Loss : 0.122, Imaginary Part Loss : 0.109, Mel Spectrogram Loss : 0.535, Mel Spectrogram L2 Loss : 0.634, Commit Loss : 5.660, s/b : 0.228
Steps : 4700, Gen Loss Total : 447.759, Amplitude Loss : 0.579, Instantaneous Phase Loss : 1.534, Group Delay Loss : 0.486, Phase Time Difference Loss : 0.708, STFT Consistency Loss : 0.141, Real Part Loss : 0.143, Imaginary Part Loss : 0.134, Mel Spectrogram Loss : 0.532, Mel Spectrogram L2 Loss : 0.647, Commit Loss : 5.441, s/b : 0.222
Steps : 4705, Gen Loss Total : 436.368, Amplitude Loss : 0.498, Instantaneous Phase Loss : 1.537, Group Delay Loss : 0.483, Phase Time Difference Loss : 0.707, STFT Consistency Loss : 0.041, Real Part Loss : 0.081, Imaginary Part Loss : 0.073, Mel Spectrogram Loss : 0.510, Mel Spectrogram L2 Loss : 0.601, Commit Loss : 5.648, s/b : 0.306
Steps : 4710, Gen Loss Total : 439.607, Amplitude Loss : 0.519, Instantaneous Phase Loss : 1.529, Group Delay Loss : 0.484, Phase Time Difference Loss : 0.707, STFT Consistency Loss : 0.124, Real Part Loss : 0.150, Imaginary Part Loss : 0.136, Mel Spectrogram Loss : 0.522, Mel Spectrogram L2 Loss : 0.616, Commit Loss : 5.106, s/b : 0.213
Steps : 4715, Gen Loss Total : 455.240, Amplitude Loss : 0.518, Instantaneous Phase Loss : 1.517, Group Delay Loss : 0.490, Phase Time Difference Loss : 0.717, STFT Consistency Loss : 0.102, Real Part Loss : 0.170, Imaginary Part Loss : 0.159, Mel Spectrogram Loss : 0.546, Mel Spectrogram L2 Loss : 0.641, Commit Loss : 5.867, s/b : 0.212
Steps : 4720, Gen Loss Total : 450.356, Amplitude Loss : 0.541, Instantaneous Phase Loss : 1.541, Group Delay Loss : 0.483, Phase Time Difference Loss : 0.710, STFT Consistency Loss : 0.038, Real Part Loss : 0.114, Imaginary Part Loss : 0.110, Mel Spectrogram Loss : 0.543, Mel Spectrogram L2 Loss : 0.663, Commit Loss : 5.877, s/b : 0.229
Steps : 4725, Gen Loss Total : 434.686, Amplitude Loss : 0.468, Instantaneous Phase Loss : 1.534, Group Delay Loss : 0.481, Phase Time Difference Loss : 0.703, STFT Consistency Loss : 0.045, Real Part Loss : 0.086, Imaginary Part Loss : 0.081, Mel Spectrogram Loss : 0.521, Mel Spectrogram L2 Loss : 0.591, Commit Loss : 5.730, s/b : 0.194
Steps : 4730, Gen Loss Total : 434.783, Amplitude Loss : 0.479, Instantaneous Phase Loss : 1.534, Group Delay Loss : 0.481, Phase Time Difference Loss : 0.705, STFT Consistency Loss : 0.042, Real Part Loss : 0.083, Imaginary Part Loss : 0.077, Mel Spectrogram Loss : 0.540, Mel Spectrogram L2 Loss : 0.640, Commit Loss : 5.355, s/b : 0.211
Steps : 4735, Gen Loss Total : 449.937, Amplitude Loss : 0.523, Instantaneous Phase Loss : 1.524, Group Delay Loss : 0.483, Phase Time Difference Loss : 0.709, STFT Consistency Loss : 0.056, Real Part Loss : 0.118, Imaginary Part Loss : 0.110, Mel Spectrogram Loss : 0.531, Mel Spectrogram L2 Loss : 0.638, Commit Loss : 6.081, s/b : 0.232
Steps : 4740, Gen Loss Total : 455.452, Amplitude Loss : 0.496, Instantaneous Phase Loss : 1.528, Group Delay Loss : 0.486, Phase Time Difference Loss : 0.710, STFT Consistency Loss : 0.099, Real Part Loss : 0.134, Imaginary Part Loss : 0.126, Mel Spectrogram Loss : 0.500, Mel Spectrogram L2 Loss : 0.591, Commit Loss : 6.782, s/b : 0.285
Steps : 4745, Gen Loss Total : 430.113, Amplitude Loss : 0.461, Instantaneous Phase Loss : 1.528, Group Delay Loss : 0.479, Phase Time Difference Loss : 0.698, STFT Consistency Loss : 0.056, Real Part Loss : 0.092, Imaginary Part Loss : 0.085, Mel Spectrogram Loss : 0.485, Mel Spectrogram L2 Loss : 0.531, Commit Loss : 5.739, s/b : 0.113
Time taken for epoch 38 is 28 sec

Epoch: 39
Steps : 4750, Gen Loss Total : 473.330, Amplitude Loss : 0.553, Instantaneous Phase Loss : 1.533, Group Delay Loss : 0.490, Phase Time Difference Loss : 0.715, STFT Consistency Loss : 0.115, Real Part Loss : 0.162, Imaginary Part Loss : 0.155, Mel Spectrogram Loss : 0.571, Mel Spectrogram L2 Loss : 0.716, Commit Loss : 6.674, s/b : 0.368
Steps : 4755, Gen Loss Total : 426.160, Amplitude Loss : 0.484, Instantaneous Phase Loss : 1.527, Group Delay Loss : 0.480, Phase Time Difference Loss : 0.700, STFT Consistency Loss : 0.050, Real Part Loss : 0.073, Imaginary Part Loss : 0.066, Mel Spectrogram Loss : 0.499, Mel Spectrogram L2 Loss : 0.553, Commit Loss : 5.479, s/b : 0.227
Steps : 4760, Gen Loss Total : 441.383, Amplitude Loss : 0.540, Instantaneous Phase Loss : 1.530, Group Delay Loss : 0.486, Phase Time Difference Loss : 0.710, STFT Consistency Loss : 0.051, Real Part Loss : 0.105, Imaginary Part Loss : 0.098, Mel Spectrogram Loss : 0.506, Mel Spectrogram L2 Loss : 0.599, Commit Loss : 5.655, s/b : 0.221
Steps : 4765, Gen Loss Total : 438.622, Amplitude Loss : 0.505, Instantaneous Phase Loss : 1.536, Group Delay Loss : 0.480, Phase Time Difference Loss : 0.706, STFT Consistency Loss : 0.038, Real Part Loss : 0.090, Imaginary Part Loss : 0.083, Mel Spectrogram Loss : 0.541, Mel Spectrogram L2 Loss : 0.656, Commit Loss : 5.424, s/b : 0.267
Steps : 4770, Gen Loss Total : 457.851, Amplitude Loss : 0.574, Instantaneous Phase Loss : 1.530, Group Delay Loss : 0.481, Phase Time Difference Loss : 0.706, STFT Consistency Loss : 0.091, Real Part Loss : 0.140, Imaginary Part Loss : 0.133, Mel Spectrogram Loss : 0.564, Mel Spectrogram L2 Loss : 0.725, Commit Loss : 5.826, s/b : 0.230
Steps : 4775, Gen Loss Total : 463.724, Amplitude Loss : 0.534, Instantaneous Phase Loss : 1.512, Group Delay Loss : 0.484, Phase Time Difference Loss : 0.703, STFT Consistency Loss : 0.130, Real Part Loss : 0.158, Imaginary Part Loss : 0.142, Mel Spectrogram Loss : 0.571, Mel Spectrogram L2 Loss : 0.709, Commit Loss : 6.490, s/b : 0.212
Steps : 4780, Gen Loss Total : 459.362, Amplitude Loss : 0.497, Instantaneous Phase Loss : 1.521, Group Delay Loss : 0.488, Phase Time Difference Loss : 0.713, STFT Consistency Loss : 0.140, Real Part Loss : 0.173, Imaginary Part Loss : 0.160, Mel Spectrogram Loss : 0.531, Mel Spectrogram L2 Loss : 0.605, Commit Loss : 6.516, s/b : 0.228
Steps : 4785, Gen Loss Total : 439.844, Amplitude Loss : 0.466, Instantaneous Phase Loss : 1.536, Group Delay Loss : 0.481, Phase Time Difference Loss : 0.704, STFT Consistency Loss : 0.053, Real Part Loss : 0.097, Imaginary Part Loss : 0.090, Mel Spectrogram Loss : 0.496, Mel Spectrogram L2 Loss : 0.553, Commit Loss : 6.087, s/b : 0.180
Steps : 4790, Gen Loss Total : 455.904, Amplitude Loss : 0.483, Instantaneous Phase Loss : 1.535, Group Delay Loss : 0.486, Phase Time Difference Loss : 0.712, STFT Consistency Loss : 0.108, Real Part Loss : 0.154, Imaginary Part Loss : 0.145, Mel Spectrogram Loss : 0.501, Mel Spectrogram L2 Loss : 0.554, Commit Loss : 6.612, s/b : 0.211
Steps : 4795, Gen Loss Total : 446.006, Amplitude Loss : 0.484, Instantaneous Phase Loss : 1.527, Group Delay Loss : 0.484, Phase Time Difference Loss : 0.705, STFT Consistency Loss : 0.095, Real Part Loss : 0.120, Imaginary Part Loss : 0.113, Mel Spectrogram Loss : 0.489, Mel Spectrogram L2 Loss : 0.534, Commit Loss : 6.479, s/b : 0.212
Steps : 4800, Gen Loss Total : 442.863, Amplitude Loss : 0.505, Instantaneous Phase Loss : 1.524, Group Delay Loss : 0.487, Phase Time Difference Loss : 0.710, STFT Consistency Loss : 0.080, Real Part Loss : 0.120, Imaginary Part Loss : 0.113, Mel Spectrogram Loss : 0.516, Mel Spectrogram L2 Loss : 0.578, Commit Loss : 5.848, s/b : 0.237
Steps : 4805, Gen Loss Total : 439.887, Amplitude Loss : 0.512, Instantaneous Phase Loss : 1.541, Group Delay Loss : 0.481, Phase Time Difference Loss : 0.702, STFT Consistency Loss : 0.074, Real Part Loss : 0.112, Imaginary Part Loss : 0.102, Mel Spectrogram Loss : 0.511, Mel Spectrogram L2 Loss : 0.606, Commit Loss : 5.520, s/b : 0.229
Steps : 4810, Gen Loss Total : 455.714, Amplitude Loss : 0.512, Instantaneous Phase Loss : 1.528, Group Delay Loss : 0.491, Phase Time Difference Loss : 0.720, STFT Consistency Loss : 0.111, Real Part Loss : 0.152, Imaginary Part Loss : 0.145, Mel Spectrogram Loss : 0.543, Mel Spectrogram L2 Loss : 0.652, Commit Loss : 5.953, s/b : 0.223
Steps : 4815, Gen Loss Total : 465.340, Amplitude Loss : 0.563, Instantaneous Phase Loss : 1.519, Group Delay Loss : 0.484, Phase Time Difference Loss : 0.705, STFT Consistency Loss : 0.062, Real Part Loss : 0.110, Imaginary Part Loss : 0.104, Mel Spectrogram Loss : 0.567, Mel Spectrogram L2 Loss : 0.720, Commit Loss : 6.960, s/b : 0.251
Steps : 4820, Gen Loss Total : 451.348, Amplitude Loss : 0.573, Instantaneous Phase Loss : 1.515, Group Delay Loss : 0.482, Phase Time Difference Loss : 0.700, STFT Consistency Loss : 0.073, Real Part Loss : 0.108, Imaginary Part Loss : 0.102, Mel Spectrogram Loss : 0.528, Mel Spectrogram L2 Loss : 0.626, Commit Loss : 6.400, s/b : 0.223
Steps : 4825, Gen Loss Total : 445.662, Amplitude Loss : 0.595, Instantaneous Phase Loss : 1.534, Group Delay Loss : 0.482, Phase Time Difference Loss : 0.702, STFT Consistency Loss : 0.039, Real Part Loss : 0.083, Imaginary Part Loss : 0.078, Mel Spectrogram Loss : 0.543, Mel Spectrogram L2 Loss : 0.651, Commit Loss : 5.846, s/b : 0.257
Steps : 4830, Gen Loss Total : 460.066, Amplitude Loss : 0.529, Instantaneous Phase Loss : 1.516, Group Delay Loss : 0.485, Phase Time Difference Loss : 0.710, STFT Consistency Loss : 0.092, Real Part Loss : 0.143, Imaginary Part Loss : 0.130, Mel Spectrogram Loss : 0.526, Mel Spectrogram L2 Loss : 0.636, Commit Loss : 6.567, s/b : 0.263
Steps : 4835, Gen Loss Total : 448.270, Amplitude Loss : 0.478, Instantaneous Phase Loss : 1.525, Group Delay Loss : 0.488, Phase Time Difference Loss : 0.709, STFT Consistency Loss : 0.089, Real Part Loss : 0.134, Imaginary Part Loss : 0.120, Mel Spectrogram Loss : 0.509, Mel Spectrogram L2 Loss : 0.567, Commit Loss : 6.303, s/b : 0.223
Steps : 4840, Gen Loss Total : 470.549, Amplitude Loss : 0.551, Instantaneous Phase Loss : 1.512, Group Delay Loss : 0.487, Phase Time Difference Loss : 0.710, STFT Consistency Loss : 0.087, Real Part Loss : 0.164, Imaginary Part Loss : 0.155, Mel Spectrogram Loss : 0.567, Mel Spectrogram L2 Loss : 0.697, Commit Loss : 6.798, s/b : 0.209
Steps : 4845, Gen Loss Total : 428.709, Amplitude Loss : 0.479, Instantaneous Phase Loss : 1.537, Group Delay Loss : 0.485, Phase Time Difference Loss : 0.710, STFT Consistency Loss : 0.060, Real Part Loss : 0.097, Imaginary Part Loss : 0.091, Mel Spectrogram Loss : 0.475, Mel Spectrogram L2 Loss : 0.537, Commit Loss : 5.234, s/b : 0.213
Steps : 4850, Gen Loss Total : 438.030, Amplitude Loss : 0.465, Instantaneous Phase Loss : 1.534, Group Delay Loss : 0.482, Phase Time Difference Loss : 0.702, STFT Consistency Loss : 0.052, Real Part Loss : 0.101, Imaginary Part Loss : 0.096, Mel Spectrogram Loss : 0.515, Mel Spectrogram L2 Loss : 0.592, Commit Loss : 5.590, s/b : 0.214
Steps : 4855, Gen Loss Total : 439.789, Amplitude Loss : 0.498, Instantaneous Phase Loss : 1.522, Group Delay Loss : 0.478, Phase Time Difference Loss : 0.699, STFT Consistency Loss : 0.050, Real Part Loss : 0.110, Imaginary Part Loss : 0.106, Mel Spectrogram Loss : 0.533, Mel Spectrogram L2 Loss : 0.621, Commit Loss : 5.669, s/b : 0.234
Steps : 4860, Gen Loss Total : 444.988, Amplitude Loss : 0.508, Instantaneous Phase Loss : 1.529, Group Delay Loss : 0.485, Phase Time Difference Loss : 0.708, STFT Consistency Loss : 0.121, Real Part Loss : 0.116, Imaginary Part Loss : 0.108, Mel Spectrogram Loss : 0.494, Mel Spectrogram L2 Loss : 0.575, Commit Loss : 6.025, s/b : 0.236
Steps : 4865, Gen Loss Total : 443.262, Amplitude Loss : 0.506, Instantaneous Phase Loss : 1.532, Group Delay Loss : 0.483, Phase Time Difference Loss : 0.705, STFT Consistency Loss : 0.119, Real Part Loss : 0.136, Imaginary Part Loss : 0.124, Mel Spectrogram Loss : 0.516, Mel Spectrogram L2 Loss : 0.595, Commit Loss : 5.691, s/b : 0.250
Steps : 4870, Gen Loss Total : 435.647, Amplitude Loss : 0.496, Instantaneous Phase Loss : 1.525, Group Delay Loss : 0.480, Phase Time Difference Loss : 0.701, STFT Consistency Loss : 0.079, Real Part Loss : 0.097, Imaginary Part Loss : 0.089, Mel Spectrogram Loss : 0.521, Mel Spectrogram L2 Loss : 0.608, Commit Loss : 5.405, s/b : 0.116
Time taken for epoch 39 is 28 sec

Epoch: 40
Steps : 4875, Gen Loss Total : 456.567, Amplitude Loss : 0.555, Instantaneous Phase Loss : 1.527, Group Delay Loss : 0.489, Phase Time Difference Loss : 0.715, STFT Consistency Loss : 0.098, Real Part Loss : 0.154, Imaginary Part Loss : 0.142, Mel Spectrogram Loss : 0.524, Mel Spectrogram L2 Loss : 0.640, Commit Loss : 6.036, s/b : 0.384
Steps : 4880, Gen Loss Total : 446.014, Amplitude Loss : 0.463, Instantaneous Phase Loss : 1.515, Group Delay Loss : 0.485, Phase Time Difference Loss : 0.703, STFT Consistency Loss : 0.104, Real Part Loss : 0.129, Imaginary Part Loss : 0.119, Mel Spectrogram Loss : 0.476, Mel Spectrogram L2 Loss : 0.532, Commit Loss : 6.635, s/b : 0.227
Steps : 4885, Gen Loss Total : 444.987, Amplitude Loss : 0.484, Instantaneous Phase Loss : 1.523, Group Delay Loss : 0.482, Phase Time Difference Loss : 0.704, STFT Consistency Loss : 0.086, Real Part Loss : 0.118, Imaginary Part Loss : 0.111, Mel Spectrogram Loss : 0.496, Mel Spectrogram L2 Loss : 0.562, Commit Loss : 6.435, s/b : 0.225
Steps : 4890, Gen Loss Total : 432.665, Amplitude Loss : 0.497, Instantaneous Phase Loss : 1.530, Group Delay Loss : 0.481, Phase Time Difference Loss : 0.700, STFT Consistency Loss : 0.053, Real Part Loss : 0.101, Imaginary Part Loss : 0.100, Mel Spectrogram Loss : 0.477, Mel Spectrogram L2 Loss : 0.555, Commit Loss : 5.647, s/b : 0.286
Steps : 4895, Gen Loss Total : 442.189, Amplitude Loss : 0.495, Instantaneous Phase Loss : 1.526, Group Delay Loss : 0.483, Phase Time Difference Loss : 0.702, STFT Consistency Loss : 0.074, Real Part Loss : 0.117, Imaginary Part Loss : 0.107, Mel Spectrogram Loss : 0.509, Mel Spectrogram L2 Loss : 0.586, Commit Loss : 5.855, s/b : 0.228
Steps : 4900, Gen Loss Total : 456.873, Amplitude Loss : 0.523, Instantaneous Phase Loss : 1.528, Group Delay Loss : 0.486, Phase Time Difference Loss : 0.711, STFT Consistency Loss : 0.093, Real Part Loss : 0.145, Imaginary Part Loss : 0.134, Mel Spectrogram Loss : 0.530, Mel Spectrogram L2 Loss : 0.651, Commit Loss : 6.359, s/b : 0.250
Steps : 4905, Gen Loss Total : 461.119, Amplitude Loss : 0.524, Instantaneous Phase Loss : 1.525, Group Delay Loss : 0.486, Phase Time Difference Loss : 0.707, STFT Consistency Loss : 0.086, Real Part Loss : 0.146, Imaginary Part Loss : 0.140, Mel Spectrogram Loss : 0.504, Mel Spectrogram L2 Loss : 0.578, Commit Loss : 6.935, s/b : 0.237
Steps : 4910, Gen Loss Total : 457.701, Amplitude Loss : 0.522, Instantaneous Phase Loss : 1.525, Group Delay Loss : 0.482, Phase Time Difference Loss : 0.702, STFT Consistency Loss : 0.043, Real Part Loss : 0.119, Imaginary Part Loss : 0.111, Mel Spectrogram Loss : 0.550, Mel Spectrogram L2 Loss : 0.666, Commit Loss : 6.509, s/b : 0.252
Steps : 4915, Gen Loss Total : 447.573, Amplitude Loss : 0.491, Instantaneous Phase Loss : 1.525, Group Delay Loss : 0.488, Phase Time Difference Loss : 0.713, STFT Consistency Loss : 0.129, Real Part Loss : 0.153, Imaginary Part Loss : 0.145, Mel Spectrogram Loss : 0.518, Mel Spectrogram L2 Loss : 0.590, Commit Loss : 5.705, s/b : 0.218
Steps : 4920, Gen Loss Total : 451.093, Amplitude Loss : 0.542, Instantaneous Phase Loss : 1.530, Group Delay Loss : 0.486, Phase Time Difference Loss : 0.709, STFT Consistency Loss : 0.188, Real Part Loss : 0.174, Imaginary Part Loss : 0.166, Mel Spectrogram Loss : 0.525, Mel Spectrogram L2 Loss : 0.606, Commit Loss : 5.703, s/b : 0.165
Steps : 4925, Gen Loss Total : 430.003, Amplitude Loss : 0.473, Instantaneous Phase Loss : 1.532, Group Delay Loss : 0.479, Phase Time Difference Loss : 0.700, STFT Consistency Loss : 0.020, Real Part Loss : 0.066, Imaginary Part Loss : 0.061, Mel Spectrogram Loss : 0.527, Mel Spectrogram L2 Loss : 0.614, Commit Loss : 5.429, s/b : 0.301
Steps : 4930, Gen Loss Total : 441.796, Amplitude Loss : 0.515, Instantaneous Phase Loss : 1.526, Group Delay Loss : 0.477, Phase Time Difference Loss : 0.697, STFT Consistency Loss : 0.068, Real Part Loss : 0.074, Imaginary Part Loss : 0.068, Mel Spectrogram Loss : 0.513, Mel Spectrogram L2 Loss : 0.579, Commit Loss : 6.364, s/b : 0.186
Steps : 4935, Gen Loss Total : 452.545, Amplitude Loss : 0.508, Instantaneous Phase Loss : 1.521, Group Delay Loss : 0.482, Phase Time Difference Loss : 0.702, STFT Consistency Loss : 0.089, Real Part Loss : 0.129, Imaginary Part Loss : 0.120, Mel Spectrogram Loss : 0.515, Mel Spectrogram L2 Loss : 0.602, Commit Loss : 6.421, s/b : 0.223
Steps : 4940, Gen Loss Total : 462.465, Amplitude Loss : 0.523, Instantaneous Phase Loss : 1.527, Group Delay Loss : 0.488, Phase Time Difference Loss : 0.714, STFT Consistency Loss : 0.069, Real Part Loss : 0.135, Imaginary Part Loss : 0.126, Mel Spectrogram Loss : 0.569, Mel Spectrogram L2 Loss : 0.690, Commit Loss : 6.388, s/b : 0.227
Steps : 4945, Gen Loss Total : 458.219, Amplitude Loss : 0.550, Instantaneous Phase Loss : 1.524, Group Delay Loss : 0.480, Phase Time Difference Loss : 0.701, STFT Consistency Loss : 0.054, Real Part Loss : 0.128, Imaginary Part Loss : 0.117, Mel Spectrogram Loss : 0.550, Mel Spectrogram L2 Loss : 0.648, Commit Loss : 6.495, s/b : 0.229
Steps : 4950, Gen Loss Total : 458.562, Amplitude Loss : 0.514, Instantaneous Phase Loss : 1.514, Group Delay Loss : 0.480, Phase Time Difference Loss : 0.701, STFT Consistency Loss : 0.088, Real Part Loss : 0.147, Imaginary Part Loss : 0.140, Mel Spectrogram Loss : 0.522, Mel Spectrogram L2 Loss : 0.608, Commit Loss : 6.806, s/b : 0.162
Steps : 4955, Gen Loss Total : 435.894, Amplitude Loss : 0.479, Instantaneous Phase Loss : 1.516, Group Delay Loss : 0.480, Phase Time Difference Loss : 0.703, STFT Consistency Loss : 0.079, Real Part Loss : 0.114, Imaginary Part Loss : 0.105, Mel Spectrogram Loss : 0.509, Mel Spectrogram L2 Loss : 0.577, Commit Loss : 5.640, s/b : 0.248
Steps : 4960, Gen Loss Total : 464.160, Amplitude Loss : 0.513, Instantaneous Phase Loss : 1.522, Group Delay Loss : 0.490, Phase Time Difference Loss : 0.716, STFT Consistency Loss : 0.153, Real Part Loss : 0.195, Imaginary Part Loss : 0.176, Mel Spectrogram Loss : 0.531, Mel Spectrogram L2 Loss : 0.619, Commit Loss : 6.411, s/b : 0.229
Steps : 4965, Gen Loss Total : 461.909, Amplitude Loss : 0.507, Instantaneous Phase Loss : 1.513, Group Delay Loss : 0.487, Phase Time Difference Loss : 0.709, STFT Consistency Loss : 0.139, Real Part Loss : 0.173, Imaginary Part Loss : 0.157, Mel Spectrogram Loss : 0.533, Mel Spectrogram L2 Loss : 0.618, Commit Loss : 6.532, s/b : 0.221
Steps : 4970, Gen Loss Total : 441.195, Amplitude Loss : 0.491, Instantaneous Phase Loss : 1.531, Group Delay Loss : 0.484, Phase Time Difference Loss : 0.709, STFT Consistency Loss : 0.078, Real Part Loss : 0.109, Imaginary Part Loss : 0.102, Mel Spectrogram Loss : 0.495, Mel Spectrogram L2 Loss : 0.570, Commit Loss : 5.902, s/b : 0.210
Steps : 4975, Gen Loss Total : 436.601, Amplitude Loss : 0.482, Instantaneous Phase Loss : 1.526, Group Delay Loss : 0.485, Phase Time Difference Loss : 0.708, STFT Consistency Loss : 0.043, Real Part Loss : 0.088, Imaginary Part Loss : 0.083, Mel Spectrogram Loss : 0.493, Mel Spectrogram L2 Loss : 0.552, Commit Loss : 5.838, s/b : 0.224
Steps : 4980, Gen Loss Total : 441.297, Amplitude Loss : 0.488, Instantaneous Phase Loss : 1.535, Group Delay Loss : 0.484, Phase Time Difference Loss : 0.706, STFT Consistency Loss : 0.035, Real Part Loss : 0.100, Imaginary Part Loss : 0.096, Mel Spectrogram Loss : 0.504, Mel Spectrogram L2 Loss : 0.568, Commit Loss : 6.051, s/b : 0.217
Steps : 4985, Gen Loss Total : 443.978, Amplitude Loss : 0.495, Instantaneous Phase Loss : 1.535, Group Delay Loss : 0.484, Phase Time Difference Loss : 0.709, STFT Consistency Loss : 0.078, Real Part Loss : 0.100, Imaginary Part Loss : 0.093, Mel Spectrogram Loss : 0.486, Mel Spectrogram L2 Loss : 0.555, Commit Loss : 6.271, s/b : 0.257
Steps : 4990, Gen Loss Total : 443.335, Amplitude Loss : 0.463, Instantaneous Phase Loss : 1.520, Group Delay Loss : 0.481, Phase Time Difference Loss : 0.697, STFT Consistency Loss : 0.120, Real Part Loss : 0.103, Imaginary Part Loss : 0.093, Mel Spectrogram Loss : 0.490, Mel Spectrogram L2 Loss : 0.551, Commit Loss : 6.525, s/b : 0.224
Steps : 4995, Gen Loss Total : 435.026, Amplitude Loss : 0.443, Instantaneous Phase Loss : 1.522, Group Delay Loss : 0.480, Phase Time Difference Loss : 0.700, STFT Consistency Loss : 0.073, Real Part Loss : 0.123, Imaginary Part Loss : 0.112, Mel Spectrogram Loss : 0.488, Mel Spectrogram L2 Loss : 0.514, Commit Loss : 5.966, s/b : 0.112
Time taken for epoch 40 is 28 sec

Epoch: 41
Steps : 5000, Gen Loss Total : 436.112, Amplitude Loss : 0.469, Instantaneous Phase Loss : 1.526, Group Delay Loss : 0.482, Phase Time Difference Loss : 0.704, STFT Consistency Loss : 0.073, Real Part Loss : 0.114, Imaginary Part Loss : 0.104, Mel Spectrogram Loss : 0.491, Mel Spectrogram L2 Loss : 0.542, Commit Loss : 5.787, s/b : 0.351
Saving checkpoint to cp_Encoder_Decoder/encoder_00005000
Complete.
Saving checkpoint to cp_Encoder_Decoder/decoder_00005000
Complete.
Saving checkpoint to cp_Encoder_Decoder/do_00005000
Complete.
Steps : 5005, Gen Loss Total : 455.519, Amplitude Loss : 0.514, Instantaneous Phase Loss : 1.515, Group Delay Loss : 0.487, Phase Time Difference Loss : 0.707, STFT Consistency Loss : 0.144, Real Part Loss : 0.145, Imaginary Part Loss : 0.138, Mel Spectrogram Loss : 0.536, Mel Spectrogram L2 Loss : 0.623, Commit Loss : 6.396, s/b : 0.230
Steps : 5010, Gen Loss Total : 461.031, Amplitude Loss : 0.552, Instantaneous Phase Loss : 1.517, Group Delay Loss : 0.484, Phase Time Difference Loss : 0.704, STFT Consistency Loss : 0.201, Real Part Loss : 0.202, Imaginary Part Loss : 0.183, Mel Spectrogram Loss : 0.519, Mel Spectrogram L2 Loss : 0.621, Commit Loss : 6.345, s/b : 0.223
Steps : 5015, Gen Loss Total : 427.822, Amplitude Loss : 0.496, Instantaneous Phase Loss : 1.531, Group Delay Loss : 0.481, Phase Time Difference Loss : 0.703, STFT Consistency Loss : 0.044, Real Part Loss : 0.084, Imaginary Part Loss : 0.078, Mel Spectrogram Loss : 0.463, Mel Spectrogram L2 Loss : 0.520, Commit Loss : 5.530, s/b : 0.223
Steps : 5020, Gen Loss Total : 431.492, Amplitude Loss : 0.526, Instantaneous Phase Loss : 1.547, Group Delay Loss : 0.483, Phase Time Difference Loss : 0.707, STFT Consistency Loss : 0.035, Real Part Loss : 0.080, Imaginary Part Loss : 0.076, Mel Spectrogram Loss : 0.484, Mel Spectrogram L2 Loss : 0.553, Commit Loss : 5.250, s/b : 0.220
Steps : 5025, Gen Loss Total : 449.968, Amplitude Loss : 0.527, Instantaneous Phase Loss : 1.516, Group Delay Loss : 0.488, Phase Time Difference Loss : 0.712, STFT Consistency Loss : 0.123, Real Part Loss : 0.150, Imaginary Part Loss : 0.139, Mel Spectrogram Loss : 0.534, Mel Spectrogram L2 Loss : 0.629, Commit Loss : 5.740, s/b : 0.226
Steps : 5030, Gen Loss Total : 450.400, Amplitude Loss : 0.525, Instantaneous Phase Loss : 1.511, Group Delay Loss : 0.479, Phase Time Difference Loss : 0.701, STFT Consistency Loss : 0.139, Real Part Loss : 0.150, Imaginary Part Loss : 0.134, Mel Spectrogram Loss : 0.527, Mel Spectrogram L2 Loss : 0.602, Commit Loss : 6.237, s/b : 0.220
Steps : 5035, Gen Loss Total : 446.434, Amplitude Loss : 0.544, Instantaneous Phase Loss : 1.529, Group Delay Loss : 0.483, Phase Time Difference Loss : 0.706, STFT Consistency Loss : 0.078, Real Part Loss : 0.122, Imaginary Part Loss : 0.116, Mel Spectrogram Loss : 0.509, Mel Spectrogram L2 Loss : 0.596, Commit Loss : 5.745, s/b : 0.214
Steps : 5040, Gen Loss Total : 443.631, Amplitude Loss : 0.499, Instantaneous Phase Loss : 1.528, Group Delay Loss : 0.482, Phase Time Difference Loss : 0.703, STFT Consistency Loss : 0.069, Real Part Loss : 0.120, Imaginary Part Loss : 0.113, Mel Spectrogram Loss : 0.542, Mel Spectrogram L2 Loss : 0.632, Commit Loss : 5.652, s/b : 0.250
Steps : 5045, Gen Loss Total : 470.725, Amplitude Loss : 0.539, Instantaneous Phase Loss : 1.512, Group Delay Loss : 0.487, Phase Time Difference Loss : 0.709, STFT Consistency Loss : 0.201, Real Part Loss : 0.223, Imaginary Part Loss : 0.206, Mel Spectrogram Loss : 0.535, Mel Spectrogram L2 Loss : 0.628, Commit Loss : 6.776, s/b : 0.215
Steps : 5050, Gen Loss Total : 445.570, Amplitude Loss : 0.493, Instantaneous Phase Loss : 1.515, Group Delay Loss : 0.479, Phase Time Difference Loss : 0.698, STFT Consistency Loss : 0.110, Real Part Loss : 0.124, Imaginary Part Loss : 0.117, Mel Spectrogram Loss : 0.504, Mel Spectrogram L2 Loss : 0.569, Commit Loss : 6.350, s/b : 0.214
Steps : 5055, Gen Loss Total : 444.882, Amplitude Loss : 0.490, Instantaneous Phase Loss : 1.526, Group Delay Loss : 0.482, Phase Time Difference Loss : 0.705, STFT Consistency Loss : 0.106, Real Part Loss : 0.122, Imaginary Part Loss : 0.117, Mel Spectrogram Loss : 0.527, Mel Spectrogram L2 Loss : 0.601, Commit Loss : 5.900, s/b : 0.295
Steps : 5060, Gen Loss Total : 475.992, Amplitude Loss : 0.574, Instantaneous Phase Loss : 1.518, Group Delay Loss : 0.488, Phase Time Difference Loss : 0.714, STFT Consistency Loss : 0.118, Real Part Loss : 0.218, Imaginary Part Loss : 0.203, Mel Spectrogram Loss : 0.557, Mel Spectrogram L2 Loss : 0.693, Commit Loss : 6.827, s/b : 0.218
Steps : 5065, Gen Loss Total : 461.287, Amplitude Loss : 0.550, Instantaneous Phase Loss : 1.524, Group Delay Loss : 0.485, Phase Time Difference Loss : 0.709, STFT Consistency Loss : 0.195, Real Part Loss : 0.144, Imaginary Part Loss : 0.137, Mel Spectrogram Loss : 0.564, Mel Spectrogram L2 Loss : 0.693, Commit Loss : 6.218, s/b : 0.211
Steps : 5070, Gen Loss Total : 451.076, Amplitude Loss : 0.497, Instantaneous Phase Loss : 1.516, Group Delay Loss : 0.483, Phase Time Difference Loss : 0.706, STFT Consistency Loss : 0.065, Real Part Loss : 0.149, Imaginary Part Loss : 0.137, Mel Spectrogram Loss : 0.530, Mel Spectrogram L2 Loss : 0.594, Commit Loss : 6.106, s/b : 0.264
Steps : 5075, Gen Loss Total : 453.373, Amplitude Loss : 0.538, Instantaneous Phase Loss : 1.522, Group Delay Loss : 0.480, Phase Time Difference Loss : 0.703, STFT Consistency Loss : 0.121, Real Part Loss : 0.150, Imaginary Part Loss : 0.142, Mel Spectrogram Loss : 0.510, Mel Spectrogram L2 Loss : 0.595, Commit Loss : 6.230, s/b : 0.236
Steps : 5080, Gen Loss Total : 430.226, Amplitude Loss : 0.471, Instantaneous Phase Loss : 1.518, Group Delay Loss : 0.479, Phase Time Difference Loss : 0.700, STFT Consistency Loss : 0.056, Real Part Loss : 0.105, Imaginary Part Loss : 0.091, Mel Spectrogram Loss : 0.489, Mel Spectrogram L2 Loss : 0.535, Commit Loss : 5.551, s/b : 0.225
Steps : 5085, Gen Loss Total : 438.815, Amplitude Loss : 0.489, Instantaneous Phase Loss : 1.536, Group Delay Loss : 0.483, Phase Time Difference Loss : 0.705, STFT Consistency Loss : 0.050, Real Part Loss : 0.094, Imaginary Part Loss : 0.087, Mel Spectrogram Loss : 0.504, Mel Spectrogram L2 Loss : 0.596, Commit Loss : 5.796, s/b : 0.237
Steps : 5090, Gen Loss Total : 445.035, Amplitude Loss : 0.506, Instantaneous Phase Loss : 1.534, Group Delay Loss : 0.489, Phase Time Difference Loss : 0.715, STFT Consistency Loss : 0.060, Real Part Loss : 0.109, Imaginary Part Loss : 0.099, Mel Spectrogram Loss : 0.493, Mel Spectrogram L2 Loss : 0.578, Commit Loss : 6.106, s/b : 0.230
Steps : 5095, Gen Loss Total : 438.399, Amplitude Loss : 0.500, Instantaneous Phase Loss : 1.524, Group Delay Loss : 0.482, Phase Time Difference Loss : 0.705, STFT Consistency Loss : 0.083, Real Part Loss : 0.127, Imaginary Part Loss : 0.118, Mel Spectrogram Loss : 0.478, Mel Spectrogram L2 Loss : 0.536, Commit Loss : 5.796, s/b : 0.223
Steps : 5100, Gen Loss Total : 436.017, Amplitude Loss : 0.436, Instantaneous Phase Loss : 1.530, Group Delay Loss : 0.485, Phase Time Difference Loss : 0.706, STFT Consistency Loss : 0.098, Real Part Loss : 0.116, Imaginary Part Loss : 0.108, Mel Spectrogram Loss : 0.484, Mel Spectrogram L2 Loss : 0.512, Commit Loss : 5.888, s/b : 0.222
Steps : 5105, Gen Loss Total : 430.182, Amplitude Loss : 0.508, Instantaneous Phase Loss : 1.521, Group Delay Loss : 0.483, Phase Time Difference Loss : 0.706, STFT Consistency Loss : 0.052, Real Part Loss : 0.110, Imaginary Part Loss : 0.105, Mel Spectrogram Loss : 0.512, Mel Spectrogram L2 Loss : 0.582, Commit Loss : 4.965, s/b : 0.210
Steps : 5110, Gen Loss Total : 426.423, Amplitude Loss : 0.457, Instantaneous Phase Loss : 1.525, Group Delay Loss : 0.480, Phase Time Difference Loss : 0.701, STFT Consistency Loss : 0.064, Real Part Loss : 0.093, Imaginary Part Loss : 0.086, Mel Spectrogram Loss : 0.492, Mel Spectrogram L2 Loss : 0.545, Commit Loss : 5.194, s/b : 0.239
Steps : 5115, Gen Loss Total : 458.571, Amplitude Loss : 0.509, Instantaneous Phase Loss : 1.526, Group Delay Loss : 0.486, Phase Time Difference Loss : 0.710, STFT Consistency Loss : 0.088, Real Part Loss : 0.160, Imaginary Part Loss : 0.148, Mel Spectrogram Loss : 0.548, Mel Spectrogram L2 Loss : 0.669, Commit Loss : 6.184, s/b : 0.223
Steps : 5120, Gen Loss Total : 450.106, Amplitude Loss : 0.512, Instantaneous Phase Loss : 1.509, Group Delay Loss : 0.485, Phase Time Difference Loss : 0.706, STFT Consistency Loss : 0.093, Real Part Loss : 0.176, Imaginary Part Loss : 0.164, Mel Spectrogram Loss : 0.546, Mel Spectrogram L2 Loss : 0.648, Commit Loss : 5.410, s/b : 0.117
Time taken for epoch 41 is 133 sec

Epoch: 42
Steps : 5125, Gen Loss Total : 421.984, Amplitude Loss : 0.459, Instantaneous Phase Loss : 1.537, Group Delay Loss : 0.480, Phase Time Difference Loss : 0.708, STFT Consistency Loss : 0.032, Real Part Loss : 0.070, Imaginary Part Loss : 0.066, Mel Spectrogram Loss : 0.489, Mel Spectrogram L2 Loss : 0.541, Commit Loss : 4.986, s/b : 0.364
Steps : 5130, Gen Loss Total : 429.217, Amplitude Loss : 0.472, Instantaneous Phase Loss : 1.525, Group Delay Loss : 0.480, Phase Time Difference Loss : 0.702, STFT Consistency Loss : 0.064, Real Part Loss : 0.090, Imaginary Part Loss : 0.085, Mel Spectrogram Loss : 0.496, Mel Spectrogram L2 Loss : 0.551, Commit Loss : 5.403, s/b : 0.227
Steps : 5135, Gen Loss Total : 435.195, Amplitude Loss : 0.499, Instantaneous Phase Loss : 1.524, Group Delay Loss : 0.483, Phase Time Difference Loss : 0.707, STFT Consistency Loss : 0.127, Real Part Loss : 0.130, Imaginary Part Loss : 0.120, Mel Spectrogram Loss : 0.476, Mel Spectrogram L2 Loss : 0.542, Commit Loss : 5.514, s/b : 0.290
Steps : 5140, Gen Loss Total : 446.718, Amplitude Loss : 0.491, Instantaneous Phase Loss : 1.524, Group Delay Loss : 0.483, Phase Time Difference Loss : 0.705, STFT Consistency Loss : 0.087, Real Part Loss : 0.150, Imaginary Part Loss : 0.140, Mel Spectrogram Loss : 0.504, Mel Spectrogram L2 Loss : 0.560, Commit Loss : 5.998, s/b : 0.232
Steps : 5145, Gen Loss Total : 437.689, Amplitude Loss : 0.474, Instantaneous Phase Loss : 1.520, Group Delay Loss : 0.483, Phase Time Difference Loss : 0.706, STFT Consistency Loss : 0.060, Real Part Loss : 0.122, Imaginary Part Loss : 0.112, Mel Spectrogram Loss : 0.494, Mel Spectrogram L2 Loss : 0.544, Commit Loss : 5.840, s/b : 0.231
Steps : 5150, Gen Loss Total : 457.289, Amplitude Loss : 0.543, Instantaneous Phase Loss : 1.510, Group Delay Loss : 0.482, Phase Time Difference Loss : 0.704, STFT Consistency Loss : 0.091, Real Part Loss : 0.138, Imaginary Part Loss : 0.127, Mel Spectrogram Loss : 0.546, Mel Spectrogram L2 Loss : 0.663, Commit Loss : 6.459, s/b : 0.213
Steps : 5155, Gen Loss Total : 459.773, Amplitude Loss : 0.518, Instantaneous Phase Loss : 1.500, Group Delay Loss : 0.484, Phase Time Difference Loss : 0.703, STFT Consistency Loss : 0.154, Real Part Loss : 0.178, Imaginary Part Loss : 0.163, Mel Spectrogram Loss : 0.510, Mel Spectrogram L2 Loss : 0.580, Commit Loss : 6.761, s/b : 0.279
Steps : 5160, Gen Loss Total : 445.501, Amplitude Loss : 0.476, Instantaneous Phase Loss : 1.514, Group Delay Loss : 0.484, Phase Time Difference Loss : 0.704, STFT Consistency Loss : 0.112, Real Part Loss : 0.145, Imaginary Part Loss : 0.136, Mel Spectrogram Loss : 0.490, Mel Spectrogram L2 Loss : 0.537, Commit Loss : 6.278, s/b : 0.219
Steps : 5165, Gen Loss Total : 431.324, Amplitude Loss : 0.438, Instantaneous Phase Loss : 1.528, Group Delay Loss : 0.482, Phase Time Difference Loss : 0.702, STFT Consistency Loss : 0.091, Real Part Loss : 0.122, Imaginary Part Loss : 0.114, Mel Spectrogram Loss : 0.468, Mel Spectrogram L2 Loss : 0.486, Commit Loss : 5.660, s/b : 0.250
Steps : 5170, Gen Loss Total : 437.204, Amplitude Loss : 0.486, Instantaneous Phase Loss : 1.519, Group Delay Loss : 0.480, Phase Time Difference Loss : 0.699, STFT Consistency Loss : 0.066, Real Part Loss : 0.118, Imaginary Part Loss : 0.111, Mel Spectrogram Loss : 0.459, Mel Spectrogram L2 Loss : 0.518, Commit Loss : 6.051, s/b : 0.211
Steps : 5175, Gen Loss Total : 451.297, Amplitude Loss : 0.496, Instantaneous Phase Loss : 1.509, Group Delay Loss : 0.481, Phase Time Difference Loss : 0.700, STFT Consistency Loss : 0.098, Real Part Loss : 0.137, Imaginary Part Loss : 0.131, Mel Spectrogram Loss : 0.516, Mel Spectrogram L2 Loss : 0.587, Commit Loss : 6.459, s/b : 0.231
Steps : 5180, Gen Loss Total : 427.887, Amplitude Loss : 0.476, Instantaneous Phase Loss : 1.535, Group Delay Loss : 0.480, Phase Time Difference Loss : 0.703, STFT Consistency Loss : 0.097, Real Part Loss : 0.096, Imaginary Part Loss : 0.090, Mel Spectrogram Loss : 0.497, Mel Spectrogram L2 Loss : 0.567, Commit Loss : 5.066, s/b : 0.245
Steps : 5185, Gen Loss Total : 443.488, Amplitude Loss : 0.508, Instantaneous Phase Loss : 1.515, Group Delay Loss : 0.483, Phase Time Difference Loss : 0.705, STFT Consistency Loss : 0.114, Real Part Loss : 0.152, Imaginary Part Loss : 0.144, Mel Spectrogram Loss : 0.505, Mel Spectrogram L2 Loss : 0.583, Commit Loss : 5.745, s/b : 0.224
Steps : 5190, Gen Loss Total : 459.932, Amplitude Loss : 0.537, Instantaneous Phase Loss : 1.523, Group Delay Loss : 0.487, Phase Time Difference Loss : 0.712, STFT Consistency Loss : 0.118, Real Part Loss : 0.148, Imaginary Part Loss : 0.142, Mel Spectrogram Loss : 0.515, Mel Spectrogram L2 Loss : 0.607, Commit Loss : 6.634, s/b : 0.165
Steps : 5195, Gen Loss Total : 442.109, Amplitude Loss : 0.542, Instantaneous Phase Loss : 1.520, Group Delay Loss : 0.485, Phase Time Difference Loss : 0.712, STFT Consistency Loss : 0.055, Real Part Loss : 0.124, Imaginary Part Loss : 0.113, Mel Spectrogram Loss : 0.516, Mel Spectrogram L2 Loss : 0.599, Commit Loss : 5.524, s/b : 0.233
Steps : 5200, Gen Loss Total : 446.126, Amplitude Loss : 0.658, Instantaneous Phase Loss : 1.531, Group Delay Loss : 0.535, Phase Time Difference Loss : 0.723, STFT Consistency Loss : 0.061, Real Part Loss : 0.096, Imaginary Part Loss : 0.094, Mel Spectrogram Loss : 0.469, Mel Spectrogram L2 Loss : 0.530, Commit Loss : 5.625, s/b : 0.275
Steps : 5205, Gen Loss Total : 442.050, Amplitude Loss : 0.468, Instantaneous Phase Loss : 1.521, Group Delay Loss : 0.481, Phase Time Difference Loss : 0.703, STFT Consistency Loss : 0.105, Real Part Loss : 0.131, Imaginary Part Loss : 0.120, Mel Spectrogram Loss : 0.477, Mel Spectrogram L2 Loss : 0.520, Commit Loss : 6.136, s/b : 0.238
Steps : 5210, Gen Loss Total : 432.904, Amplitude Loss : 0.500, Instantaneous Phase Loss : 1.520, Group Delay Loss : 0.479, Phase Time Difference Loss : 0.701, STFT Consistency Loss : 0.094, Real Part Loss : 0.117, Imaginary Part Loss : 0.109, Mel Spectrogram Loss : 0.502, Mel Spectrogram L2 Loss : 0.567, Commit Loss : 5.288, s/b : 0.215
Steps : 5215, Gen Loss Total : 449.254, Amplitude Loss : 0.532, Instantaneous Phase Loss : 1.509, Group Delay Loss : 0.489, Phase Time Difference Loss : 0.709, STFT Consistency Loss : 0.124, Real Part Loss : 0.169, Imaginary Part Loss : 0.155, Mel Spectrogram Loss : 0.464, Mel Spectrogram L2 Loss : 0.530, Commit Loss : 6.199, s/b : 0.232
Steps : 5220, Gen Loss Total : 434.123, Amplitude Loss : 0.527, Instantaneous Phase Loss : 1.520, Group Delay Loss : 0.483, Phase Time Difference Loss : 0.704, STFT Consistency Loss : 0.040, Real Part Loss : 0.094, Imaginary Part Loss : 0.088, Mel Spectrogram Loss : 0.493, Mel Spectrogram L2 Loss : 0.572, Commit Loss : 5.537, s/b : 0.222
Steps : 5225, Gen Loss Total : 435.283, Amplitude Loss : 0.447, Instantaneous Phase Loss : 1.528, Group Delay Loss : 0.481, Phase Time Difference Loss : 0.699, STFT Consistency Loss : 0.131, Real Part Loss : 0.128, Imaginary Part Loss : 0.123, Mel Spectrogram Loss : 0.475, Mel Spectrogram L2 Loss : 0.503, Commit Loss : 5.785, s/b : 0.282
Steps : 5230, Gen Loss Total : 442.522, Amplitude Loss : 0.488, Instantaneous Phase Loss : 1.518, Group Delay Loss : 0.484, Phase Time Difference Loss : 0.704, STFT Consistency Loss : 0.099, Real Part Loss : 0.132, Imaginary Part Loss : 0.121, Mel Spectrogram Loss : 0.493, Mel Spectrogram L2 Loss : 0.533, Commit Loss : 5.993, s/b : 0.223
Steps : 5235, Gen Loss Total : 433.394, Amplitude Loss : 0.472, Instantaneous Phase Loss : 1.519, Group Delay Loss : 0.480, Phase Time Difference Loss : 0.702, STFT Consistency Loss : 0.061, Real Part Loss : 0.103, Imaginary Part Loss : 0.097, Mel Spectrogram Loss : 0.514, Mel Spectrogram L2 Loss : 0.590, Commit Loss : 5.342, s/b : 0.257
Steps : 5240, Gen Loss Total : 435.801, Amplitude Loss : 0.469, Instantaneous Phase Loss : 1.505, Group Delay Loss : 0.484, Phase Time Difference Loss : 0.701, STFT Consistency Loss : 0.136, Real Part Loss : 0.155, Imaginary Part Loss : 0.142, Mel Spectrogram Loss : 0.492, Mel Spectrogram L2 Loss : 0.539, Commit Loss : 5.682, s/b : 0.222
Steps : 5245, Gen Loss Total : 431.477, Amplitude Loss : 0.446, Instantaneous Phase Loss : 1.516, Group Delay Loss : 0.486, Phase Time Difference Loss : 0.709, STFT Consistency Loss : 0.076, Real Part Loss : 0.147, Imaginary Part Loss : 0.137, Mel Spectrogram Loss : 0.485, Mel Spectrogram L2 Loss : 0.510, Commit Loss : 5.302, s/b : 0.112
Time taken for epoch 42 is 28 sec

Epoch: 43
Steps : 5250, Gen Loss Total : 423.943, Amplitude Loss : 0.463, Instantaneous Phase Loss : 1.531, Group Delay Loss : 0.479, Phase Time Difference Loss : 0.704, STFT Consistency Loss : 0.066, Real Part Loss : 0.091, Imaginary Part Loss : 0.085, Mel Spectrogram Loss : 0.482, Mel Spectrogram L2 Loss : 0.537, Commit Loss : 5.063, s/b : 0.338
Steps : 5255, Gen Loss Total : 428.033, Amplitude Loss : 0.448, Instantaneous Phase Loss : 1.519, Group Delay Loss : 0.480, Phase Time Difference Loss : 0.700, STFT Consistency Loss : 0.071, Real Part Loss : 0.110, Imaginary Part Loss : 0.103, Mel Spectrogram Loss : 0.473, Mel Spectrogram L2 Loss : 0.493, Commit Loss : 5.519, s/b : 0.279
Steps : 5260, Gen Loss Total : 452.064, Amplitude Loss : 0.504, Instantaneous Phase Loss : 1.517, Group Delay Loss : 0.487, Phase Time Difference Loss : 0.708, STFT Consistency Loss : 0.150, Real Part Loss : 0.176, Imaginary Part Loss : 0.166, Mel Spectrogram Loss : 0.518, Mel Spectrogram L2 Loss : 0.593, Commit Loss : 6.051, s/b : 0.188
Steps : 5265, Gen Loss Total : 428.726, Amplitude Loss : 0.484, Instantaneous Phase Loss : 1.522, Group Delay Loss : 0.480, Phase Time Difference Loss : 0.700, STFT Consistency Loss : 0.054, Real Part Loss : 0.081, Imaginary Part Loss : 0.075, Mel Spectrogram Loss : 0.481, Mel Spectrogram L2 Loss : 0.532, Commit Loss : 5.664, s/b : 0.230
Steps : 5270, Gen Loss Total : 435.734, Amplitude Loss : 0.500, Instantaneous Phase Loss : 1.523, Group Delay Loss : 0.484, Phase Time Difference Loss : 0.705, STFT Consistency Loss : 0.051, Real Part Loss : 0.103, Imaginary Part Loss : 0.092, Mel Spectrogram Loss : 0.520, Mel Spectrogram L2 Loss : 0.604, Commit Loss : 5.453, s/b : 0.225
Steps : 5275, Gen Loss Total : 454.870, Amplitude Loss : 0.522, Instantaneous Phase Loss : 1.524, Group Delay Loss : 0.493, Phase Time Difference Loss : 0.718, STFT Consistency Loss : 0.063, Real Part Loss : 0.135, Imaginary Part Loss : 0.125, Mel Spectrogram Loss : 0.562, Mel Spectrogram L2 Loss : 0.674, Commit Loss : 5.771, s/b : 0.242
Steps : 5280, Gen Loss Total : 428.435, Amplitude Loss : 0.497, Instantaneous Phase Loss : 1.519, Group Delay Loss : 0.479, Phase Time Difference Loss : 0.697, STFT Consistency Loss : 0.053, Real Part Loss : 0.111, Imaginary Part Loss : 0.106, Mel Spectrogram Loss : 0.461, Mel Spectrogram L2 Loss : 0.492, Commit Loss : 5.485, s/b : 0.224
Steps : 5285, Gen Loss Total : 426.487, Amplitude Loss : 0.457, Instantaneous Phase Loss : 1.521, Group Delay Loss : 0.481, Phase Time Difference Loss : 0.700, STFT Consistency Loss : 0.140, Real Part Loss : 0.133, Imaginary Part Loss : 0.122, Mel Spectrogram Loss : 0.455, Mel Spectrogram L2 Loss : 0.475, Commit Loss : 5.373, s/b : 0.224
Steps : 5290, Gen Loss Total : 426.088, Amplitude Loss : 0.472, Instantaneous Phase Loss : 1.522, Group Delay Loss : 0.482, Phase Time Difference Loss : 0.702, STFT Consistency Loss : 0.061, Real Part Loss : 0.106, Imaginary Part Loss : 0.099, Mel Spectrogram Loss : 0.499, Mel Spectrogram L2 Loss : 0.545, Commit Loss : 5.038, s/b : 0.230
Steps : 5295, Gen Loss Total : 419.359, Amplitude Loss : 0.450, Instantaneous Phase Loss : 1.526, Group Delay Loss : 0.482, Phase Time Difference Loss : 0.703, STFT Consistency Loss : 0.073, Real Part Loss : 0.115, Imaginary Part Loss : 0.107, Mel Spectrogram Loss : 0.457, Mel Spectrogram L2 Loss : 0.488, Commit Loss : 4.787, s/b : 0.226
Steps : 5300, Gen Loss Total : 451.825, Amplitude Loss : 0.529, Instantaneous Phase Loss : 1.510, Group Delay Loss : 0.486, Phase Time Difference Loss : 0.706, STFT Consistency Loss : 0.144, Real Part Loss : 0.165, Imaginary Part Loss : 0.159, Mel Spectrogram Loss : 0.508, Mel Spectrogram L2 Loss : 0.574, Commit Loss : 6.095, s/b : 0.212
Steps : 5305, Gen Loss Total : 427.824, Amplitude Loss : 0.490, Instantaneous Phase Loss : 1.526, Group Delay Loss : 0.479, Phase Time Difference Loss : 0.700, STFT Consistency Loss : 0.056, Real Part Loss : 0.089, Imaginary Part Loss : 0.085, Mel Spectrogram Loss : 0.509, Mel Spectrogram L2 Loss : 0.611, Commit Loss : 5.025, s/b : 0.238
Steps : 5310, Gen Loss Total : 431.930, Amplitude Loss : 0.465, Instantaneous Phase Loss : 1.518, Group Delay Loss : 0.484, Phase Time Difference Loss : 0.705, STFT Consistency Loss : 0.118, Real Part Loss : 0.136, Imaginary Part Loss : 0.131, Mel Spectrogram Loss : 0.481, Mel Spectrogram L2 Loss : 0.522, Commit Loss : 5.200, s/b : 0.222
Steps : 5315, Gen Loss Total : 431.839, Amplitude Loss : 0.466, Instantaneous Phase Loss : 1.517, Group Delay Loss : 0.481, Phase Time Difference Loss : 0.700, STFT Consistency Loss : 0.093, Real Part Loss : 0.112, Imaginary Part Loss : 0.106, Mel Spectrogram Loss : 0.496, Mel Spectrogram L2 Loss : 0.546, Commit Loss : 5.518, s/b : 0.266
Steps : 5320, Gen Loss Total : 443.881, Amplitude Loss : 0.485, Instantaneous Phase Loss : 1.506, Group Delay Loss : 0.479, Phase Time Difference Loss : 0.697, STFT Consistency Loss : 0.098, Real Part Loss : 0.119, Imaginary Part Loss : 0.108, Mel Spectrogram Loss : 0.518, Mel Spectrogram L2 Loss : 0.580, Commit Loss : 6.237, s/b : 0.238
Steps : 5325, Gen Loss Total : 456.130, Amplitude Loss : 0.542, Instantaneous Phase Loss : 1.511, Group Delay Loss : 0.479, Phase Time Difference Loss : 0.698, STFT Consistency Loss : 0.075, Real Part Loss : 0.141, Imaginary Part Loss : 0.135, Mel Spectrogram Loss : 0.551, Mel Spectrogram L2 Loss : 0.676, Commit Loss : 6.334, s/b : 0.219
Steps : 5330, Gen Loss Total : 446.219, Amplitude Loss : 0.481, Instantaneous Phase Loss : 1.514, Group Delay Loss : 0.484, Phase Time Difference Loss : 0.709, STFT Consistency Loss : 0.073, Real Part Loss : 0.145, Imaginary Part Loss : 0.135, Mel Spectrogram Loss : 0.522, Mel Spectrogram L2 Loss : 0.588, Commit Loss : 5.892, s/b : 0.237
Steps : 5335, Gen Loss Total : 434.597, Amplitude Loss : 0.483, Instantaneous Phase Loss : 1.522, Group Delay Loss : 0.484, Phase Time Difference Loss : 0.708, STFT Consistency Loss : 0.106, Real Part Loss : 0.130, Imaginary Part Loss : 0.119, Mel Spectrogram Loss : 0.495, Mel Spectrogram L2 Loss : 0.542, Commit Loss : 5.314, s/b : 0.256
Steps : 5340, Gen Loss Total : 428.915, Amplitude Loss : 0.467, Instantaneous Phase Loss : 1.521, Group Delay Loss : 0.484, Phase Time Difference Loss : 0.706, STFT Consistency Loss : 0.039, Real Part Loss : 0.089, Imaginary Part Loss : 0.084, Mel Spectrogram Loss : 0.490, Mel Spectrogram L2 Loss : 0.537, Commit Loss : 5.532, s/b : 0.262
Steps : 5345, Gen Loss Total : 434.684, Amplitude Loss : 0.512, Instantaneous Phase Loss : 1.529, Group Delay Loss : 0.480, Phase Time Difference Loss : 0.703, STFT Consistency Loss : 0.089, Real Part Loss : 0.102, Imaginary Part Loss : 0.096, Mel Spectrogram Loss : 0.483, Mel Spectrogram L2 Loss : 0.558, Commit Loss : 5.655, s/b : 0.219
Steps : 5350, Gen Loss Total : 418.670, Amplitude Loss : 0.420, Instantaneous Phase Loss : 1.544, Group Delay Loss : 0.486, Phase Time Difference Loss : 0.709, STFT Consistency Loss : 0.052, Real Part Loss : 0.080, Imaginary Part Loss : 0.076, Mel Spectrogram Loss : 0.452, Mel Spectrogram L2 Loss : 0.460, Commit Loss : 5.055, s/b : 0.231
Steps : 5355, Gen Loss Total : 445.186, Amplitude Loss : 0.492, Instantaneous Phase Loss : 1.523, Group Delay Loss : 0.481, Phase Time Difference Loss : 0.705, STFT Consistency Loss : 0.066, Real Part Loss : 0.133, Imaginary Part Loss : 0.125, Mel Spectrogram Loss : 0.528, Mel Spectrogram L2 Loss : 0.618, Commit Loss : 5.604, s/b : 0.228
Steps : 5360, Gen Loss Total : 412.570, Amplitude Loss : 0.443, Instantaneous Phase Loss : 1.530, Group Delay Loss : 0.477, Phase Time Difference Loss : 0.698, STFT Consistency Loss : 0.035, Real Part Loss : 0.056, Imaginary Part Loss : 0.053, Mel Spectrogram Loss : 0.465, Mel Spectrogram L2 Loss : 0.503, Commit Loss : 4.939, s/b : 0.268
Steps : 5365, Gen Loss Total : 435.541, Amplitude Loss : 0.478, Instantaneous Phase Loss : 1.522, Group Delay Loss : 0.481, Phase Time Difference Loss : 0.703, STFT Consistency Loss : 0.074, Real Part Loss : 0.125, Imaginary Part Loss : 0.115, Mel Spectrogram Loss : 0.477, Mel Spectrogram L2 Loss : 0.529, Commit Loss : 5.718, s/b : 0.230
Steps : 5370, Gen Loss Total : 423.608, Amplitude Loss : 0.442, Instantaneous Phase Loss : 1.503, Group Delay Loss : 0.476, Phase Time Difference Loss : 0.691, STFT Consistency Loss : 0.096, Real Part Loss : 0.136, Imaginary Part Loss : 0.127, Mel Spectrogram Loss : 0.451, Mel Spectrogram L2 Loss : 0.464, Commit Loss : 5.416, s/b : 0.112
Time taken for epoch 43 is 28 sec

Epoch: 44
Steps : 5375, Gen Loss Total : 423.863, Amplitude Loss : 0.485, Instantaneous Phase Loss : 1.524, Group Delay Loss : 0.479, Phase Time Difference Loss : 0.698, STFT Consistency Loss : 0.067, Real Part Loss : 0.089, Imaginary Part Loss : 0.083, Mel Spectrogram Loss : 0.469, Mel Spectrogram L2 Loss : 0.522, Commit Loss : 5.108, s/b : 0.390
Steps : 5380, Gen Loss Total : 440.763, Amplitude Loss : 0.477, Instantaneous Phase Loss : 1.511, Group Delay Loss : 0.482, Phase Time Difference Loss : 0.701, STFT Consistency Loss : 0.052, Real Part Loss : 0.126, Imaginary Part Loss : 0.118, Mel Spectrogram Loss : 0.517, Mel Spectrogram L2 Loss : 0.574, Commit Loss : 5.941, s/b : 0.237
Steps : 5385, Gen Loss Total : 427.624, Amplitude Loss : 0.511, Instantaneous Phase Loss : 1.513, Group Delay Loss : 0.481, Phase Time Difference Loss : 0.699, STFT Consistency Loss : 0.128, Real Part Loss : 0.118, Imaginary Part Loss : 0.115, Mel Spectrogram Loss : 0.474, Mel Spectrogram L2 Loss : 0.543, Commit Loss : 5.032, s/b : 0.209
Steps : 5390, Gen Loss Total : 433.903, Amplitude Loss : 0.488, Instantaneous Phase Loss : 1.519, Group Delay Loss : 0.480, Phase Time Difference Loss : 0.702, STFT Consistency Loss : 0.090, Real Part Loss : 0.115, Imaginary Part Loss : 0.112, Mel Spectrogram Loss : 0.497, Mel Spectrogram L2 Loss : 0.567, Commit Loss : 5.577, s/b : 0.221
Steps : 5395, Gen Loss Total : 422.145, Amplitude Loss : 0.478, Instantaneous Phase Loss : 1.517, Group Delay Loss : 0.478, Phase Time Difference Loss : 0.699, STFT Consistency Loss : 0.039, Real Part Loss : 0.089, Imaginary Part Loss : 0.083, Mel Spectrogram Loss : 0.499, Mel Spectrogram L2 Loss : 0.553, Commit Loss : 4.975, s/b : 0.224
Steps : 5400, Gen Loss Total : 440.109, Amplitude Loss : 0.502, Instantaneous Phase Loss : 1.522, Group Delay Loss : 0.484, Phase Time Difference Loss : 0.707, STFT Consistency Loss : 0.083, Real Part Loss : 0.137, Imaginary Part Loss : 0.125, Mel Spectrogram Loss : 0.505, Mel Spectrogram L2 Loss : 0.593, Commit Loss : 5.500, s/b : 0.204
Steps : 5405, Gen Loss Total : 434.168, Amplitude Loss : 0.495, Instantaneous Phase Loss : 1.505, Group Delay Loss : 0.479, Phase Time Difference Loss : 0.697, STFT Consistency Loss : 0.103, Real Part Loss : 0.140, Imaginary Part Loss : 0.130, Mel Spectrogram Loss : 0.496, Mel Spectrogram L2 Loss : 0.559, Commit Loss : 5.440, s/b : 0.226
Steps : 5410, Gen Loss Total : 431.560, Amplitude Loss : 0.474, Instantaneous Phase Loss : 1.517, Group Delay Loss : 0.480, Phase Time Difference Loss : 0.700, STFT Consistency Loss : 0.055, Real Part Loss : 0.098, Imaginary Part Loss : 0.094, Mel Spectrogram Loss : 0.500, Mel Spectrogram L2 Loss : 0.556, Commit Loss : 5.424, s/b : 0.215
Steps : 5415, Gen Loss Total : 433.816, Amplitude Loss : 0.471, Instantaneous Phase Loss : 1.524, Group Delay Loss : 0.484, Phase Time Difference Loss : 0.709, STFT Consistency Loss : 0.077, Real Part Loss : 0.121, Imaginary Part Loss : 0.114, Mel Spectrogram Loss : 0.480, Mel Spectrogram L2 Loss : 0.508, Commit Loss : 5.589, s/b : 0.223
Steps : 5420, Gen Loss Total : 423.388, Amplitude Loss : 0.441, Instantaneous Phase Loss : 1.523, Group Delay Loss : 0.483, Phase Time Difference Loss : 0.703, STFT Consistency Loss : 0.109, Real Part Loss : 0.139, Imaginary Part Loss : 0.129, Mel Spectrogram Loss : 0.447, Mel Spectrogram L2 Loss : 0.452, Commit Loss : 5.087, s/b : 0.260
Steps : 5425, Gen Loss Total : 434.688, Amplitude Loss : 0.506, Instantaneous Phase Loss : 1.502, Group Delay Loss : 0.479, Phase Time Difference Loss : 0.696, STFT Consistency Loss : 0.059, Real Part Loss : 0.113, Imaginary Part Loss : 0.105, Mel Spectrogram Loss : 0.497, Mel Spectrogram L2 Loss : 0.543, Commit Loss : 5.853, s/b : 0.166
Steps : 5430, Gen Loss Total : 413.234, Amplitude Loss : 0.431, Instantaneous Phase Loss : 1.533, Group Delay Loss : 0.477, Phase Time Difference Loss : 0.698, STFT Consistency Loss : 0.047, Real Part Loss : 0.077, Imaginary Part Loss : 0.074, Mel Spectrogram Loss : 0.429, Mel Spectrogram L2 Loss : 0.444, Commit Loss : 5.005, s/b : 0.233
Steps : 5435, Gen Loss Total : 436.228, Amplitude Loss : 0.484, Instantaneous Phase Loss : 1.522, Group Delay Loss : 0.483, Phase Time Difference Loss : 0.707, STFT Consistency Loss : 0.098, Real Part Loss : 0.126, Imaginary Part Loss : 0.119, Mel Spectrogram Loss : 0.500, Mel Spectrogram L2 Loss : 0.564, Commit Loss : 5.459, s/b : 0.251
Steps : 5440, Gen Loss Total : 437.129, Amplitude Loss : 0.472, Instantaneous Phase Loss : 1.524, Group Delay Loss : 0.482, Phase Time Difference Loss : 0.705, STFT Consistency Loss : 0.049, Real Part Loss : 0.114, Imaginary Part Loss : 0.111, Mel Spectrogram Loss : 0.485, Mel Spectrogram L2 Loss : 0.545, Commit Loss : 5.860, s/b : 0.217
Steps : 5445, Gen Loss Total : 427.771, Amplitude Loss : 0.459, Instantaneous Phase Loss : 1.518, Group Delay Loss : 0.483, Phase Time Difference Loss : 0.702, STFT Consistency Loss : 0.119, Real Part Loss : 0.096, Imaginary Part Loss : 0.090, Mel Spectrogram Loss : 0.463, Mel Spectrogram L2 Loss : 0.501, Commit Loss : 5.668, s/b : 0.223
Steps : 5450, Gen Loss Total : 439.527, Amplitude Loss : 0.502, Instantaneous Phase Loss : 1.515, Group Delay Loss : 0.481, Phase Time Difference Loss : 0.701, STFT Consistency Loss : 0.092, Real Part Loss : 0.141, Imaginary Part Loss : 0.135, Mel Spectrogram Loss : 0.510, Mel Spectrogram L2 Loss : 0.589, Commit Loss : 5.638, s/b : 0.235
Steps : 5455, Gen Loss Total : 419.812, Amplitude Loss : 0.455, Instantaneous Phase Loss : 1.524, Group Delay Loss : 0.481, Phase Time Difference Loss : 0.699, STFT Consistency Loss : 0.073, Real Part Loss : 0.091, Imaginary Part Loss : 0.086, Mel Spectrogram Loss : 0.460, Mel Spectrogram L2 Loss : 0.505, Commit Loss : 4.993, s/b : 0.230
Steps : 5460, Gen Loss Total : 419.211, Amplitude Loss : 0.451, Instantaneous Phase Loss : 1.519, Group Delay Loss : 0.481, Phase Time Difference Loss : 0.701, STFT Consistency Loss : 0.051, Real Part Loss : 0.084, Imaginary Part Loss : 0.078, Mel Spectrogram Loss : 0.481, Mel Spectrogram L2 Loss : 0.522, Commit Loss : 4.946, s/b : 0.221
Steps : 5465, Gen Loss Total : 429.458, Amplitude Loss : 0.457, Instantaneous Phase Loss : 1.513, Group Delay Loss : 0.485, Phase Time Difference Loss : 0.707, STFT Consistency Loss : 0.064, Real Part Loss : 0.128, Imaginary Part Loss : 0.119, Mel Spectrogram Loss : 0.500, Mel Spectrogram L2 Loss : 0.545, Commit Loss : 5.226, s/b : 0.231
Steps : 5470, Gen Loss Total : 441.478, Amplitude Loss : 0.501, Instantaneous Phase Loss : 1.519, Group Delay Loss : 0.482, Phase Time Difference Loss : 0.703, STFT Consistency Loss : 0.107, Real Part Loss : 0.148, Imaginary Part Loss : 0.139, Mel Spectrogram Loss : 0.505, Mel Spectrogram L2 Loss : 0.579, Commit Loss : 5.608, s/b : 0.222
Steps : 5475, Gen Loss Total : 442.746, Amplitude Loss : 0.480, Instantaneous Phase Loss : 1.518, Group Delay Loss : 0.484, Phase Time Difference Loss : 0.703, STFT Consistency Loss : 0.072, Real Part Loss : 0.113, Imaginary Part Loss : 0.106, Mel Spectrogram Loss : 0.519, Mel Spectrogram L2 Loss : 0.591, Commit Loss : 6.002, s/b : 0.226
Steps : 5480, Gen Loss Total : 423.610, Amplitude Loss : 0.457, Instantaneous Phase Loss : 1.516, Group Delay Loss : 0.477, Phase Time Difference Loss : 0.697, STFT Consistency Loss : 0.116, Real Part Loss : 0.110, Imaginary Part Loss : 0.104, Mel Spectrogram Loss : 0.454, Mel Spectrogram L2 Loss : 0.475, Commit Loss : 5.405, s/b : 0.231
Steps : 5485, Gen Loss Total : 435.025, Amplitude Loss : 0.491, Instantaneous Phase Loss : 1.529, Group Delay Loss : 0.486, Phase Time Difference Loss : 0.709, STFT Consistency Loss : 0.059, Real Part Loss : 0.106, Imaginary Part Loss : 0.099, Mel Spectrogram Loss : 0.519, Mel Spectrogram L2 Loss : 0.599, Commit Loss : 5.347, s/b : 0.223
Steps : 5490, Gen Loss Total : 423.969, Amplitude Loss : 0.483, Instantaneous Phase Loss : 1.521, Group Delay Loss : 0.480, Phase Time Difference Loss : 0.698, STFT Consistency Loss : 0.107, Real Part Loss : 0.106, Imaginary Part Loss : 0.098, Mel Spectrogram Loss : 0.481, Mel Spectrogram L2 Loss : 0.520, Commit Loss : 5.081, s/b : 0.262
Steps : 5495, Gen Loss Total : 439.807, Amplitude Loss : 0.474, Instantaneous Phase Loss : 1.510, Group Delay Loss : 0.481, Phase Time Difference Loss : 0.700, STFT Consistency Loss : 0.083, Real Part Loss : 0.142, Imaginary Part Loss : 0.134, Mel Spectrogram Loss : 0.524, Mel Spectrogram L2 Loss : 0.583, Commit Loss : 5.601, s/b : 0.112
Time taken for epoch 44 is 28 sec

Epoch: 45
Steps : 5500, Gen Loss Total : 427.776, Amplitude Loss : 0.487, Instantaneous Phase Loss : 1.529, Group Delay Loss : 0.481, Phase Time Difference Loss : 0.703, STFT Consistency Loss : 0.046, Real Part Loss : 0.085, Imaginary Part Loss : 0.081, Mel Spectrogram Loss : 0.483, Mel Spectrogram L2 Loss : 0.535, Commit Loss : 5.526, s/b : 0.344
Steps : 5505, Gen Loss Total : 434.625, Amplitude Loss : 0.452, Instantaneous Phase Loss : 1.521, Group Delay Loss : 0.482, Phase Time Difference Loss : 0.705, STFT Consistency Loss : 0.053, Real Part Loss : 0.106, Imaginary Part Loss : 0.103, Mel Spectrogram Loss : 0.493, Mel Spectrogram L2 Loss : 0.535, Commit Loss : 5.877, s/b : 0.228
Steps : 5510, Gen Loss Total : 425.144, Amplitude Loss : 0.482, Instantaneous Phase Loss : 1.520, Group Delay Loss : 0.479, Phase Time Difference Loss : 0.696, STFT Consistency Loss : 0.108, Real Part Loss : 0.111, Imaginary Part Loss : 0.107, Mel Spectrogram Loss : 0.459, Mel Spectrogram L2 Loss : 0.501, Commit Loss : 5.182, s/b : 0.220
Steps : 5515, Gen Loss Total : 413.503, Amplitude Loss : 0.439, Instantaneous Phase Loss : 1.533, Group Delay Loss : 0.480, Phase Time Difference Loss : 0.700, STFT Consistency Loss : 0.054, Real Part Loss : 0.074, Imaginary Part Loss : 0.069, Mel Spectrogram Loss : 0.441, Mel Spectrogram L2 Loss : 0.463, Commit Loss : 4.989, s/b : 0.211
Steps : 5520, Gen Loss Total : 435.932, Amplitude Loss : 0.471, Instantaneous Phase Loss : 1.517, Group Delay Loss : 0.485, Phase Time Difference Loss : 0.707, STFT Consistency Loss : 0.070, Real Part Loss : 0.109, Imaginary Part Loss : 0.105, Mel Spectrogram Loss : 0.505, Mel Spectrogram L2 Loss : 0.568, Commit Loss : 5.739, s/b : 0.215
Steps : 5525, Gen Loss Total : 432.880, Amplitude Loss : 0.474, Instantaneous Phase Loss : 1.519, Group Delay Loss : 0.484, Phase Time Difference Loss : 0.707, STFT Consistency Loss : 0.080, Real Part Loss : 0.136, Imaginary Part Loss : 0.127, Mel Spectrogram Loss : 0.485, Mel Spectrogram L2 Loss : 0.523, Commit Loss : 5.428, s/b : 0.230
Steps : 5530, Gen Loss Total : 436.676, Amplitude Loss : 0.465, Instantaneous Phase Loss : 1.513, Group Delay Loss : 0.479, Phase Time Difference Loss : 0.698, STFT Consistency Loss : 0.107, Real Part Loss : 0.127, Imaginary Part Loss : 0.117, Mel Spectrogram Loss : 0.479, Mel Spectrogram L2 Loss : 0.527, Commit Loss : 6.010, s/b : 0.186
Steps : 5535, Gen Loss Total : 421.142, Amplitude Loss : 0.437, Instantaneous Phase Loss : 1.514, Group Delay Loss : 0.478, Phase Time Difference Loss : 0.696, STFT Consistency Loss : 0.037, Real Part Loss : 0.084, Imaginary Part Loss : 0.078, Mel Spectrogram Loss : 0.443, Mel Spectrogram L2 Loss : 0.465, Commit Loss : 5.629, s/b : 0.230
Steps : 5540, Gen Loss Total : 421.610, Amplitude Loss : 0.473, Instantaneous Phase Loss : 1.522, Group Delay Loss : 0.478, Phase Time Difference Loss : 0.699, STFT Consistency Loss : 0.086, Real Part Loss : 0.098, Imaginary Part Loss : 0.092, Mel Spectrogram Loss : 0.489, Mel Spectrogram L2 Loss : 0.542, Commit Loss : 4.950, s/b : 0.222
Steps : 5545, Gen Loss Total : 430.376, Amplitude Loss : 0.488, Instantaneous Phase Loss : 1.518, Group Delay Loss : 0.483, Phase Time Difference Loss : 0.704, STFT Consistency Loss : 0.065, Real Part Loss : 0.114, Imaginary Part Loss : 0.106, Mel Spectrogram Loss : 0.469, Mel Spectrogram L2 Loss : 0.494, Commit Loss : 5.566, s/b : 0.277
Steps : 5550, Gen Loss Total : 438.252, Amplitude Loss : 0.474, Instantaneous Phase Loss : 1.521, Group Delay Loss : 0.483, Phase Time Difference Loss : 0.705, STFT Consistency Loss : 0.085, Real Part Loss : 0.154, Imaginary Part Loss : 0.148, Mel Spectrogram Loss : 0.492, Mel Spectrogram L2 Loss : 0.524, Commit Loss : 5.797, s/b : 0.224
Steps : 5555, Gen Loss Total : 434.868, Amplitude Loss : 0.498, Instantaneous Phase Loss : 1.528, Group Delay Loss : 0.484, Phase Time Difference Loss : 0.705, STFT Consistency Loss : 0.081, Real Part Loss : 0.138, Imaginary Part Loss : 0.134, Mel Spectrogram Loss : 0.488, Mel Spectrogram L2 Loss : 0.554, Commit Loss : 5.051, s/b : 0.243
Steps : 5560, Gen Loss Total : 425.958, Amplitude Loss : 0.442, Instantaneous Phase Loss : 1.517, Group Delay Loss : 0.482, Phase Time Difference Loss : 0.703, STFT Consistency Loss : 0.067, Real Part Loss : 0.091, Imaginary Part Loss : 0.086, Mel Spectrogram Loss : 0.426, Mel Spectrogram L2 Loss : 0.437, Commit Loss : 6.092, s/b : 0.236
Steps : 5565, Gen Loss Total : 439.772, Amplitude Loss : 0.513, Instantaneous Phase Loss : 1.510, Group Delay Loss : 0.479, Phase Time Difference Loss : 0.697, STFT Consistency Loss : 0.073, Real Part Loss : 0.104, Imaginary Part Loss : 0.097, Mel Spectrogram Loss : 0.492, Mel Spectrogram L2 Loss : 0.570, Commit Loss : 6.158, s/b : 0.254
Steps : 5570, Gen Loss Total : 428.496, Amplitude Loss : 0.468, Instantaneous Phase Loss : 1.513, Group Delay Loss : 0.478, Phase Time Difference Loss : 0.696, STFT Consistency Loss : 0.044, Real Part Loss : 0.091, Imaginary Part Loss : 0.084, Mel Spectrogram Loss : 0.475, Mel Spectrogram L2 Loss : 0.525, Commit Loss : 5.789, s/b : 0.222
Steps : 5575, Gen Loss Total : 447.730, Amplitude Loss : 0.539, Instantaneous Phase Loss : 1.511, Group Delay Loss : 0.481, Phase Time Difference Loss : 0.703, STFT Consistency Loss : 0.068, Real Part Loss : 0.124, Imaginary Part Loss : 0.120, Mel Spectrogram Loss : 0.535, Mel Spectrogram L2 Loss : 0.650, Commit Loss : 6.007, s/b : 0.216
Steps : 5580, Gen Loss Total : 444.418, Amplitude Loss : 0.467, Instantaneous Phase Loss : 1.516, Group Delay Loss : 0.480, Phase Time Difference Loss : 0.703, STFT Consistency Loss : 0.065, Real Part Loss : 0.126, Imaginary Part Loss : 0.118, Mel Spectrogram Loss : 0.489, Mel Spectrogram L2 Loss : 0.532, Commit Loss : 6.434, s/b : 0.217
Steps : 5585, Gen Loss Total : 434.849, Amplitude Loss : 0.451, Instantaneous Phase Loss : 1.502, Group Delay Loss : 0.481, Phase Time Difference Loss : 0.699, STFT Consistency Loss : 0.087, Real Part Loss : 0.151, Imaginary Part Loss : 0.138, Mel Spectrogram Loss : 0.463, Mel Spectrogram L2 Loss : 0.482, Commit Loss : 5.946, s/b : 0.206
Steps : 5590, Gen Loss Total : 447.127, Amplitude Loss : 0.475, Instantaneous Phase Loss : 1.497, Group Delay Loss : 0.481, Phase Time Difference Loss : 0.698, STFT Consistency Loss : 0.092, Real Part Loss : 0.118, Imaginary Part Loss : 0.108, Mel Spectrogram Loss : 0.481, Mel Spectrogram L2 Loss : 0.542, Commit Loss : 6.865, s/b : 0.224
Steps : 5595, Gen Loss Total : 454.418, Amplitude Loss : 0.528, Instantaneous Phase Loss : 1.512, Group Delay Loss : 0.482, Phase Time Difference Loss : 0.704, STFT Consistency Loss : 0.093, Real Part Loss : 0.162, Imaginary Part Loss : 0.150, Mel Spectrogram Loss : 0.532, Mel Spectrogram L2 Loss : 0.617, Commit Loss : 6.298, s/b : 0.219
Steps : 5600, Gen Loss Total : 439.313, Amplitude Loss : 0.482, Instantaneous Phase Loss : 1.516, Group Delay Loss : 0.485, Phase Time Difference Loss : 0.705, STFT Consistency Loss : 0.111, Real Part Loss : 0.127, Imaginary Part Loss : 0.122, Mel Spectrogram Loss : 0.484, Mel Spectrogram L2 Loss : 0.530, Commit Loss : 5.872, s/b : 0.238
Steps : 5605, Gen Loss Total : 400.746, Amplitude Loss : 0.409, Instantaneous Phase Loss : 1.533, Group Delay Loss : 0.476, Phase Time Difference Loss : 0.695, STFT Consistency Loss : 0.056, Real Part Loss : 0.082, Imaginary Part Loss : 0.077, Mel Spectrogram Loss : 0.430, Mel Spectrogram L2 Loss : 0.421, Commit Loss : 4.220, s/b : 0.228
Steps : 5610, Gen Loss Total : 429.367, Amplitude Loss : 0.496, Instantaneous Phase Loss : 1.521, Group Delay Loss : 0.482, Phase Time Difference Loss : 0.704, STFT Consistency Loss : 0.042, Real Part Loss : 0.091, Imaginary Part Loss : 0.085, Mel Spectrogram Loss : 0.504, Mel Spectrogram L2 Loss : 0.577, Commit Loss : 5.258, s/b : 0.228
Steps : 5615, Gen Loss Total : 425.016, Amplitude Loss : 0.469, Instantaneous Phase Loss : 1.518, Group Delay Loss : 0.478, Phase Time Difference Loss : 0.695, STFT Consistency Loss : 0.098, Real Part Loss : 0.122, Imaginary Part Loss : 0.116, Mel Spectrogram Loss : 0.463, Mel Spectrogram L2 Loss : 0.481, Commit Loss : 5.324, s/b : 0.224
Steps : 5620, Gen Loss Total : 405.236, Amplitude Loss : 0.434, Instantaneous Phase Loss : 1.529, Group Delay Loss : 0.478, Phase Time Difference Loss : 0.693, STFT Consistency Loss : 0.045, Real Part Loss : 0.058, Imaginary Part Loss : 0.053, Mel Spectrogram Loss : 0.459, Mel Spectrogram L2 Loss : 0.475, Commit Loss : 4.545, s/b : 0.112
Time taken for epoch 45 is 28 sec

Epoch: 46
Steps : 5625, Gen Loss Total : 443.278, Amplitude Loss : 0.502, Instantaneous Phase Loss : 1.514, Group Delay Loss : 0.481, Phase Time Difference Loss : 0.701, STFT Consistency Loss : 0.067, Real Part Loss : 0.122, Imaginary Part Loss : 0.113, Mel Spectrogram Loss : 0.510, Mel Spectrogram L2 Loss : 0.601, Commit Loss : 6.041, s/b : 0.380
Steps : 5630, Gen Loss Total : 432.643, Amplitude Loss : 0.455, Instantaneous Phase Loss : 1.525, Group Delay Loss : 0.484, Phase Time Difference Loss : 0.702, STFT Consistency Loss : 0.045, Real Part Loss : 0.095, Imaginary Part Loss : 0.093, Mel Spectrogram Loss : 0.479, Mel Spectrogram L2 Loss : 0.527, Commit Loss : 5.870, s/b : 0.225
Steps : 5635, Gen Loss Total : 436.579, Amplitude Loss : 0.453, Instantaneous Phase Loss : 1.521, Group Delay Loss : 0.486, Phase Time Difference Loss : 0.708, STFT Consistency Loss : 0.080, Real Part Loss : 0.110, Imaginary Part Loss : 0.105, Mel Spectrogram Loss : 0.472, Mel Spectrogram L2 Loss : 0.495, Commit Loss : 6.058, s/b : 0.222
Steps : 5640, Gen Loss Total : 430.168, Amplitude Loss : 0.459, Instantaneous Phase Loss : 1.523, Group Delay Loss : 0.483, Phase Time Difference Loss : 0.702, STFT Consistency Loss : 0.075, Real Part Loss : 0.106, Imaginary Part Loss : 0.099, Mel Spectrogram Loss : 0.467, Mel Spectrogram L2 Loss : 0.500, Commit Loss : 5.776, s/b : 0.213
Steps : 5645, Gen Loss Total : 418.953, Amplitude Loss : 0.439, Instantaneous Phase Loss : 1.524, Group Delay Loss : 0.478, Phase Time Difference Loss : 0.697, STFT Consistency Loss : 0.062, Real Part Loss : 0.074, Imaginary Part Loss : 0.069, Mel Spectrogram Loss : 0.455, Mel Spectrogram L2 Loss : 0.484, Commit Loss : 5.416, s/b : 0.223
Steps : 5650, Gen Loss Total : 442.494, Amplitude Loss : 0.474, Instantaneous Phase Loss : 1.520, Group Delay Loss : 0.481, Phase Time Difference Loss : 0.702, STFT Consistency Loss : 0.076, Real Part Loss : 0.124, Imaginary Part Loss : 0.114, Mel Spectrogram Loss : 0.495, Mel Spectrogram L2 Loss : 0.547, Commit Loss : 6.099, s/b : 0.260
Steps : 5655, Gen Loss Total : 427.533, Amplitude Loss : 0.466, Instantaneous Phase Loss : 1.511, Group Delay Loss : 0.479, Phase Time Difference Loss : 0.698, STFT Consistency Loss : 0.067, Real Part Loss : 0.109, Imaginary Part Loss : 0.103, Mel Spectrogram Loss : 0.458, Mel Spectrogram L2 Loss : 0.491, Commit Loss : 5.703, s/b : 0.226
Steps : 5660, Gen Loss Total : 421.573, Amplitude Loss : 0.442, Instantaneous Phase Loss : 1.507, Group Delay Loss : 0.476, Phase Time Difference Loss : 0.694, STFT Consistency Loss : 0.062, Real Part Loss : 0.102, Imaginary Part Loss : 0.098, Mel Spectrogram Loss : 0.456, Mel Spectrogram L2 Loss : 0.476, Commit Loss : 5.492, s/b : 0.211
Steps : 5665, Gen Loss Total : 432.286, Amplitude Loss : 0.505, Instantaneous Phase Loss : 1.516, Group Delay Loss : 0.479, Phase Time Difference Loss : 0.698, STFT Consistency Loss : 0.080, Real Part Loss : 0.129, Imaginary Part Loss : 0.124, Mel Spectrogram Loss : 0.475, Mel Spectrogram L2 Loss : 0.581, Commit Loss : 5.274, s/b : 0.213
Steps : 5670, Gen Loss Total : 428.753, Amplitude Loss : 0.459, Instantaneous Phase Loss : 1.520, Group Delay Loss : 0.480, Phase Time Difference Loss : 0.696, STFT Consistency Loss : 0.067, Real Part Loss : 0.095, Imaginary Part Loss : 0.090, Mel Spectrogram Loss : 0.471, Mel Spectrogram L2 Loss : 0.521, Commit Loss : 5.712, s/b : 0.219
Steps : 5675, Gen Loss Total : 420.309, Amplitude Loss : 0.428, Instantaneous Phase Loss : 1.521, Group Delay Loss : 0.480, Phase Time Difference Loss : 0.697, STFT Consistency Loss : 0.060, Real Part Loss : 0.097, Imaginary Part Loss : 0.090, Mel Spectrogram Loss : 0.444, Mel Spectrogram L2 Loss : 0.460, Commit Loss : 5.470, s/b : 0.223
Steps : 5680, Gen Loss Total : 393.814, Amplitude Loss : 0.404, Instantaneous Phase Loss : 1.527, Group Delay Loss : 0.476, Phase Time Difference Loss : 0.693, STFT Consistency Loss : 0.018, Real Part Loss : 0.043, Imaginary Part Loss : 0.040, Mel Spectrogram Loss : 0.425, Mel Spectrogram L2 Loss : 0.413, Commit Loss : 4.233, s/b : 0.217
Steps : 5685, Gen Loss Total : 423.114, Amplitude Loss : 0.445, Instantaneous Phase Loss : 1.532, Group Delay Loss : 0.481, Phase Time Difference Loss : 0.702, STFT Consistency Loss : 0.084, Real Part Loss : 0.108, Imaginary Part Loss : 0.102, Mel Spectrogram Loss : 0.435, Mel Spectrogram L2 Loss : 0.458, Commit Loss : 5.402, s/b : 0.212
Steps : 5690, Gen Loss Total : 442.778, Amplitude Loss : 0.496, Instantaneous Phase Loss : 1.508, Group Delay Loss : 0.482, Phase Time Difference Loss : 0.701, STFT Consistency Loss : 0.087, Real Part Loss : 0.128, Imaginary Part Loss : 0.119, Mel Spectrogram Loss : 0.511, Mel Spectrogram L2 Loss : 0.591, Commit Loss : 5.966, s/b : 0.249
Steps : 5695, Gen Loss Total : 425.209, Amplitude Loss : 0.451, Instantaneous Phase Loss : 1.521, Group Delay Loss : 0.481, Phase Time Difference Loss : 0.701, STFT Consistency Loss : 0.065, Real Part Loss : 0.113, Imaginary Part Loss : 0.104, Mel Spectrogram Loss : 0.467, Mel Spectrogram L2 Loss : 0.491, Commit Loss : 5.353, s/b : 0.236
Steps : 5700, Gen Loss Total : 459.292, Amplitude Loss : 0.579, Instantaneous Phase Loss : 1.508, Group Delay Loss : 0.481, Phase Time Difference Loss : 0.701, STFT Consistency Loss : 0.139, Real Part Loss : 0.164, Imaginary Part Loss : 0.161, Mel Spectrogram Loss : 0.541, Mel Spectrogram L2 Loss : 0.667, Commit Loss : 6.357, s/b : 0.223
Steps : 5705, Gen Loss Total : 434.590, Amplitude Loss : 0.460, Instantaneous Phase Loss : 1.521, Group Delay Loss : 0.484, Phase Time Difference Loss : 0.707, STFT Consistency Loss : 0.050, Real Part Loss : 0.107, Imaginary Part Loss : 0.099, Mel Spectrogram Loss : 0.497, Mel Spectrogram L2 Loss : 0.547, Commit Loss : 5.656, s/b : 0.221
Steps : 5710, Gen Loss Total : 435.910, Amplitude Loss : 0.434, Instantaneous Phase Loss : 1.518, Group Delay Loss : 0.483, Phase Time Difference Loss : 0.700, STFT Consistency Loss : 0.071, Real Part Loss : 0.129, Imaginary Part Loss : 0.118, Mel Spectrogram Loss : 0.484, Mel Spectrogram L2 Loss : 0.515, Commit Loss : 5.914, s/b : 0.285
Steps : 5715, Gen Loss Total : 430.418, Amplitude Loss : 0.455, Instantaneous Phase Loss : 1.518, Group Delay Loss : 0.479, Phase Time Difference Loss : 0.700, STFT Consistency Loss : 0.079, Real Part Loss : 0.127, Imaginary Part Loss : 0.123, Mel Spectrogram Loss : 0.479, Mel Spectrogram L2 Loss : 0.512, Commit Loss : 5.443, s/b : 0.222
Steps : 5720, Gen Loss Total : 419.587, Amplitude Loss : 0.508, Instantaneous Phase Loss : 1.522, Group Delay Loss : 0.477, Phase Time Difference Loss : 0.698, STFT Consistency Loss : 0.044, Real Part Loss : 0.077, Imaginary Part Loss : 0.072, Mel Spectrogram Loss : 0.477, Mel Spectrogram L2 Loss : 0.544, Commit Loss : 5.079, s/b : 0.181
Steps : 5725, Gen Loss Total : 398.832, Amplitude Loss : 0.398, Instantaneous Phase Loss : 1.540, Group Delay Loss : 0.478, Phase Time Difference Loss : 0.694, STFT Consistency Loss : 0.039, Real Part Loss : 0.055, Imaginary Part Loss : 0.053, Mel Spectrogram Loss : 0.422, Mel Spectrogram L2 Loss : 0.409, Commit Loss : 4.348, s/b : 0.211
Steps : 5730, Gen Loss Total : 422.304, Amplitude Loss : 0.446, Instantaneous Phase Loss : 1.513, Group Delay Loss : 0.481, Phase Time Difference Loss : 0.699, STFT Consistency Loss : 0.100, Real Part Loss : 0.128, Imaginary Part Loss : 0.125, Mel Spectrogram Loss : 0.463, Mel Spectrogram L2 Loss : 0.477, Commit Loss : 5.120, s/b : 0.230
Steps : 5735, Gen Loss Total : 447.679, Amplitude Loss : 0.505, Instantaneous Phase Loss : 1.516, Group Delay Loss : 0.484, Phase Time Difference Loss : 0.703, STFT Consistency Loss : 0.083, Real Part Loss : 0.144, Imaginary Part Loss : 0.136, Mel Spectrogram Loss : 0.489, Mel Spectrogram L2 Loss : 0.559, Commit Loss : 6.236, s/b : 0.238
Steps : 5740, Gen Loss Total : 431.250, Amplitude Loss : 0.446, Instantaneous Phase Loss : 1.531, Group Delay Loss : 0.484, Phase Time Difference Loss : 0.705, STFT Consistency Loss : 0.046, Real Part Loss : 0.082, Imaginary Part Loss : 0.077, Mel Spectrogram Loss : 0.462, Mel Spectrogram L2 Loss : 0.479, Commit Loss : 6.144, s/b : 0.234
Steps : 5745, Gen Loss Total : 455.857, Amplitude Loss : 0.460, Instantaneous Phase Loss : 1.503, Group Delay Loss : 0.482, Phase Time Difference Loss : 0.699, STFT Consistency Loss : 0.186, Real Part Loss : 0.160, Imaginary Part Loss : 0.150, Mel Spectrogram Loss : 0.493, Mel Spectrogram L2 Loss : 0.544, Commit Loss : 7.067, s/b : 0.118
Time taken for epoch 46 is 28 sec

Epoch: 47
Steps : 5750, Gen Loss Total : 425.871, Amplitude Loss : 0.443, Instantaneous Phase Loss : 1.517, Group Delay Loss : 0.486, Phase Time Difference Loss : 0.708, STFT Consistency Loss : 0.104, Real Part Loss : 0.115, Imaginary Part Loss : 0.111, Mel Spectrogram Loss : 0.473, Mel Spectrogram L2 Loss : 0.499, Commit Loss : 5.241, s/b : 0.363
Steps : 5755, Gen Loss Total : 422.637, Amplitude Loss : 0.437, Instantaneous Phase Loss : 1.519, Group Delay Loss : 0.475, Phase Time Difference Loss : 0.692, STFT Consistency Loss : 0.051, Real Part Loss : 0.079, Imaginary Part Loss : 0.074, Mel Spectrogram Loss : 0.457, Mel Spectrogram L2 Loss : 0.478, Commit Loss : 5.831, s/b : 0.167
Steps : 5760, Gen Loss Total : 436.980, Amplitude Loss : 0.464, Instantaneous Phase Loss : 1.511, Group Delay Loss : 0.483, Phase Time Difference Loss : 0.706, STFT Consistency Loss : 0.084, Real Part Loss : 0.118, Imaginary Part Loss : 0.113, Mel Spectrogram Loss : 0.466, Mel Spectrogram L2 Loss : 0.493, Commit Loss : 6.103, s/b : 0.258
Steps : 5765, Gen Loss Total : 437.655, Amplitude Loss : 0.458, Instantaneous Phase Loss : 1.500, Group Delay Loss : 0.477, Phase Time Difference Loss : 0.691, STFT Consistency Loss : 0.101, Real Part Loss : 0.122, Imaginary Part Loss : 0.113, Mel Spectrogram Loss : 0.478, Mel Spectrogram L2 Loss : 0.513, Commit Loss : 6.357, s/b : 0.229
Steps : 5770, Gen Loss Total : 428.223, Amplitude Loss : 0.441, Instantaneous Phase Loss : 1.520, Group Delay Loss : 0.480, Phase Time Difference Loss : 0.698, STFT Consistency Loss : 0.040, Real Part Loss : 0.076, Imaginary Part Loss : 0.072, Mel Spectrogram Loss : 0.467, Mel Spectrogram L2 Loss : 0.489, Commit Loss : 6.039, s/b : 0.223
Steps : 5775, Gen Loss Total : 433.026, Amplitude Loss : 0.469, Instantaneous Phase Loss : 1.505, Group Delay Loss : 0.483, Phase Time Difference Loss : 0.702, STFT Consistency Loss : 0.103, Real Part Loss : 0.122, Imaginary Part Loss : 0.107, Mel Spectrogram Loss : 0.499, Mel Spectrogram L2 Loss : 0.555, Commit Loss : 5.563, s/b : 0.217
Steps : 5780, Gen Loss Total : 431.689, Amplitude Loss : 0.442, Instantaneous Phase Loss : 1.507, Group Delay Loss : 0.480, Phase Time Difference Loss : 0.697, STFT Consistency Loss : 0.076, Real Part Loss : 0.122, Imaginary Part Loss : 0.118, Mel Spectrogram Loss : 0.447, Mel Spectrogram L2 Loss : 0.473, Commit Loss : 6.058, s/b : 0.242
Steps : 5785, Gen Loss Total : 411.847, Amplitude Loss : 0.438, Instantaneous Phase Loss : 1.526, Group Delay Loss : 0.481, Phase Time Difference Loss : 0.702, STFT Consistency Loss : 0.026, Real Part Loss : 0.071, Imaginary Part Loss : 0.067, Mel Spectrogram Loss : 0.428, Mel Spectrogram L2 Loss : 0.431, Commit Loss : 5.275, s/b : 0.256
Steps : 5790, Gen Loss Total : 422.149, Amplitude Loss : 0.461, Instantaneous Phase Loss : 1.521, Group Delay Loss : 0.479, Phase Time Difference Loss : 0.698, STFT Consistency Loss : 0.040, Real Part Loss : 0.090, Imaginary Part Loss : 0.085, Mel Spectrogram Loss : 0.478, Mel Spectrogram L2 Loss : 0.530, Commit Loss : 5.138, s/b : 0.210
Steps : 5795, Gen Loss Total : 413.845, Amplitude Loss : 0.438, Instantaneous Phase Loss : 1.518, Group Delay Loss : 0.481, Phase Time Difference Loss : 0.699, STFT Consistency Loss : 0.050, Real Part Loss : 0.097, Imaginary Part Loss : 0.089, Mel Spectrogram Loss : 0.417, Mel Spectrogram L2 Loss : 0.424, Commit Loss : 5.191, s/b : 0.225
Steps : 5800, Gen Loss Total : 427.082, Amplitude Loss : 0.456, Instantaneous Phase Loss : 1.507, Group Delay Loss : 0.481, Phase Time Difference Loss : 0.699, STFT Consistency Loss : 0.060, Real Part Loss : 0.116, Imaginary Part Loss : 0.108, Mel Spectrogram Loss : 0.482, Mel Spectrogram L2 Loss : 0.506, Commit Loss : 5.460, s/b : 0.235
Steps : 5805, Gen Loss Total : 430.564, Amplitude Loss : 0.472, Instantaneous Phase Loss : 1.526, Group Delay Loss : 0.481, Phase Time Difference Loss : 0.700, STFT Consistency Loss : 0.101, Real Part Loss : 0.123, Imaginary Part Loss : 0.119, Mel Spectrogram Loss : 0.474, Mel Spectrogram L2 Loss : 0.510, Commit Loss : 5.345, s/b : 0.306
Steps : 5810, Gen Loss Total : 427.290, Amplitude Loss : 0.440, Instantaneous Phase Loss : 1.506, Group Delay Loss : 0.481, Phase Time Difference Loss : 0.697, STFT Consistency Loss : 0.084, Real Part Loss : 0.119, Imaginary Part Loss : 0.113, Mel Spectrogram Loss : 0.459, Mel Spectrogram L2 Loss : 0.473, Commit Loss : 5.759, s/b : 0.175
Steps : 5815, Gen Loss Total : 437.337, Amplitude Loss : 0.488, Instantaneous Phase Loss : 1.497, Group Delay Loss : 0.478, Phase Time Difference Loss : 0.696, STFT Consistency Loss : 0.079, Real Part Loss : 0.117, Imaginary Part Loss : 0.111, Mel Spectrogram Loss : 0.495, Mel Spectrogram L2 Loss : 0.541, Commit Loss : 6.104, s/b : 0.232
Steps : 5820, Gen Loss Total : 436.281, Amplitude Loss : 0.459, Instantaneous Phase Loss : 1.516, Group Delay Loss : 0.483, Phase Time Difference Loss : 0.705, STFT Consistency Loss : 0.068, Real Part Loss : 0.136, Imaginary Part Loss : 0.125, Mel Spectrogram Loss : 0.486, Mel Spectrogram L2 Loss : 0.513, Commit Loss : 5.764, s/b : 0.223
Steps : 5825, Gen Loss Total : 445.602, Amplitude Loss : 0.487, Instantaneous Phase Loss : 1.511, Group Delay Loss : 0.482, Phase Time Difference Loss : 0.701, STFT Consistency Loss : 0.110, Real Part Loss : 0.120, Imaginary Part Loss : 0.113, Mel Spectrogram Loss : 0.454, Mel Spectrogram L2 Loss : 0.491, Commit Loss : 6.960, s/b : 0.220
Steps : 5830, Gen Loss Total : 411.432, Amplitude Loss : 0.417, Instantaneous Phase Loss : 1.524, Group Delay Loss : 0.479, Phase Time Difference Loss : 0.698, STFT Consistency Loss : 0.062, Real Part Loss : 0.082, Imaginary Part Loss : 0.078, Mel Spectrogram Loss : 0.401, Mel Spectrogram L2 Loss : 0.387, Commit Loss : 5.306, s/b : 0.218
Steps : 5835, Gen Loss Total : 438.082, Amplitude Loss : 0.477, Instantaneous Phase Loss : 1.509, Group Delay Loss : 0.481, Phase Time Difference Loss : 0.700, STFT Consistency Loss : 0.129, Real Part Loss : 0.129, Imaginary Part Loss : 0.125, Mel Spectrogram Loss : 0.491, Mel Spectrogram L2 Loss : 0.540, Commit Loss : 5.876, s/b : 0.214
Steps : 5840, Gen Loss Total : 444.396, Amplitude Loss : 0.517, Instantaneous Phase Loss : 1.513, Group Delay Loss : 0.481, Phase Time Difference Loss : 0.699, STFT Consistency Loss : 0.134, Real Part Loss : 0.155, Imaginary Part Loss : 0.148, Mel Spectrogram Loss : 0.480, Mel Spectrogram L2 Loss : 0.539, Commit Loss : 6.024, s/b : 0.215
Steps : 5845, Gen Loss Total : 426.384, Amplitude Loss : 0.467, Instantaneous Phase Loss : 1.532, Group Delay Loss : 0.482, Phase Time Difference Loss : 0.706, STFT Consistency Loss : 0.067, Real Part Loss : 0.106, Imaginary Part Loss : 0.100, Mel Spectrogram Loss : 0.432, Mel Spectrogram L2 Loss : 0.456, Commit Loss : 5.558, s/b : 0.230
Steps : 5850, Gen Loss Total : 428.395, Amplitude Loss : 0.451, Instantaneous Phase Loss : 1.524, Group Delay Loss : 0.484, Phase Time Difference Loss : 0.705, STFT Consistency Loss : 0.094, Real Part Loss : 0.124, Imaginary Part Loss : 0.116, Mel Spectrogram Loss : 0.498, Mel Spectrogram L2 Loss : 0.544, Commit Loss : 5.018, s/b : 0.230
Steps : 5855, Gen Loss Total : 412.759, Amplitude Loss : 0.440, Instantaneous Phase Loss : 1.528, Group Delay Loss : 0.477, Phase Time Difference Loss : 0.694, STFT Consistency Loss : 0.076, Real Part Loss : 0.086, Imaginary Part Loss : 0.081, Mel Spectrogram Loss : 0.443, Mel Spectrogram L2 Loss : 0.452, Commit Loss : 4.954, s/b : 0.251
Steps : 5860, Gen Loss Total : 416.828, Amplitude Loss : 0.441, Instantaneous Phase Loss : 1.528, Group Delay Loss : 0.478, Phase Time Difference Loss : 0.695, STFT Consistency Loss : 0.065, Real Part Loss : 0.097, Imaginary Part Loss : 0.094, Mel Spectrogram Loss : 0.432, Mel Spectrogram L2 Loss : 0.450, Commit Loss : 5.169, s/b : 0.226
Steps : 5865, Gen Loss Total : 410.484, Amplitude Loss : 0.423, Instantaneous Phase Loss : 1.521, Group Delay Loss : 0.480, Phase Time Difference Loss : 0.698, STFT Consistency Loss : 0.050, Real Part Loss : 0.082, Imaginary Part Loss : 0.077, Mel Spectrogram Loss : 0.438, Mel Spectrogram L2 Loss : 0.438, Commit Loss : 4.878, s/b : 0.211
Steps : 5870, Gen Loss Total : 411.098, Amplitude Loss : 0.426, Instantaneous Phase Loss : 1.515, Group Delay Loss : 0.481, Phase Time Difference Loss : 0.700, STFT Consistency Loss : 0.099, Real Part Loss : 0.094, Imaginary Part Loss : 0.087, Mel Spectrogram Loss : 0.444, Mel Spectrogram L2 Loss : 0.448, Commit Loss : 4.864, s/b : 0.112
Time taken for epoch 47 is 28 sec

Epoch: 48
Steps : 5875, Gen Loss Total : 430.008, Amplitude Loss : 0.472, Instantaneous Phase Loss : 1.527, Group Delay Loss : 0.485, Phase Time Difference Loss : 0.710, STFT Consistency Loss : 0.083, Real Part Loss : 0.120, Imaginary Part Loss : 0.115, Mel Spectrogram Loss : 0.466, Mel Spectrogram L2 Loss : 0.497, Commit Loss : 5.320, s/b : 0.367
Steps : 5880, Gen Loss Total : 409.658, Amplitude Loss : 0.426, Instantaneous Phase Loss : 1.523, Group Delay Loss : 0.481, Phase Time Difference Loss : 0.695, STFT Consistency Loss : 0.025, Real Part Loss : 0.065, Imaginary Part Loss : 0.060, Mel Spectrogram Loss : 0.461, Mel Spectrogram L2 Loss : 0.471, Commit Loss : 4.923, s/b : 0.222
Steps : 5885, Gen Loss Total : 431.215, Amplitude Loss : 0.486, Instantaneous Phase Loss : 1.517, Group Delay Loss : 0.480, Phase Time Difference Loss : 0.700, STFT Consistency Loss : 0.122, Real Part Loss : 0.123, Imaginary Part Loss : 0.116, Mel Spectrogram Loss : 0.464, Mel Spectrogram L2 Loss : 0.491, Commit Loss : 5.649, s/b : 0.243
Steps : 5890, Gen Loss Total : 409.713, Amplitude Loss : 0.419, Instantaneous Phase Loss : 1.531, Group Delay Loss : 0.480, Phase Time Difference Loss : 0.703, STFT Consistency Loss : 0.035, Real Part Loss : 0.084, Imaginary Part Loss : 0.081, Mel Spectrogram Loss : 0.438, Mel Spectrogram L2 Loss : 0.441, Commit Loss : 4.757, s/b : 0.223
Steps : 5895, Gen Loss Total : 424.594, Amplitude Loss : 0.471, Instantaneous Phase Loss : 1.510, Group Delay Loss : 0.479, Phase Time Difference Loss : 0.700, STFT Consistency Loss : 0.042, Real Part Loss : 0.099, Imaginary Part Loss : 0.094, Mel Spectrogram Loss : 0.500, Mel Spectrogram L2 Loss : 0.557, Commit Loss : 5.092, s/b : 0.229
Steps : 5900, Gen Loss Total : 439.211, Amplitude Loss : 0.468, Instantaneous Phase Loss : 1.509, Group Delay Loss : 0.481, Phase Time Difference Loss : 0.705, STFT Consistency Loss : 0.083, Real Part Loss : 0.143, Imaginary Part Loss : 0.132, Mel Spectrogram Loss : 0.488, Mel Spectrogram L2 Loss : 0.527, Commit Loss : 5.817, s/b : 0.236
Steps : 5905, Gen Loss Total : 418.740, Amplitude Loss : 0.423, Instantaneous Phase Loss : 1.523, Group Delay Loss : 0.481, Phase Time Difference Loss : 0.700, STFT Consistency Loss : 0.089, Real Part Loss : 0.112, Imaginary Part Loss : 0.107, Mel Spectrogram Loss : 0.410, Mel Spectrogram L2 Loss : 0.414, Commit Loss : 5.388, s/b : 0.226
Steps : 5910, Gen Loss Total : 458.190, Amplitude Loss : 0.485, Instantaneous Phase Loss : 1.501, Group Delay Loss : 0.476, Phase Time Difference Loss : 0.693, STFT Consistency Loss : 0.107, Real Part Loss : 0.133, Imaginary Part Loss : 0.127, Mel Spectrogram Loss : 0.492, Mel Spectrogram L2 Loss : 0.549, Commit Loss : 7.631, s/b : 0.222
Steps : 5915, Gen Loss Total : 415.156, Amplitude Loss : 0.434, Instantaneous Phase Loss : 1.513, Group Delay Loss : 0.479, Phase Time Difference Loss : 0.701, STFT Consistency Loss : 0.096, Real Part Loss : 0.105, Imaginary Part Loss : 0.101, Mel Spectrogram Loss : 0.430, Mel Spectrogram L2 Loss : 0.425, Commit Loss : 5.168, s/b : 0.209
Steps : 5920, Gen Loss Total : 423.407, Amplitude Loss : 0.438, Instantaneous Phase Loss : 1.513, Group Delay Loss : 0.479, Phase Time Difference Loss : 0.700, STFT Consistency Loss : 0.078, Real Part Loss : 0.109, Imaginary Part Loss : 0.106, Mel Spectrogram Loss : 0.436, Mel Spectrogram L2 Loss : 0.456, Commit Loss : 5.700, s/b : 0.201
Steps : 5925, Gen Loss Total : 431.020, Amplitude Loss : 0.420, Instantaneous Phase Loss : 1.510, Group Delay Loss : 0.480, Phase Time Difference Loss : 0.698, STFT Consistency Loss : 0.082, Real Part Loss : 0.138, Imaginary Part Loss : 0.134, Mel Spectrogram Loss : 0.465, Mel Spectrogram L2 Loss : 0.477, Commit Loss : 5.825, s/b : 0.252
Steps : 5930, Gen Loss Total : 419.805, Amplitude Loss : 0.439, Instantaneous Phase Loss : 1.521, Group Delay Loss : 0.483, Phase Time Difference Loss : 0.700, STFT Consistency Loss : 0.084, Real Part Loss : 0.119, Imaginary Part Loss : 0.112, Mel Spectrogram Loss : 0.433, Mel Spectrogram L2 Loss : 0.442, Commit Loss : 5.050, s/b : 0.264
Steps : 5935, Gen Loss Total : 445.324, Amplitude Loss : 0.457, Instantaneous Phase Loss : 1.514, Group Delay Loss : 0.485, Phase Time Difference Loss : 0.709, STFT Consistency Loss : 0.138, Real Part Loss : 0.181, Imaginary Part Loss : 0.171, Mel Spectrogram Loss : 0.478, Mel Spectrogram L2 Loss : 0.513, Commit Loss : 6.087, s/b : 0.229
Steps : 5940, Gen Loss Total : 427.570, Amplitude Loss : 0.474, Instantaneous Phase Loss : 1.499, Group Delay Loss : 0.476, Phase Time Difference Loss : 0.691, STFT Consistency Loss : 0.086, Real Part Loss : 0.107, Imaginary Part Loss : 0.104, Mel Spectrogram Loss : 0.456, Mel Spectrogram L2 Loss : 0.488, Commit Loss : 5.949, s/b : 0.236
Steps : 5945, Gen Loss Total : 417.887, Amplitude Loss : 0.452, Instantaneous Phase Loss : 1.504, Group Delay Loss : 0.474, Phase Time Difference Loss : 0.690, STFT Consistency Loss : 0.066, Real Part Loss : 0.090, Imaginary Part Loss : 0.086, Mel Spectrogram Loss : 0.439, Mel Spectrogram L2 Loss : 0.457, Commit Loss : 5.517, s/b : 0.231
Steps : 5950, Gen Loss Total : 449.033, Amplitude Loss : 0.481, Instantaneous Phase Loss : 1.506, Group Delay Loss : 0.483, Phase Time Difference Loss : 0.704, STFT Consistency Loss : 0.068, Real Part Loss : 0.126, Imaginary Part Loss : 0.122, Mel Spectrogram Loss : 0.489, Mel Spectrogram L2 Loss : 0.537, Commit Loss : 6.884, s/b : 0.216
Steps : 5955, Gen Loss Total : 428.664, Amplitude Loss : 0.436, Instantaneous Phase Loss : 1.508, Group Delay Loss : 0.479, Phase Time Difference Loss : 0.699, STFT Consistency Loss : 0.066, Real Part Loss : 0.111, Imaginary Part Loss : 0.102, Mel Spectrogram Loss : 0.456, Mel Spectrogram L2 Loss : 0.479, Commit Loss : 5.922, s/b : 0.220
Steps : 5960, Gen Loss Total : 415.419, Amplitude Loss : 0.422, Instantaneous Phase Loss : 1.523, Group Delay Loss : 0.481, Phase Time Difference Loss : 0.702, STFT Consistency Loss : 0.033, Real Part Loss : 0.086, Imaginary Part Loss : 0.082, Mel Spectrogram Loss : 0.441, Mel Spectrogram L2 Loss : 0.434, Commit Loss : 5.114, s/b : 0.217
Steps : 5965, Gen Loss Total : 447.090, Amplitude Loss : 0.467, Instantaneous Phase Loss : 1.518, Group Delay Loss : 0.484, Phase Time Difference Loss : 0.705, STFT Consistency Loss : 0.096, Real Part Loss : 0.138, Imaginary Part Loss : 0.134, Mel Spectrogram Loss : 0.468, Mel Spectrogram L2 Loss : 0.516, Commit Loss : 6.591, s/b : 0.232
Steps : 5970, Gen Loss Total : 450.816, Amplitude Loss : 0.458, Instantaneous Phase Loss : 1.530, Group Delay Loss : 0.489, Phase Time Difference Loss : 0.712, STFT Consistency Loss : 0.069, Real Part Loss : 0.150, Imaginary Part Loss : 0.145, Mel Spectrogram Loss : 0.477, Mel Spectrogram L2 Loss : 0.519, Commit Loss : 6.542, s/b : 0.229
Steps : 5975, Gen Loss Total : 416.613, Amplitude Loss : 0.389, Instantaneous Phase Loss : 1.516, Group Delay Loss : 0.477, Phase Time Difference Loss : 0.694, STFT Consistency Loss : 0.050, Real Part Loss : 0.091, Imaginary Part Loss : 0.088, Mel Spectrogram Loss : 0.432, Mel Spectrogram L2 Loss : 0.414, Commit Loss : 5.563, s/b : 0.228
Steps : 5980, Gen Loss Total : 421.867, Amplitude Loss : 0.430, Instantaneous Phase Loss : 1.515, Group Delay Loss : 0.480, Phase Time Difference Loss : 0.697, STFT Consistency Loss : 0.075, Real Part Loss : 0.096, Imaginary Part Loss : 0.092, Mel Spectrogram Loss : 0.439, Mel Spectrogram L2 Loss : 0.439, Commit Loss : 5.716, s/b : 0.222
Steps : 5985, Gen Loss Total : 435.312, Amplitude Loss : 0.442, Instantaneous Phase Loss : 1.519, Group Delay Loss : 0.480, Phase Time Difference Loss : 0.702, STFT Consistency Loss : 0.073, Real Part Loss : 0.108, Imaginary Part Loss : 0.103, Mel Spectrogram Loss : 0.479, Mel Spectrogram L2 Loss : 0.509, Commit Loss : 6.062, s/b : 0.237
Steps : 5990, Gen Loss Total : 427.841, Amplitude Loss : 0.444, Instantaneous Phase Loss : 1.510, Group Delay Loss : 0.480, Phase Time Difference Loss : 0.697, STFT Consistency Loss : 0.102, Real Part Loss : 0.125, Imaginary Part Loss : 0.120, Mel Spectrogram Loss : 0.448, Mel Spectrogram L2 Loss : 0.456, Commit Loss : 5.673, s/b : 0.227
Steps : 5995, Gen Loss Total : 428.277, Amplitude Loss : 0.443, Instantaneous Phase Loss : 1.504, Group Delay Loss : 0.481, Phase Time Difference Loss : 0.698, STFT Consistency Loss : 0.083, Real Part Loss : 0.124, Imaginary Part Loss : 0.116, Mel Spectrogram Loss : 0.479, Mel Spectrogram L2 Loss : 0.535, Commit Loss : 5.386, s/b : 0.112
Time taken for epoch 48 is 28 sec

Epoch: 49
Steps : 6000, Gen Loss Total : 421.838, Amplitude Loss : 0.460, Instantaneous Phase Loss : 1.524, Group Delay Loss : 0.481, Phase Time Difference Loss : 0.702, STFT Consistency Loss : 0.084, Real Part Loss : 0.089, Imaginary Part Loss : 0.086, Mel Spectrogram Loss : 0.424, Mel Spectrogram L2 Loss : 0.432, Commit Loss : 5.705, s/b : 0.362
Steps : 6005, Gen Loss Total : 425.111, Amplitude Loss : 0.475, Instantaneous Phase Loss : 1.509, Group Delay Loss : 0.479, Phase Time Difference Loss : 0.696, STFT Consistency Loss : 0.065, Real Part Loss : 0.098, Imaginary Part Loss : 0.093, Mel Spectrogram Loss : 0.450, Mel Spectrogram L2 Loss : 0.477, Commit Loss : 5.680, s/b : 0.228
Steps : 6010, Gen Loss Total : 432.799, Amplitude Loss : 0.414, Instantaneous Phase Loss : 1.527, Group Delay Loss : 0.482, Phase Time Difference Loss : 0.701, STFT Consistency Loss : 0.066, Real Part Loss : 0.111, Imaginary Part Loss : 0.107, Mel Spectrogram Loss : 0.435, Mel Spectrogram L2 Loss : 0.438, Commit Loss : 6.214, s/b : 0.230
Steps : 6015, Gen Loss Total : 423.468, Amplitude Loss : 0.444, Instantaneous Phase Loss : 1.507, Group Delay Loss : 0.479, Phase Time Difference Loss : 0.694, STFT Consistency Loss : 0.079, Real Part Loss : 0.096, Imaginary Part Loss : 0.091, Mel Spectrogram Loss : 0.440, Mel Spectrogram L2 Loss : 0.449, Commit Loss : 5.894, s/b : 0.226
Steps : 6020, Gen Loss Total : 419.018, Amplitude Loss : 0.431, Instantaneous Phase Loss : 1.518, Group Delay Loss : 0.479, Phase Time Difference Loss : 0.696, STFT Consistency Loss : 0.044, Real Part Loss : 0.082, Imaginary Part Loss : 0.078, Mel Spectrogram Loss : 0.464, Mel Spectrogram L2 Loss : 0.487, Commit Loss : 5.462, s/b : 0.222
Steps : 6025, Gen Loss Total : 439.988, Amplitude Loss : 0.471, Instantaneous Phase Loss : 1.509, Group Delay Loss : 0.481, Phase Time Difference Loss : 0.705, STFT Consistency Loss : 0.095, Real Part Loss : 0.119, Imaginary Part Loss : 0.112, Mel Spectrogram Loss : 0.471, Mel Spectrogram L2 Loss : 0.517, Commit Loss : 6.226, s/b : 0.219
Steps : 6030, Gen Loss Total : 429.069, Amplitude Loss : 0.434, Instantaneous Phase Loss : 1.510, Group Delay Loss : 0.479, Phase Time Difference Loss : 0.696, STFT Consistency Loss : 0.089, Real Part Loss : 0.121, Imaginary Part Loss : 0.114, Mel Spectrogram Loss : 0.430, Mel Spectrogram L2 Loss : 0.435, Commit Loss : 6.136, s/b : 0.215
Steps : 6035, Gen Loss Total : 445.629, Amplitude Loss : 0.460, Instantaneous Phase Loss : 1.512, Group Delay Loss : 0.482, Phase Time Difference Loss : 0.699, STFT Consistency Loss : 0.064, Real Part Loss : 0.124, Imaginary Part Loss : 0.118, Mel Spectrogram Loss : 0.481, Mel Spectrogram L2 Loss : 0.514, Commit Loss : 6.771, s/b : 0.220
Steps : 6040, Gen Loss Total : 429.490, Amplitude Loss : 0.421, Instantaneous Phase Loss : 1.518, Group Delay Loss : 0.479, Phase Time Difference Loss : 0.697, STFT Consistency Loss : 0.064, Real Part Loss : 0.128, Imaginary Part Loss : 0.123, Mel Spectrogram Loss : 0.442, Mel Spectrogram L2 Loss : 0.440, Commit Loss : 6.177, s/b : 0.218
Steps : 6045, Gen Loss Total : 424.035, Amplitude Loss : 0.454, Instantaneous Phase Loss : 1.522, Group Delay Loss : 0.478, Phase Time Difference Loss : 0.693, STFT Consistency Loss : 0.035, Real Part Loss : 0.074, Imaginary Part Loss : 0.074, Mel Spectrogram Loss : 0.435, Mel Spectrogram L2 Loss : 0.454, Commit Loss : 5.951, s/b : 0.256
Steps : 6050, Gen Loss Total : 452.347, Amplitude Loss : 0.472, Instantaneous Phase Loss : 1.504, Group Delay Loss : 0.482, Phase Time Difference Loss : 0.701, STFT Consistency Loss : 0.070, Real Part Loss : 0.153, Imaginary Part Loss : 0.149, Mel Spectrogram Loss : 0.498, Mel Spectrogram L2 Loss : 0.539, Commit Loss : 6.774, s/b : 0.228
Steps : 6055, Gen Loss Total : 435.735, Amplitude Loss : 0.449, Instantaneous Phase Loss : 1.504, Group Delay Loss : 0.474, Phase Time Difference Loss : 0.691, STFT Consistency Loss : 0.044, Real Part Loss : 0.082, Imaginary Part Loss : 0.077, Mel Spectrogram Loss : 0.476, Mel Spectrogram L2 Loss : 0.507, Commit Loss : 6.623, s/b : 0.235
Steps : 6060, Gen Loss Total : 468.103, Amplitude Loss : 0.438, Instantaneous Phase Loss : 1.501, Group Delay Loss : 0.484, Phase Time Difference Loss : 0.703, STFT Consistency Loss : 0.100, Real Part Loss : 0.192, Imaginary Part Loss : 0.190, Mel Spectrogram Loss : 0.473, Mel Spectrogram L2 Loss : 0.493, Commit Loss : 8.063, s/b : 0.236
Steps : 6065, Gen Loss Total : 433.753, Amplitude Loss : 0.432, Instantaneous Phase Loss : 1.507, Group Delay Loss : 0.483, Phase Time Difference Loss : 0.702, STFT Consistency Loss : 0.089, Real Part Loss : 0.118, Imaginary Part Loss : 0.110, Mel Spectrogram Loss : 0.454, Mel Spectrogram L2 Loss : 0.456, Commit Loss : 6.344, s/b : 0.222
Steps : 6070, Gen Loss Total : 442.065, Amplitude Loss : 0.426, Instantaneous Phase Loss : 1.515, Group Delay Loss : 0.481, Phase Time Difference Loss : 0.701, STFT Consistency Loss : 0.110, Real Part Loss : 0.141, Imaginary Part Loss : 0.135, Mel Spectrogram Loss : 0.445, Mel Spectrogram L2 Loss : 0.449, Commit Loss : 6.780, s/b : 0.222
Steps : 6075, Gen Loss Total : 452.559, Amplitude Loss : 0.469, Instantaneous Phase Loss : 1.499, Group Delay Loss : 0.478, Phase Time Difference Loss : 0.698, STFT Consistency Loss : 0.107, Real Part Loss : 0.150, Imaginary Part Loss : 0.148, Mel Spectrogram Loss : 0.479, Mel Spectrogram L2 Loss : 0.514, Commit Loss : 7.179, s/b : 0.218
Steps : 6080, Gen Loss Total : 433.616, Amplitude Loss : 0.433, Instantaneous Phase Loss : 1.519, Group Delay Loss : 0.481, Phase Time Difference Loss : 0.700, STFT Consistency Loss : 0.119, Real Part Loss : 0.110, Imaginary Part Loss : 0.103, Mel Spectrogram Loss : 0.434, Mel Spectrogram L2 Loss : 0.434, Commit Loss : 6.446, s/b : 0.223
Steps : 6085, Gen Loss Total : 431.601, Amplitude Loss : 0.451, Instantaneous Phase Loss : 1.495, Group Delay Loss : 0.482, Phase Time Difference Loss : 0.699, STFT Consistency Loss : 0.044, Real Part Loss : 0.111, Imaginary Part Loss : 0.104, Mel Spectrogram Loss : 0.502, Mel Spectrogram L2 Loss : 0.547, Commit Loss : 5.817, s/b : 0.227
Steps : 6090, Gen Loss Total : 428.936, Amplitude Loss : 0.448, Instantaneous Phase Loss : 1.513, Group Delay Loss : 0.478, Phase Time Difference Loss : 0.698, STFT Consistency Loss : 0.074, Real Part Loss : 0.108, Imaginary Part Loss : 0.103, Mel Spectrogram Loss : 0.462, Mel Spectrogram L2 Loss : 0.485, Commit Loss : 5.875, s/b : 0.181
Steps : 6095, Gen Loss Total : 427.933, Amplitude Loss : 0.447, Instantaneous Phase Loss : 1.506, Group Delay Loss : 0.477, Phase Time Difference Loss : 0.692, STFT Consistency Loss : 0.052, Real Part Loss : 0.094, Imaginary Part Loss : 0.090, Mel Spectrogram Loss : 0.475, Mel Spectrogram L2 Loss : 0.497, Commit Loss : 5.954, s/b : 0.284
Steps : 6100, Gen Loss Total : 408.057, Amplitude Loss : 0.423, Instantaneous Phase Loss : 1.527, Group Delay Loss : 0.483, Phase Time Difference Loss : 0.697, STFT Consistency Loss : 0.036, Real Part Loss : 0.069, Imaginary Part Loss : 0.066, Mel Spectrogram Loss : 0.442, Mel Spectrogram L2 Loss : 0.453, Commit Loss : 4.642, s/b : 0.231
Steps : 6105, Gen Loss Total : 423.952, Amplitude Loss : 0.438, Instantaneous Phase Loss : 1.513, Group Delay Loss : 0.478, Phase Time Difference Loss : 0.700, STFT Consistency Loss : 0.056, Real Part Loss : 0.106, Imaginary Part Loss : 0.101, Mel Spectrogram Loss : 0.455, Mel Spectrogram L2 Loss : 0.460, Commit Loss : 5.518, s/b : 0.211
Steps : 6110, Gen Loss Total : 436.179, Amplitude Loss : 0.445, Instantaneous Phase Loss : 1.507, Group Delay Loss : 0.484, Phase Time Difference Loss : 0.707, STFT Consistency Loss : 0.092, Real Part Loss : 0.152, Imaginary Part Loss : 0.148, Mel Spectrogram Loss : 0.478, Mel Spectrogram L2 Loss : 0.495, Commit Loss : 5.803, s/b : 0.223
Steps : 6115, Gen Loss Total : 428.388, Amplitude Loss : 0.424, Instantaneous Phase Loss : 1.495, Group Delay Loss : 0.475, Phase Time Difference Loss : 0.689, STFT Consistency Loss : 0.116, Real Part Loss : 0.110, Imaginary Part Loss : 0.102, Mel Spectrogram Loss : 0.457, Mel Spectrogram L2 Loss : 0.465, Commit Loss : 6.310, s/b : 0.237
Steps : 6120, Gen Loss Total : 417.373, Amplitude Loss : 0.396, Instantaneous Phase Loss : 1.512, Group Delay Loss : 0.479, Phase Time Difference Loss : 0.696, STFT Consistency Loss : 0.066, Real Part Loss : 0.099, Imaginary Part Loss : 0.095, Mel Spectrogram Loss : 0.430, Mel Spectrogram L2 Loss : 0.415, Commit Loss : 5.657, s/b : 0.116
Time taken for epoch 49 is 28 sec

Epoch: 50
Steps : 6125, Gen Loss Total : 447.321, Amplitude Loss : 0.487, Instantaneous Phase Loss : 1.514, Group Delay Loss : 0.485, Phase Time Difference Loss : 0.705, STFT Consistency Loss : 0.053, Real Part Loss : 0.099, Imaginary Part Loss : 0.094, Mel Spectrogram Loss : 0.490, Mel Spectrogram L2 Loss : 0.534, Commit Loss : 6.988, s/b : 0.384
Steps : 6130, Gen Loss Total : 422.622, Amplitude Loss : 0.423, Instantaneous Phase Loss : 1.524, Group Delay Loss : 0.481, Phase Time Difference Loss : 0.697, STFT Consistency Loss : 0.041, Real Part Loss : 0.072, Imaginary Part Loss : 0.068, Mel Spectrogram Loss : 0.454, Mel Spectrogram L2 Loss : 0.459, Commit Loss : 5.775, s/b : 0.191
Steps : 6135, Gen Loss Total : 436.085, Amplitude Loss : 0.405, Instantaneous Phase Loss : 1.512, Group Delay Loss : 0.478, Phase Time Difference Loss : 0.697, STFT Consistency Loss : 0.064, Real Part Loss : 0.106, Imaginary Part Loss : 0.104, Mel Spectrogram Loss : 0.445, Mel Spectrogram L2 Loss : 0.440, Commit Loss : 6.896, s/b : 0.223
Steps : 6140, Gen Loss Total : 420.951, Amplitude Loss : 0.408, Instantaneous Phase Loss : 1.515, Group Delay Loss : 0.484, Phase Time Difference Loss : 0.707, STFT Consistency Loss : 0.040, Real Part Loss : 0.098, Imaginary Part Loss : 0.093, Mel Spectrogram Loss : 0.427, Mel Spectrogram L2 Loss : 0.423, Commit Loss : 5.717, s/b : 0.218
Steps : 6145, Gen Loss Total : 406.193, Amplitude Loss : 0.390, Instantaneous Phase Loss : 1.520, Group Delay Loss : 0.475, Phase Time Difference Loss : 0.690, STFT Consistency Loss : 0.030, Real Part Loss : 0.064, Imaginary Part Loss : 0.061, Mel Spectrogram Loss : 0.408, Mel Spectrogram L2 Loss : 0.383, Commit Loss : 5.294, s/b : 0.241
Steps : 6150, Gen Loss Total : 431.134, Amplitude Loss : 0.421, Instantaneous Phase Loss : 1.517, Group Delay Loss : 0.480, Phase Time Difference Loss : 0.700, STFT Consistency Loss : 0.050, Real Part Loss : 0.101, Imaginary Part Loss : 0.095, Mel Spectrogram Loss : 0.452, Mel Spectrogram L2 Loss : 0.461, Commit Loss : 6.270, s/b : 0.233
Steps : 6155, Gen Loss Total : 434.021, Amplitude Loss : 0.415, Instantaneous Phase Loss : 1.505, Group Delay Loss : 0.483, Phase Time Difference Loss : 0.701, STFT Consistency Loss : 0.157, Real Part Loss : 0.157, Imaginary Part Loss : 0.154, Mel Spectrogram Loss : 0.445, Mel Spectrogram L2 Loss : 0.440, Commit Loss : 6.060, s/b : 0.244
Steps : 6160, Gen Loss Total : 415.103, Amplitude Loss : 0.424, Instantaneous Phase Loss : 1.513, Group Delay Loss : 0.479, Phase Time Difference Loss : 0.697, STFT Consistency Loss : 0.070, Real Part Loss : 0.092, Imaginary Part Loss : 0.089, Mel Spectrogram Loss : 0.427, Mel Spectrogram L2 Loss : 0.427, Commit Loss : 5.257, s/b : 0.230
Steps : 6165, Gen Loss Total : 428.346, Amplitude Loss : 0.416, Instantaneous Phase Loss : 1.506, Group Delay Loss : 0.478, Phase Time Difference Loss : 0.697, STFT Consistency Loss : 0.065, Real Part Loss : 0.112, Imaginary Part Loss : 0.109, Mel Spectrogram Loss : 0.445, Mel Spectrogram L2 Loss : 0.439, Commit Loss : 6.140, s/b : 0.228
Steps : 6170, Gen Loss Total : 447.849, Amplitude Loss : 0.446, Instantaneous Phase Loss : 1.501, Group Delay Loss : 0.482, Phase Time Difference Loss : 0.701, STFT Consistency Loss : 0.105, Real Part Loss : 0.165, Imaginary Part Loss : 0.159, Mel Spectrogram Loss : 0.471, Mel Spectrogram L2 Loss : 0.491, Commit Loss : 6.672, s/b : 0.316
Steps : 6175, Gen Loss Total : 426.538, Amplitude Loss : 0.423, Instantaneous Phase Loss : 1.513, Group Delay Loss : 0.481, Phase Time Difference Loss : 0.695, STFT Consistency Loss : 0.068, Real Part Loss : 0.092, Imaginary Part Loss : 0.087, Mel Spectrogram Loss : 0.431, Mel Spectrogram L2 Loss : 0.427, Commit Loss : 6.256, s/b : 0.224
Steps : 6180, Gen Loss Total : 402.826, Amplitude Loss : 0.393, Instantaneous Phase Loss : 1.526, Group Delay Loss : 0.478, Phase Time Difference Loss : 0.696, STFT Consistency Loss : 0.031, Real Part Loss : 0.075, Imaginary Part Loss : 0.074, Mel Spectrogram Loss : 0.410, Mel Spectrogram L2 Loss : 0.391, Commit Loss : 4.735, s/b : 0.236
Steps : 6185, Gen Loss Total : 436.121, Amplitude Loss : 0.465, Instantaneous Phase Loss : 1.500, Group Delay Loss : 0.479, Phase Time Difference Loss : 0.697, STFT Consistency Loss : 0.092, Real Part Loss : 0.121, Imaginary Part Loss : 0.116, Mel Spectrogram Loss : 0.472, Mel Spectrogram L2 Loss : 0.498, Commit Loss : 6.184, s/b : 0.254
Steps : 6190, Gen Loss Total : 441.677, Amplitude Loss : 0.463, Instantaneous Phase Loss : 1.495, Group Delay Loss : 0.481, Phase Time Difference Loss : 0.700, STFT Consistency Loss : 0.080, Real Part Loss : 0.135, Imaginary Part Loss : 0.132, Mel Spectrogram Loss : 0.466, Mel Spectrogram L2 Loss : 0.486, Commit Loss : 6.696, s/b : 0.229
Steps : 6195, Gen Loss Total : 420.495, Amplitude Loss : 0.403, Instantaneous Phase Loss : 1.511, Group Delay Loss : 0.478, Phase Time Difference Loss : 0.693, STFT Consistency Loss : 0.050, Real Part Loss : 0.077, Imaginary Part Loss : 0.074, Mel Spectrogram Loss : 0.419, Mel Spectrogram L2 Loss : 0.400, Commit Loss : 6.211, s/b : 0.223
Steps : 6200, Gen Loss Total : 440.789, Amplitude Loss : 0.459, Instantaneous Phase Loss : 1.508, Group Delay Loss : 0.478, Phase Time Difference Loss : 0.698, STFT Consistency Loss : 0.073, Real Part Loss : 0.122, Imaginary Part Loss : 0.118, Mel Spectrogram Loss : 0.469, Mel Spectrogram L2 Loss : 0.499, Commit Loss : 6.593, s/b : 0.215
Steps : 6205, Gen Loss Total : 420.285, Amplitude Loss : 0.417, Instantaneous Phase Loss : 1.500, Group Delay Loss : 0.479, Phase Time Difference Loss : 0.697, STFT Consistency Loss : 0.053, Real Part Loss : 0.096, Imaginary Part Loss : 0.091, Mel Spectrogram Loss : 0.439, Mel Spectrogram L2 Loss : 0.438, Commit Loss : 5.844, s/b : 0.221
Steps : 6210, Gen Loss Total : 425.077, Amplitude Loss : 0.415, Instantaneous Phase Loss : 1.517, Group Delay Loss : 0.483, Phase Time Difference Loss : 0.700, STFT Consistency Loss : 0.065, Real Part Loss : 0.104, Imaginary Part Loss : 0.098, Mel Spectrogram Loss : 0.453, Mel Spectrogram L2 Loss : 0.453, Commit Loss : 5.810, s/b : 0.214
Steps : 6215, Gen Loss Total : 437.194, Amplitude Loss : 0.442, Instantaneous Phase Loss : 1.494, Group Delay Loss : 0.480, Phase Time Difference Loss : 0.698, STFT Consistency Loss : 0.104, Real Part Loss : 0.137, Imaginary Part Loss : 0.132, Mel Spectrogram Loss : 0.417, Mel Spectrogram L2 Loss : 0.433, Commit Loss : 6.799, s/b : 0.221
Steps : 6220, Gen Loss Total : 419.082, Amplitude Loss : 0.420, Instantaneous Phase Loss : 1.530, Group Delay Loss : 0.484, Phase Time Difference Loss : 0.704, STFT Consistency Loss : 0.064, Real Part Loss : 0.108, Imaginary Part Loss : 0.105, Mel Spectrogram Loss : 0.427, Mel Spectrogram L2 Loss : 0.430, Commit Loss : 5.310, s/b : 0.217
Steps : 6225, Gen Loss Total : 416.845, Amplitude Loss : 0.413, Instantaneous Phase Loss : 1.523, Group Delay Loss : 0.481, Phase Time Difference Loss : 0.696, STFT Consistency Loss : 0.036, Real Part Loss : 0.079, Imaginary Part Loss : 0.077, Mel Spectrogram Loss : 0.444, Mel Spectrogram L2 Loss : 0.440, Commit Loss : 5.454, s/b : 0.229
Steps : 6230, Gen Loss Total : 412.148, Amplitude Loss : 0.409, Instantaneous Phase Loss : 1.524, Group Delay Loss : 0.481, Phase Time Difference Loss : 0.698, STFT Consistency Loss : 0.029, Real Part Loss : 0.078, Imaginary Part Loss : 0.076, Mel Spectrogram Loss : 0.433, Mel Spectrogram L2 Loss : 0.419, Commit Loss : 5.171, s/b : 0.224
Steps : 6235, Gen Loss Total : 426.114, Amplitude Loss : 0.443, Instantaneous Phase Loss : 1.513, Group Delay Loss : 0.478, Phase Time Difference Loss : 0.695, STFT Consistency Loss : 0.078, Real Part Loss : 0.105, Imaginary Part Loss : 0.101, Mel Spectrogram Loss : 0.440, Mel Spectrogram L2 Loss : 0.444, Commit Loss : 5.940, s/b : 0.302
Steps : 6240, Gen Loss Total : 412.048, Amplitude Loss : 0.405, Instantaneous Phase Loss : 1.507, Group Delay Loss : 0.478, Phase Time Difference Loss : 0.696, STFT Consistency Loss : 0.024, Real Part Loss : 0.066, Imaginary Part Loss : 0.063, Mel Spectrogram Loss : 0.416, Mel Spectrogram L2 Loss : 0.398, Commit Loss : 5.668, s/b : 0.237
Steps : 6245, Gen Loss Total : 400.554, Amplitude Loss : 0.397, Instantaneous Phase Loss : 1.517, Group Delay Loss : 0.475, Phase Time Difference Loss : 0.689, STFT Consistency Loss : 0.033, Real Part Loss : 0.050, Imaginary Part Loss : 0.047, Mel Spectrogram Loss : 0.402, Mel Spectrogram L2 Loss : 0.377, Commit Loss : 5.004, s/b : 0.117
Time taken for epoch 50 is 28 sec

